word,phonetic,pos,meaning,example,example_zh
a,,art.,一（个）；每一（个）,,
abandon,,v.,丢弃；放弃，抛弃,,
ability,ə'bɪləti,n.,能力；才能,She has the ability to solve difficult problems.,她有解决难题的能力。
able,,adj.,有能力的；出色的,,
abnormal,,adj.,不正常的；变态的,,
aboard,,adv.,在船（车）上；上船,,
abolish,,v.,废除，取消,,
abolition,,n.,废除,,
about,,prep.,关于；在…周围,,
above,,prep.,在…上面；高于,,
abroad,ə'brɔːd,adv.,在国外；到国外,She plans to study abroad next year.,她计划明年出国留学。
abruptly,,adv.,突然地,,
absence,,n.,缺席，不在场；缺乏,,
absent,,adj.,缺席的,,
absolute,,adj.,纯粹的；绝对的,,
absolutely,,adv.,完全地；绝对地,,
absorb,əb'zɔːb,v.,吸收；使专注,Plants absorb water and nutrients from the soil.,植物从土壤中吸收水分和养分。
absorption,,n.,吸收；专注,,
abstract,,adj.,抽象的,,
abundance,,n.,丰富，充裕,,
abundant,,adj.,大量的，丰富的,,
abuse,,v.,虐待；滥用,,
abusive,,adj.,辱骂的；滥用的；虐待的,,
academic,ˌækə'demɪk,adj.,学术的；学业的,His academic performance improved greatly.,他的学业成绩大大提高。
academician,,n.,"院士, 大学生",,
academy,,n.,专科院校；私立中学,,
accelerate,,v.,加速,,
acceleration,,n.,加速；加速度,,
accent,,n.,口音，腔调；重音,,
accept,ək'sept,v.,接受；同意,I am happy to accept your invitation.,我很高兴接受你的邀请。
acceptable,,adj.,可接受的，合意的,,
acceptance,,n.,接受，验收；承认,,
access,,v.,获取 n. 接近，入口,,
accessary,,n.,同谋，从犯,,
accessible,,adj.,易接近的,,
accident,'æksɪdənt,n.,事故；意外,He was late because of a traffic accident.,他因为一起交通事故迟到了。
accidental,,adj.,偶然的；非本质的,,
accommodate,,v.,为…提供住宿,,
accommodation,,n.,住处；工作场所,,
accompany,ə'kʌmpəni,v.,陪伴；伴随,Children must be accompanied by an adult.,儿童必须有成人陪同。
accomplish,,v.,完成,,
accomplishment,,n.,"成就, 完成",,
accord,,v.,给予；使一致,,
accordance,,n.,按照某事物,,
according,,adj.,相等的， 一致的， 依…而定的,,
accordingly,,adv.,照着；因此，所以,,
account,ə'kaʊnt,n.,账户；描述 v. 解释,Please explain the account of the event.,请说明这次事件的经过。
accountable,,adj.,应负责的，有责任的,,
accountancy,,n.,会计工作； 会计学,,
accountant,,n.,会计人员， 会计师,,
accounting,,n.,会计学； 会计,,
accumulate,,v.,积累，增加,,
accumulation,,n.,"积聚,堆积物",,
accuracy,,n.,准确（性）；准确度,,
accurate,'ækjərət,adj.,准确的；精确的,The report gave an accurate picture of the situation.,这份报告准确地描述了情况。
accusation,,n.,谴责； 【律】 指控,,
accuse,,v.,指责；归咎于,,
accustom,,v.,使习惯,,
accustomed,,adj.,惯常的；习惯的,,
ache,,v.,痛 n. 疼痛,,
achieve,ə'tʃiːv,v.,实现；达到,You can achieve your goal through hard work.,通过努力你可以实现目标。
achievement,,n.,成就，成绩；完成,,
acid,,n.,酸 adj. 酸的；酸性的,,
acidity,,n.,"酸度, 酸性, [医]酸过多, 胃酸过多",,
acknowledge,,v.,承认(…的权威),,
acquaint,,vt.,使认识， 使了解,,
acquaintance,,n.,熟人；认识；了解,,
acquire,ə'kwaɪə,v.,获得；学到,Children acquire language quickly.,儿童学语言很快。
acquisition,,n.,取得， 获得， 习得； 获得物， 增添的人,,
acre,,n.,英亩,,
across,,prep.,横过；在…对面,,
act,,v.,行动；见效 n. 行为,,
acting,,adj.,代理的 n. 演戏， 表演,,
action,,n.,行动；作用；功能,,
active,,adj.,活跃的；积极的,,
activist,,n.,"激进主义分子, 行动主义分子",,
activity,,n.,活动；活力；行动,,
actor,,n.,演剧的人,,
actress,,n.,女演员,,
actual,,adj.,实际的,,
actually,,adv.,实际上；竟然,,
acute,,adj.,敏锐的,,
ad,,n.,广告,,
adapt,ə'dæpt,v.,适应；改编,It takes time to adapt to a new city.,适应新城市需要时间。
adaptation,,n.,改编版；适应,,
adaptive,,adj.,"适合的, 适应的",,
add,,v.,添加，附加，掺加,,
addict,,n.,吸毒上瘾者；对…着迷的人,,
addiction,,n.,上瘾,,
addictive,,adj.,使人上瘾的； 使人沉醉的， 醉心的,,
addition,,n.,附加物；加，加法,,
additional,,adj.,额外的,,
address,,v.,解决,,
adequacy,,n.,"适当, 足够",,
adequate,,adj.,足够的,,
adjective,,n.,形容词,,
adjust,ə'dʒʌst,v.,调整；适应,He adjusted the camera before taking the photo.,拍照前他调整了相机。
adjustment,,n.,"调整, 调节",,
administer,,v.,管理；执行；给予,,
administration,,n.,管理；〔某一时期的〕政府,,
administrative,,adj.,管理的,,
admirable,,adj.,"令人钦佩的,令人赞赏的",,
admiration,,n.,钦佩，称赞,,
admire,əd'maɪə,v.,钦佩；欣赏,I admire her courage and honesty.,我钦佩她的勇气和诚实。
admission,,n.,承认；准许进(加)入；入场费,,
admit,əd'mɪt,v.,承认；准许进入,He admitted that he had made a mistake.,他承认自己犯了错误。
admittance,,n.,进入；入场权；通道,,
admittedly,,adv.,"不可否认的, 公认地",,
adopt,ə'dɒpt,v.,采用；收养,The company adopted a new policy.,公司采用了新政策。
adoption,,n.,收养；采纳，采取,,
adoptive,,adj.,收养关系的； 采用的,,
adult,,n.,成年人 adj. 成年的,,
adulthood,,n.,成人期,,
advance,əd'vɑːns,v./n.,前进；进展；预付,Medical science has advanced greatly.,医学科学取得了很大进步。
advanced,,adj.,高级的,,
advancement,,n.,进步，提升,,
advantage,əd'vɑːntɪdʒ,n.,优势；有利条件,Speaking English gives you an advantage in job interviews.,会说英语让你在求职面试中占优势。
advantageous,,adj.,有利的，有助的,,
adventure,əd'ventʃə,n.,冒险；奇遇,Their trip to the mountains was a real adventure.,他们的山区之行是一次真正的冒险。
adventurer,,n.,冒险者,,
adventurous,,adj.,冒险的；惊险的,,
adverb,,n.,副词,,
adversity,,n.,逆境，不幸,,
advertise,,vt.,为…做广告， 宣传； 公告； 登广告,,
advertisement,,n.,广告,,
advice,,n.,建议,,
advisable,,adj.,明智的；可取的,,
advise,,v.,劝告；建议；通知,,
adviser,,n.,"顾问,",,
advisory,,n.,报告，警告,,
advocacy,,n.,主张；拥护；辩护,,
advocate,,v.,倡导 n. 提倡者，拥护者，鼓吹者,,
advocator,,n.,主张者，倡导者,,
aerial,,adj.,空气的；航空的,,
aeroplane,,n.,飞机,,
affair,ə'feə,n.,事务；事情,The meeting dealt with foreign affairs.,这次会议讨论外交事务。
affect,,v.,影响；感动,,
affection,,n.,慈爱，爱；爱慕,,
affectionate,,adj.,深情的，柔情的,,
affirm,,v.,断言，声明,,
affirmation,,n.,断言，肯定,,
affluence,,n.,富裕；丰富；流入；汇聚,,
affluent,,adj.,富裕的；丰富的；流畅的 n. 支流；富人,,
afford,ə'fɔːd,v.,负担得起,We cannot afford to waste time.,我们浪费不起时间。
affordable,,adj.,负担得起的,,
afraid,,adj.,害怕的；担心的,,
africa,,n.,非洲,,
african,,adj.,非洲的 n. 非洲人,,
after,,prep.,在…以后；次于,,
afternoon,,n.,下午，午后,,
afterward,,adv.,后来，以后,,
again,,adv.,又一次；而且,,
against,,prep.,倚在；逆，对着,,
age,,n.,年龄；时代 v. 变老,,
agency,'eɪdʒənsi,n.,机构；代理处,She works for a travel agency.,她在一家旅行社工作。
agenda,,n.,议事日程,,
agent,'eɪdʒənt,n.,代理人；经纪人,The real estate agent showed us several houses.,房产经纪人带我们看了几套房子。
aggression,,n.,"进攻,侵略",,
aggressive,ə'ɡresɪv,adj.,好斗的；积极进取的,An aggressive salesperson pushed me to buy.,一位咄咄逼人的销售员催我购买。
ago,,adv.,以前,,
agony,,n.,极度痛苦,,
agree,,v.,同意；持相同意见,,
agreeable,,adj.,惬意的；同意的,,
agreement,,n.,协定，协议；同意,,
agricultural,,adj.,农业的,,
agriculture,,n.,农业，农艺；农学,,
ahead,,adv.,向前；在前；提前,,
aid,,n.,帮助；助手；救护,,
aim,,v.,瞄准；针对；致力,,
air,,n.,空气；空中,,
aircraft,'eəkrɑːft,n.,飞机；航空器,The aircraft landed safely in heavy rain.,飞机在大雨中安全着陆。
airline,,n.,航空公司,,
airplane,,n.,飞机,,
airport,,n.,机场，航空站,,
aisle,,n.,过道， 通道,,
alarm,ə'lɑːm,n./v.,警报；使惊慌,The fire alarm went off at midnight.,午夜时分火警响了起来。
album,,n.,粘贴簿，集邮簿，册,,
alcohol,,n.,酒精,,
alert,,v.,提醒；使〔某人〕意识到 adj. 机警的,,
algebra,,n.,代数学,,
alike,,adj.,相像；十分相似,,
alive,,adj.,活着的；活跃的,,
all,,,det. 全部的 pron. 全部,,
allege,,vt.,断言， 宣称， 硬说,,
alleged,,adj.,所谓的；声称的；被断言的 v. 宣称（allege的过去式和过去分词）；断言,,
allegedly,,adv.,据说,,
alley,,n.,小巷；小路；小径,,
alliance,,n.,结盟， 联盟,,
allocate,,vt.,分配， 分派， 把…拨给,,
allow,,v.,允许，准许；任,,
allowance,,n.,津贴， 补贴； 零用钱,,
alloy,,n.,合金；（金属的）成色,,
ally,,v.,结盟， 联合 n. 同盟国， 同盟者； 支持者,,
almost,,adv.,几乎，差不多,,
alone,,adj.,单独的 adv. 单独地,,
along,,prep.,沿着 adv. 向前,,
alongside,,adv.,在旁边，沿着边，并排地 prep. 在…旁边， 沿着…的边； 和…在一起,,
aloud,,adv.,出声地；大声地,,
alphabet,,n.,字母表，字母系统,,
already,,adv.,早已，已经,,
also,,adv.,而且，还；亦，也,,
alter,'ɔːltə,v.,改变；改动,The plan has been altered to save time.,为了节省时间，计划做了改动。
alteration,,n.,变更，改变,,
alternative,ɔːl'tɜːnətɪv,n./adj.,替代方案；可供选择的,Walking is a healthy alternative to driving.,步行是开车之外的健康选择。
although,,conj.,尽管，虽然,,
altitude,,n.,"海拔, 高度",,
altogether,,adv.,完全；总而言之,,
aluminium,,n.,铝,,
aluminum,,n.,铝,,
always,,adv.,总是，一直；永远,,
amateur,,adj.,业余爱好的， 业余的； 外行的 n. 业余爱好者；外行,,
amaze,ə'meɪz,v.,使惊奇；使惊叹,Her talent amazed everyone in the room.,她的才华让在场所有人都惊叹。
amazement,,n.,"惊愕, 惊异",,
ambassador,,n.,大使， 使节， 派驻国际组织的代表,,
ambition,æm'bɪʃən,n.,雄心；抱负,His ambition is to become a doctor.,他的抱负是成为一名医生。
ambitious,,adj.,有雄心的，野心勃勃的,,
ambulance,,n.,救护车,,
america,,n.,美洲；美国,,
american,,adj.,美洲的 n. 美国人,,
amid,,prep.,在…中间， 在…之中， 被…围绕,,
among,,prep.,在…之中,,
amongst,,prep.,在…之中（among）,,
amount,ə'maʊnt,n.,数量；总额,A large amount of money was spent on the project.,这个项目花了一大笔钱。
ampere,,n.,安培,,
ample,,adj.,足够的；宽敞的,,
amplify,,v.,放大，扩大；增强,,
amuse,,v.,逗…乐；给…娱乐,,
amusement,,n.,乐趣；娱乐，消遣,,
amusing,,adj.,有趣的，好玩儿的,,
analyse,,v.,分析，分解，解析,,
analysis,,n.,分析，分解，解析,,
analyst,,n.,"分析家, 分解者",,
analytic,,adj.,分析的；解析的；善于分析的,,
analyze,'ænəlaɪz,v.,分析,Scientists analyzed the data carefully.,科学家们仔细分析了数据。
ancestor,,n.,祖宗，祖先,,
ancestry,,n.,"祖先(集合称), 血统",,
anchor,,n.,锚 v. 抛锚，停泊,,
ancient,'eɪnʃənt,adj.,古代的；古老的,They visited an ancient temple.,他们参观了一座古庙。
and,,conj.,和，又，并；则，那么,,
anew,,adv.,"重新, 再",,
angel,,n.,天使；安琪儿，天使〔指仁慈、善良或美丽的人〕,,
anger,,n.,怒，愤怒 v. 使发怒,,
angle,,n.,角，角度,,
angry,,adj.,愤怒的，生气的,,
animal,,n.,动物，兽 adj. 兽欲/动物本能等（animal urges/instincts）,,
ankle,,n.,踝，踝节部,,
anniversary,,n.,周年纪念日,,
announce,ə'naʊns,v.,宣布；通告,The teacher announced the exam results.,老师公布了考试成绩。
announcer,,n.,播音员,,
annoy,,v.,使反感，厌烦,,
annual,'ænjuəl,adj.,每年的；年度的,The annual meeting will be held in May.,年度会议将于五月举行。
annually,,adv.,每年，一年一次,,
anonymous,,adj.,匿名的； 无名的； 无特色的,,
another,,,det. 再一个的；别的,,
answer,,v.,回答；响应,,
ant,,n.,蚂蚁,,
anticipate,,v.,预感,,
antique,,n.,古玩，古董,,
anxiety,,n.,焦虑，忧虑；渴望,,
anxious,'æŋkʃəs,adj.,焦虑的；渴望的,She felt anxious before the interview.,面试前她感到焦虑。
any,,adj.,什么，一些；任何的,,
anybody,,pron.,任何人,,
anyhow,,adv.,无论如何,,
anyone,,pron.,任何人,,
anything,,pron.,任何事物；一切,,
anyway,,adv.,无论如何,,
anywhere,,adv.,在什么地方,,
apart,,adv.,相隔；分开；除去,,
apartment,,n.,公寓,,
apologise,,v.,"(to,for)道歉，认错",,
apologize,ə'pɒlədʒaɪz,v.,道歉,He apologized for being late.,他为迟到道歉。
apology,,n.,道歉，认错，谢罪,,
apparatus,,n.,器械，仪器；器官,,
apparent,,adj.,明显的；表面上的,,
appeal,,n.,呼吁 v. 吸引；呼吁；恳请，恳求,,
appealing,,adj.,吸引人的,,
appear,ə'pɪə,v.,出现；似乎,A rainbow appeared after the rain.,雨后出现了彩虹。
appearance,,n.,"外表, 外观；出现",,
appetite,,n.,"欲望, 胃口",,
applaud,,v.,鼓掌；喝彩,,
applause,,n.,鼓掌， 掌声,,
apple,,n.,苹果,,
appliance,,n.,用具，器具，器械,,
applicable,,adj.,能应用的；适当的,,
applicant,,n.,申请人,,
application,,n.,申请；应用,,
apply,ə'plaɪ,v.,申请；应用；涂,She applied for a position in the bank.,她申请了银行的一个职位。
appoint,ə'pɔɪnt,v.,任命；约定,The manager appointed her as team leader.,经理任命她为团队负责人。
appointment,,n.,约会,,
appreciate,ə'priːʃieɪt,v.,感激；欣赏；理解,I really appreciate your help.,我非常感激你的帮助。
appreciation,,n.,感激,,
appreciative,,adj.,表示赞赏的，感谢的,,
approach,ə'prəʊtʃ,v./n.,接近；方法,We need a new approach to this problem.,我们需要用新方法解决这个问题。
appropriate,,adj.,适当的，恰当的,,
approval,,n.,批准，认可；赞成，同意,,
approve,ə'pruːv,v.,赞成；批准,The committee approved the proposal.,委员会批准了这项提议。
approximate,,adj.,近似的 v. 近似,,
approximately,,adv.,大约,,
approximation,,n.,接近； 近似值,,
april,,n.,四月,,
aptitude,,n.,适合， 恰当； 天资， 才能， 资质,,
arabian,,adj.,阿拉伯的,,
arbitrary,,adj.,随心所欲的；专断的,,
architect,,n.,建筑师,,
architecture,,n.,建筑式样；建筑学,,
archive,,n.,档案馆，档案室；档案,,
area,,n.,地区；面积；领域,,
arguable,,adj.,可论证的；可议的；可疑的,,
argue,'ɑːɡjuː,v.,争论；主张,They argued about which movie to watch.,他们争论该看哪部电影。
argument,,n.,争论，辩论；理由,,
argumentation,,n.,论证；争论；辩论,,
arise,,v.,出现；由…引起,,
arithmetic,,n.,算术；四则运算,,
arm,,n.,臂；臂状物；武器,,
army,,n.,军队；陆军,,
around,,prep.,在…周围,,
arousal,,n.,"觉醒, 激励",,
arouse,,v.,引起，唤起；唤醒,,
arrange,ə'reɪndʒ,v.,安排；整理,I have arranged a meeting for tomorrow.,我已经安排了明天的会议。
arrangement,,n.,安排；整理，排列,,
arrest,,v.,逮捕,,
arrival,,n.,到达；到来；到达者,,
arrive,,v.,到达；来临；达到,,
arrow,,n.,箭；箭状物；〔指示方向的〕箭号，箭头（符号）,,
art,,n.,艺术，美术；技术,,
article,'ɑːtɪkl,n.,文章；物品；冠词,She wrote an article about climate change.,她写了一篇关于气候变化的文章。
artificial,ˌɑːtɪ'fɪʃəl,adj.,人工的；人造的,The lake is artificial.,这个湖是人工湖。
artist,,n.,艺术家，美术家,,
artistic,,adj.,艺术的；艺术家的,,
as,,conj.,当…的时候,,
ash,,n.,灰，灰末；骨灰,,
ashamed,,adj.,羞耻的；内疚的；惭愧的,,
ashore,,adv.,在岸上，上岸,,
asia,,n.,亚洲,,
asian,,adj.,亚洲的 n. 亚洲人,,
aside,,adv.,在旁边，到旁边,,
ask,,v.,问；要求；邀请,,
asleep,,adj.,睡着的，睡熟的,,
aspect,'æspekt,n.,方面；外观,Health is an important aspect of life.,健康是生活的重要方面。
ass,,n.,傻瓜，蠢笨的人；驴,,
assemble,,v.,集合；组装；集合,,
assembly,,n.,装配,,
assess,ə'ses,v.,评估；评价,Teachers assess students in many ways.,老师通过多种方式评价学生。
assessment,,n.,评估，评价,,
asset,,n.,有价值的人(或物)资产,,
assign,ə'saɪn,v.,分配；指派,The teacher assigned us a research project.,老师给我们布置了一个研究项目。
assignment,,n.,作业,,
assist,ə'sɪst,v.,帮助；协助,The assistant will assist you with the forms.,助理会协助你填写表格。
assistance,,n.,协助， 援助,,
assistant,,n.,助手，助理；助教,,
associate,ə'səʊʃieɪt,v./n.,联系；联想；同事,People often associate red with danger.,人们常把红色与危险联系在一起。
association,,n.,协会，团体；联合,,
assume,ə'sjuːm,v.,假定；承担,I assume you have finished your homework.,我假定你已经做完作业了。
assumption,,n.,假定，假设,,
assurance,,n.,保证,,
assure,,v.,使确信；向…保证,,
astonish,,v.,使惊讶，使大为吃惊,,
astonishment,,n.,惊奇，惊讶,,
astronaut,,n.,宇宙航行员，宇航员,,
astronomer,,n.,天文学家,,
astronomical,,adj.,天文数字的,,
astronomy,,n.,天文学,,
astrophysics,,n.,天体物理学,,
at,,prep.,在…里；在…时,,
athlete,'æθliːt,n.,运动员,The athlete trains every morning.,这名运动员每天早晨训练。
athletic,,adj.,强壮的；擅长运动的；运动的，运动员的,,
atlantic,,adj.,大西洋的 n. 大西洋,,
atmosphere,,n.,气氛；大气；空气,,
atmospheric,,adj.,大气的；大气层的,,
atom,,n.,原子；微粒；微量,,
atomic,,adj.,原子的；原子能的,,
attach,ə'tætʃ,v.,附上；系上；重视,Please attach the file to your email.,请把文件附在邮件里。
attachment,,n.,爱慕；附件；连接物,,
attack,,v.,攻击，进攻 n. 攻击，进攻,,
attain,,v.,获得；达到,,
attainment,,n.,达到,,
attempt,,n.,尝试，试图 v. 尝试，试图,,
attend,ə'tend,v.,出席；照料,All students must attend the lecture.,所有学生都必须参加讲座。
attendance,,n.,出席人数,,
attendant,,n.,服务人员,,
attention,,n.,注意，留心；注意力,,
attentive,,adj.,注意的；有礼貌的,,
attic,,n.,阁楼,,
attitude,'ætɪtjuːd,n.,态度；看法,A positive attitude helps you succeed.,积极的态度有助于你成功。
attorney,,n.,律师， 代理人,,
attract,ə'trækt,v.,吸引,The new museum attracts many visitors.,新博物馆吸引了许多游客。
attraction,,n.,吸引；吸引力；引力,,
attractive,,adj.,有吸引力的,,
attributable,,adj.,可归因于的,,
attribute,,v.,归因于,,
audience,'ɔːdiəns,n.,观众；听众,The audience clapped warmly.,观众热烈鼓掌。
audio,,adj.,听觉的， 声音的,,
auditorium,,n.,礼堂，会堂；观众席,,
august,,n.,八月,,
aunt,,n.,伯母，婶母，姑母,,
aural,,adj.,耳的，听觉的,,
australia,,n.,澳大利亚,,
australian,,adj.,澳大利亚的,,
authentic,,adj.,真的， 真正的； 可靠的， 可信的,,
authenticity,,n.,"确实性, 真实性",,
author,,n.,作者，作家,,
authoritative,,adj.,权威的,,
authority,ɔː'θɒrəti,n.,权威；当局；权力,The local authorities closed the old bridge.,地方当局关闭了旧桥。
authorization,,n.,授权,,
authorize,,vt.,授权， 批准,,
auto,,n.,（口语）汽车,,
automate,,v.,使自动化,,
automatic,,adj.,自动的,,
automatically,,adv.,自动地；不经思考地,,
automation,,n.,自动，自动化,,
automobile,,n.,汽车，机动车,,
autumn,,n.,秋，秋季,,
auxiliary,,adj.,辅助的,,
avail,,v.,"有益, 有帮助",,
availability,,n.,有效（性）；可得性,,
available,ə'veɪləbl,adj.,可用的；可获得的,Tickets are available at the door.,门口可以买到票。
avenue,,n.,大街；林荫道，道路,,
average,'ævərɪdʒ,n./adj.,平均；普通的,The average temperature in July is 30 degrees.,七月平均气温是 30 度。
aviate,,v.,驾驶飞机,,
aviation,,n.,航空,,
avoid,ə'vɔɪd,v.,避免；避开,Avoid making the same mistake again.,避免再犯同样的错误。
avoidance,,n.,避免,,
await,,v.,等候，期待,,
awake,,adj.,醒着的 v. 唤醒,,
award,ə'wɔːd,n./v.,奖品；授予,She won an award for her research.,她因研究获奖。
aware,ə'weə,adj.,意识到的；知道的,Are you aware of the risks?,你意识到风险了吗？
awareness,,n.,意识,,
away,,adv.,离开，远离；…去,,
awe,,v.,使敬畏；使畏怯 n. 敬畏,,
awesome,,adj.,"令人敬畏的,令人赞叹的；极好的",,
awful,,adj.,可怕的，骇人的,,
awfully,,adv.,令人畏惧的；很,,
awkward,,adj.,尴尬的；笨拙的,,
ax,,n.,斧子,,
axis,,n.,轴，轴线；中心线,,
baby,,n.,婴儿；孩子气的人,,
bachelor,,n.,未婚男子；学士,,
back,,adv.,回原处；回；在后,,
background,,n.,背景,,
backslide,,v.,倒退，退步,,
backup,,n.,后补，援助,,
backward,,adv.,向后,,
bacon,,n.,咸肉,,
bacteria,,n.,细菌,,
bad,,adj.,坏的，恶的；严重的,,
badge,,n.,"标记, 徽章",,
badly,,adv.,坏，差；严重地,,
badminton,,n.,羽毛球,,
bag,,n.,袋，包，钱包，背包,,
baggage,,n.,行李,,
bail,,n.,保释 vt. 保释 <；帮助脱离困境<,,
bait,,n.,饵；引诱物,,
bake,,v.,烤，烘，焙；烧硬,,
bakery,,n.,面包店,,
balance,'bæləns,n./v.,平衡；余额；使平衡,Try to keep a balance between study and rest.,尽量保持学习与休息的平衡。
balcony,,n.,阳台； 楼厅， 楼座,,
ball,,n.,球；球状物；舞会,,
ballet,,n.,芭蕾,,
balloon,,n.,气球，玩具气球,,
ballot,,n.,投票；投票用纸；投票总数 v. 投票；抽签决定,,
bamboo,,n.,竹；竹杆，竹棍,,
ban,,v.,禁止,,
banana,,n.,香蕉；芭蕉属植物,,
band,,n.,乐队；带；波段,,
bandage,,n.,绷带，包带,,
bang,,n.,巨响，枪声；猛击,,
bank,,n.,银行；库；沿，堤,,
banker,,n.,银行家,,
bankrupt,,adj.,破产的，倒闭的,,
bankruptcy,,n.,破产,,
banner,,n.,横幅；旗，旗帜,,
banquet,,n.,宴会，盛会，酒席,,
bar,,n.,酒吧间；条，杆；栅,,
barbecue,,n.,烧烤野餐 v. 炙烤(肉等),,
barber,,n.,理发师,,
bare,,adj.,赤裸的；仅仅的,,
barely,,adv.,仅仅，几乎不,,
bargain,,n.,便宜货，减价品,,
bark,,n.,吠叫声 v. 吠，叫,,
barn,,n.,谷仓；牲口棚,,
barrel,,n.,桶；圆筒；枪管,,
barrier,'bæriə,n.,障碍；屏障,Language is not a barrier to friendship.,语言不是友谊的障碍。
base,,n.,基础，底层；基地,,
baseball,,n.,棒球,,
basement,,n.,地下室；地窖；底层,,
basic,,adj.,基本的，基础的,,
basically,,adv.,基本上,,
basin,,n.,洗脸盆；盆；盆地,,
basis,'beɪsɪs,n.,基础；根据,We meet on a weekly basis.,我们每周见一次面。
basket,,n.,篮，篓，筐,,
basketball,,n.,篮球运动；篮球,,
bat,,n.,球拍；蝙蝠,,
batch,,n.,一批， 一组， 一群； 一批生产量,,
bath,,n.,浴，洗澡；浴缸,,
bathe,,v.,给…洗澡,,
bathroom,,n.,浴室；盥洗室,,
battalion,,n.,营，军营；军队，部队,,
battery,'bætri,n.,电池,My phone battery is almost empty.,我的手机电池快没电了。
battle,,n.,战争，战役,,
bay,,n.,湾,,
be,,v.,是；在,,
beach,,n.,海滩，湖滩，河滩,,
beam,,n.,梁；横梁；束，柱,,
bean,,n.,豆，蚕豆,,
bear,,n.,熊；粗鲁的人,,
beard,,n.,胡须，络腮胡子,,
bearing,,n.,举止， 风度； 方位， 方向感； 影响,,
beast,,n.,兽，野兽,,
beat,,v.,打，敲；打败,,
beautiful,,adj.,美的，美丽的,,
beauty,,n.,美，美丽；美人,,
because,,conj.,由于，因为,,
become,,v.,变得；变成；成为,,
bed,,n.,床，床位；圃；河床,,
bee,,n.,蜂，密蜂；忙碌的人,,
beef,,n.,牛肉；菜牛,,
beer,,n.,啤酒,,
before,,prep.,在…以前,,
beforehand,,adv.,预先；提前地,,
beg,,v.,乞求；请求,,
beggar,,n.,乞丐，穷人,,
begin,,v.,开始,,
beginner,,n.,初学者，生手,,
beginning,,n.,开始，开端；起源,,
behalf,,n.,代表某人,,
behave,,v.,表现,,
behavior,bɪ'heɪvjə,n.,行为；举止,His behavior at the party was polite.,他在聚会上的举止很有礼貌。
behavioral,,adj.,行为的,,
behind,,prep.,在…后面,,
being,,n.,存在；生物；生命,,
belief,,n.,信念；信任，相信,,
believe,,v.,相信；认为,,
bell,,n.,钟，铃，门铃；钟声,,
belly,,n.,肚子， 腹部,,
belong,,v.,属于,,
beloved,,adj.,为…所爱的 n. 爱人,,
below,,prep.,在…下面（以下）,,
belt,,n.,带，腰带；皮带；区,,
bench,,n.,长凳，条凳,,
bend,,v.,使弯曲；弯曲,,
beneath,,prep.,在…下方,,
beneficial,,adj.,有利的，有益的,,
beneficiary,,n.,"受惠者, 受益人",,
benefit,'benɪfɪt,n./v.,益处；使受益,Exercise benefits both body and mind.,锻炼对身心都有益。
berry,,n.,浆果（如草莓等）,,
beside,,prep.,在…旁边,,
besides,,,"adv,prep. 而且；除…之外",,
best,,adj.,最好的；最大的,,
bet,,v.,打赌 n. 打赌,,
betray,,v.,背叛；辜负；泄漏,,
better,,adj.,较好的 adv. 更好地,,
between,,prep.,在…中间,,
beverage,,n.,饮料,,
beyond,,prep.,在…的那边,,
bias,,n.,偏见,,
bible,,n.,基督教《圣经》,,
bicycle,,n.,自行车，脚踏车,,
bid,,n.,出价，投标 v. 出价，投标,,
big,,adj.,大的，巨大的,,
bike,,n.,自行车 v. 骑自行车,,
bill,,n.,账单；票据；招贴,,
billion,,num.,万亿（英）,,
bin,,n.,箱子，容器；二进制 v. 把…放入箱中,,
bind,,v.,捆绑；包扎；装订,,
biochemical,,adj.,生物化学的， 生化的,,
biochemistry,,n.,生物化学,,
biographer,,n.,传记作者,,
biographical,,adj.,"传记的,传记体的",,
biography,,n.,传记,,
biological,,adj.,生物的,,
biologist,,n.,生物学家,,
biology,,n.,生物学,,
biotechnology,,n.,生物工艺学,,
bird,,n.,鸟，禽,,
birth,,n.,分娩，出生；出身,,
birthday,,n.,生日；诞生的日期,,
biscuit,,n.,（英）饼干；（美）软饼,,
bit,,n.,一点，一些，小片,,
bite,,v.,咬；咬，叮，螫；剌穿,,
bitter,,adj.,痛苦的；严寒的,,
bitterly,,adv.,苦苦地；悲痛地,,
black,,adj.,黑色的；黑暗的,,
blackboard,,n.,黑板,,
blade,,n.,刀刃，刀片；叶片,,
blame,bleɪm,v./n.,责备；归咎于,Don't blame others for your mistakes.,不要把自己的错误归咎于别人。
blank,,adj.,空白的 n. 空白,,
blanket,,n.,毛毯，毯子，羊毛毯,,
blast,,n.,爆炸，冲击波 v. 炸,,
blaze,,n.,火；闪光 v. 燃烧,,
bleed,,v.,出血，流血,,
blend,,v.,混和 n. 混和物,,
bless,,v.,保佑，祝福,,
blind,,adj.,瞎的；盲目的,,
block,,v.,阻碍 n. 街区,,
blog,,n.,博客， 日志,,
blond,,n.,白肤金发碧眼的人,,
blood,,n.,血，血液；血统,,
bloody,,adv.,[用于加强语气]非常，很 adj. [用于加强语气]非常的；该死的；流血的；嗜杀的 vt. 血染,,
bloom,,n.,花；开花，开花期,,
blossom,,n.,花；开花 v. 开花,,
blouse,,n.,女衬衫,,
blow,,v.,吹；吹动；吹响,,
blue,,adj.,蓝色的 n. 蓝色,,
blueprint,,n.,蓝图，设计图,,
blur,,v.,变模糊 n. 模糊，模糊的东西,,
board,bɔːd,n./v.,板；董事会；登上,Passengers began to board the plane.,乘客开始登机。
boast,,v.,自夸，吹嘘,,
boat,,n.,小船，艇,,
body,,n.,身体；尸体；主体,,
bogus,,adj.,假冒的,,
boil,,v.,沸腾；汽化；煮沸,,
boiler,,n.,锅炉,,
bold,,adj.,大胆的；冒失的,,
bolt,,n.,插销；螺栓 v. 闩门,,
bomb,,n.,炸弹 v. 轰炸,,
bond,,n.,债券，公债；联结，联系,,
bone,,n.,骨，骨骼,,
bonus,,n.,奖金， 红利； 额外给予的东西,,
bony,,adj.,"多骨的, 瘦骨嶙峋的",,
book,,n.,书，书籍 v. 预定,,
boom,,vi.,激增， 繁荣， 迅速发展； 发出隆隆声 n. 激增，繁荣，迅速发展；隆隆声，嗡嗡声,,
boost,,n.,推动 v. 促使，促进,,
boot,,n.,靴子，长统靴,,
booth,,n.,公用电话亭；货摊,,
border,,n.,边，边缘；边界,,
bore,,v.,使厌烦；钻，挖,,
boring,,adj.,令人厌烦的， 乏味的， 无聊的,,
born,,adj.,天生的；出生的,,
borrow,'bɒrəʊ,v.,借入,May I borrow your dictionary?,我可以借你的词典吗？
bosom,,n.,胸，胸部；内心,,
boss,,n.,老板，上司 v. 指挥,,
both,,pron.,两者（都）,,
bother,,v.,麻烦；打扰,,
bottle,,n.,瓶，酒瓶；一瓶,,
bottom,,n.,底，底部，根基,,
bough,,n.,树枝,,
bounce,,v.,反跳，弹起；跳起,,
bound,,adj.,一定的；有义务的,,
boundary,'baʊndri,n.,边界；界限,The river forms the boundary between the two villages.,这条河是两个村庄的分界。
bow,,v.,鞠躬,,
bowel,,n.,肠； 内部， 深处,,
bowl,,n.,碗，钵；碗状物,,
box,,n.,箱，盒；包厢,,
boy,,n.,男孩，少年；家伙,,
bracket,,n.,括号 vt. 把…归为同一类,,
brag,,v.,吹嘘， 自夸， 自吹自擂,,
brain,,n.,脑，脑髓；脑力,,
brake,,n.,闸，刹车 v. 制动,,
branch,brɑːntʃ,n.,树枝；分支；分行,The bank opened a new branch in the city center.,银行在市中心开了新分行。
brand,brænd,n.,品牌；商标,Which brand of tea do you prefer?,你更喜欢哪个牌子的茶？
brandy,,n.,白兰地酒,,
brass,,n.,黄铜；黄铜器,,
brave,,adj.,勇敢的；极好的,,
bravery,,n.,勇敢,,
bread,,n.,面包；食物，粮食,,
breadth,,n.,宽度，幅度；幅面,,
break,,v.,打破；损坏；破坏,,
breakdown,,n.,垮， 衰竭； 损坏， 故障； 倒塌,,
breakfast,,n.,早饭，早餐,,
breakthrough,,n.,突破,,
breast,,n.,乳房；胸脯，胸膛,,
breath,,n.,气息，呼吸,,
breathe,briːð,v.,呼吸,Breathe deeply and relax.,深呼吸，放松一下。
breed,,n.,品种 v. 使繁殖,,
breeze,,n.,微风，和风,,
bribe,,v.,贿赂,,
brick,,n.,砖，砖块；砖状物,,
bride,,n.,新娘,,
bridegroom,,n.,新郎,,
bridge,,n.,桥，桥梁；桥牌,,
brief,briːf,adj./n.,简短的；摘要,The manager gave a brief introduction.,经理做了简短介绍。
briefcase,,n.,公文包， 公事包,,
bright,,adj.,明亮的；聪明的,,
brighten,,v.,使发光；使快活,,
brilliance,,n.,光辉，辉煌,,
brilliant,,adj.,光辉的；卓越的,,
brim,,n.,边，边缘；帽沿,,
bring,,v.,带来；引出；促使,,
brisk,,adj.,活泼的；清新的,,
bristle,,n.,短而硬的毛；鬃毛,,
britain,,n.,不列颠，英国,,
british,,adj.,不列颠的，英联邦的,,
brittle,,adj.,脆的；易损坏的,,
broad,,adj.,宽的,,
broadcast,'brɔːdkɑːst,v./n.,广播；播送,The match was broadcast live.,这场比赛进行了现场直播。
broaden,,v.,放宽，变阔,,
brochure,,n.,小册子,,
broken,,adj.,被打碎的；骨折的,,
broker,,n.,"掮客, 经纪人",,
bronze,,n.,青铜；青铜制品,,
brood,,n.,同窝幼鸟 v. 孵（蛋）,,
brook,,n.,小河，溪流,,
broom,,n.,扫帚,,
brother,,n.,兄弟；同事，同胞,,
brow,,n.,额；眉，眉毛,,
brown,,n.,褐色，棕色,,
browse,,v.,浏览；吃草 n. 浏览；吃草,,
bruise,,n.,青肿，伤痕；擦伤,,
brush,,n.,刷子，毛刷；画笔,,
brutal,,adj.,残酷的,,
brute,,n.,禽兽，畜生,,
bubble,,n.,泡 v. 冒泡，沸腾,,
buck,,v.,反对 n. 美元,,
bucket,,n.,水桶；吊桶；铲斗,,
buckle,,n.,"带扣 v扣住, 变弯曲",,
bud,,n.,芽，萌芽；蓓蕾,,
buddy,,n.,"<美口>密友, 伙伴",,
budget,'bʌdʒɪt,n.,预算,We must keep within the budget.,我们必须控制在预算内。
buffet,,n.,自助餐；小卖部；打击；猛烈冲击 v. 与…搏斗；连续猛击 adj. 自助的；自助餐的,,
bug,,n.,虫子；臭虫,,
build,,v.,建筑；建立；创立,,
building,,n.,建筑物，大楼；建筑,,
bulb,,n.,电灯泡,,
bulk,,n.,大部分；体积，块头,,
bull,,n.,公牛；雄的象,,
bullet,,n.,枪弹，子弹，弹丸,,
bulletin,,n.,告示，公告，公报,,
bully,,n.,恃强欺弱者 vt. 威吓， 欺负,,
bump,,vi.,碰，撞；颠簸着前进 n. 碰撞， 猛撞； 肿块； 隆起物,,
bumper,,adj.,丰盛的，丰富的 n. 缓冲器，保险杆，减震物 vt. 装满；为…祝酒 vi. 干杯,,
bunch,,n.,束，串；一群,,
bundle,,n.,捆，包，束；包袱,,
burden,'bɜːdn,n.,负担；重担,High rent is a heavy burden for students.,高房租对学生来说是沉重的负担。
bureau,,n.,局,,
burial,,n.,埋葬,,
burn,,v.,烧，燃烧 n. 烧伤,,
burst,,v.,使爆裂 n. 爆炸,,
bury,,v.,埋葬，葬；埋藏,,
bus,,n.,公共汽车,,
bush,,n.,灌木，灌木丛，矮树,,
business,,n.,商业，生意；事务；事务,,
busy,,adj.,忙的；繁忙的,,
but,,conj.,但是，可是,,
butcher,,n.,屠夫；屠杀者,,
butter,,n.,黄油；奶油,,
butterfly,,n.,蝴蝶,,
button,,n.,扣子；按钮 v. 扣紧,,
buy,,v.,买，购买,,
buyer,,n.,"买主, 顾客",,
by,,prep.,在…旁；被，由,,
bypass,,n.,旁通管 v. 绕过,,
cab,,n.,驾驶室；出租汽车；出租马车 v. 乘出租马车（或汽车）,,
cabbage,,n.,洋白菜，卷心菜,,
cabin,,n.,小屋；船舱；机舱,,
cabinet,,n.,内阁；橱，柜,,
cable,,n.,缆，索；电缆；电报,,
cafe,,n.,咖啡馆；小餐厅,,
cafeteria,,n.,自助食堂,,
cage,,n.,笼；鸟笼，囚笼,,
cake,,n.,饼，糕，蛋糕,,
calculate,'kælkjuleɪt,v.,计算；估算,The scientist calculated the distance to the moon.,科学家计算了到月球的距离。
calculation,,n.,计算，计算结果,,
calculator,,n.,计算器，计算者,,
calendar,,n.,日历，历书；历法,,
call,,v.,把…叫做；叫，喊,,
calm,kɑːm,adj./v.,平静的；使平静,Stay calm and think carefully.,保持冷静，仔细思考。
calorie,,n.,卡路里,,
camel,,n.,骆驼,,
camera,,n.,照相机，摄影机,,
camp,,n.,野营，营地，兵营,,
campaign,kæm'peɪn,n./v.,运动；竞选活动；开展活动,They started a campaign to protect the river.,他们发起了一场保护河流的运动。
campus,,n.,校园，学校场地,,
can,,n.,罐头，听头；容器,,
canada,,n.,加拿大,,
canadian,,adj.,加拿大的,,
canal,,n.,运河；沟渠；管,,
cancel,,v.,取消,,
cancellation,,n.,取消；删除,,
cancer,,n.,癌，癌症，肿瘤,,
candidate,'kændɪdət,n.,候选人；应试者,There are five candidates for the job.,这份工作有五名候选人。
candle,,n.,蜡烛,,
candy,,n.,糖果,,
cane,,n.,（藤等）茎；手杖,,
cannon,,n.,大炮，火炮；榴弹炮,,
canoe,,n.,独木舟，皮艇，划子,,
canteen,,n.,食堂,,
canvas,,n.,粗帆布；一块油画布,,
cap,,n.,帽子，便帽；帽状物,,
capability,,n.,能力，才能,,
capable,'keɪpəbl,adj.,有能力的；能干的,She is capable of finishing the task alone.,她能独立完成这项任务。
capacity,kə'pæsəti,n.,容量；能力,The hall has a seating capacity of 800.,这座大厅可容纳 800 人。
capital,'kæpɪtl,n./adj.,首都；资本；大写的,Beijing is the capital of China.,北京是中国的首都。
capitalism,,n.,资本主义,,
capitalist,,adj.,资本主义的 n资本家,,
captain,,n.,陆军上尉；队长,,
captive,,n.,俘虏，被监禁的人,,
capture,,v.,捕获，俘获；夺得,,
car,,n.,汽车，小汽车，轿车,,
carbon,,n.,碳,,
card,,n.,卡；卡片；名片,,
cardboard,,n.,纸板,,
care,,v.,介意；关心 n. 小心,,
career,kə'rɪə,n.,职业；事业,She wants a career in medicine.,她想从事医学职业。
careful,,adj.,仔细的；细致的,,
caregiver,,n.,照料者,,
careless,,adj.,粗心的,,
cargo,,n.,船货，货物,,
carpenter,,n.,木匠,,
carpet,,n.,地毯，毡毯，毛毯,,
carriage,,n.,四轮马车；客车厢,,
carrier,,n.,运输工具；运载工具,,
carrot,,n.,胡萝卜,,
carry,,v.,携带；运载；传送,,
cart,,n.,二轮运货马车,,
cartoon,,n.,卡通画， 幽默画； 动画片， 卡通片,,
carve,,v.,刻，雕刻；切开,,
case,,n.,情况；病例；事实,,
cash,,n.,现金，现款,,
cashier,,n.,出纳,,
cassette,,n.,盒式录音带,,
cast,,v.,投，扔，抛；浇铸,,
castle,,n.,城堡；巨大建筑物,,
casual,'kæʒuəl,adj.,随便的；非正式的；偶然的,Wear casual clothes to the picnic.,去野餐穿休闲衣服。
cat,,n.,猫，；猫科动物,,
catalog,,n.,目录，目录册,,
catalogue,,v.,把……编入目录,,
catch,,v.,捉住；赶上；领会,,
category,,n.,种类， 类， 类别,,
cater,,v.,迎合,,
cathedral,,n.,总教堂；大教堂,,
cattle,,n.,牛；牲口，家畜,,
cause,kɔːz,n./v.,原因；导致,The heavy rain caused the flood.,大雨导致了洪水。
caution,,n.,小心，谨慎 v. 警告，告诫,,
cautious,,adj.,谨慎的,,
cave,,n.,山洞，洞穴，窑洞,,
cease,,v.,停止，停息 n. 停止，停息,,
ceiling,,n.,天花板，顶蓬,,
celebrate,'selɪbreɪt,v.,庆祝,We celebrated her birthday with a cake.,我们吃蛋糕庆祝她的生日。
celebration,,n.,"庆祝, 庆典",,
cell,,n.,细胞；小房间,,
cellar,,n.,地窑，地下室,,
celsius,,adj.,摄氏的,,
cement,,n.,水泥；胶泥 v. 粘结,,
cent,,n.,分；分币,,
center,,n.,圆心， 正中； 中心,,
centigrade,,adj.,百分度的,,
centimeter,,n.,厘米,,
centimetre,,n.,公分，厘米,,
central,'sentrəl,adj.,中心的；主要的,The hotel is in a central location.,这家酒店位于中心地段。
centralize,,v.,"集聚, 集中",,
centre,,n.,中心；中枢 v. 集中,,
century,,n.,世纪；百年,,
cereal,,n.,谷类，五谷，禾谷,,
ceremonial,,n.,仪式 adj. 正式的,,
ceremony,'serəməni,n.,典礼；仪式,The graduation ceremony lasted two hours.,毕业典礼持续了两个小时。
certain,'sɜːtn,adj.,确定的；某些,I am certain that he will come.,我确定他会来。
certainly,,adv.,一定，必定；当然,,
certainty,,n.,必然；肯定,,
certificate,,n.,证书，证件，执照；（毕业）文凭，合格证书,,
chain,,n.,链，链条,,
chair,,n.,椅子；主席,,
chairman,,n.,主席；议长，会长,,
chalk,,n.,白垩；粉笔,,
challenge,'tʃælɪndʒ,n./v.,挑战,Learning a language is a challenge.,学一门语言是个挑战。
chamber,,n.,〔人体内或某些机器中的〕室，腔；会议室；房间,,
champagne,,n.,香槟酒,,
champion,,n.,冠军，得胜者,,
championship,,n.,锦标赛，冠军赛,,
chance,,n.,机会，机遇；可能性,,
change,,n.,改变，变化；零钱,,
channel,'tʃænl,n.,频道；渠道；海峡,There is a good movie on this channel.,这个频道在播一部好电影。
chaos,,n.,混乱， 紊乱,,
chaotic,,adj.,"混乱的, 无秩序的",,
chap,,n.,小伙子，小家伙，家伙,,
chapter,'tʃæptə,n.,章；回,Read Chapter Three for tomorrow.,明天阅读第三章。
character,'kærəktə,n.,性格；角色；汉字,She has a strong and honest character.,她性格坚强诚实。
characteristic,,n.,特点,,
characterize,,v.,以……特点,,
charge,tʃɑːdʒ,v./n.,收费；充电；指控,The museum charges no admission.,这家博物馆不收门票。
charitable,,adj.,"慈善事业的,慷慨的,仁慈的",,
charity,,n.,慈善机构,,
charm,,n.,迷人的特性，魅力；符咒，咒文 vt. 吸引， 迷住,,
charming,,adj.,迷人的，可爱的,,
chart,,n.,图，图表；海图,,
charter,,adj.,包租的， 租用的 n. 宪章，共同纲领；特许状，许可证；包租 vt. 包，租,,
chase,,n.,追逐，追赶；追求,,
chat,,v.,聊天,,
cheap,,adj.,廉价的；劣质的,,
cheat,tʃiːt,v./n.,欺骗；作弊,It is wrong to cheat in exams.,考试作弊是不对的。
check,,v.,检查；制止 n. 检查,,
cheek,,n.,脸颊,,
cheer,,v.,使振作；欢呼,,
cheerful,,adj.,快乐的，愉快的,,
cheese,,n.,奶酪，干酪,,
chef,,n.,厨师,,
chemical,'kemɪkl,adj./n.,化学的；化学品,This factory produces chemical products.,这家工厂生产化工产品。
chemist,,n.,化学家；药剂师,,
chemistry,,n.,化学,,
cheque,,n.,支票,,
cherish,,vt.,珍爱； 怀有,,
cherry,,n.,樱桃；樱桃树,,
chess,,n.,棋；国际象棋,,
chest,,n.,胸腔，胸膛；箱子,,
chew,,v.,咀嚼，嚼碎,,
chicken,,n.,鸡；鸡肉,,
chief,,adj.,首席的；主要的,,
child,,n.,小孩，儿童；儿子/女儿,,
childhood,,n.,童年，幼年；早期,,
childish,,adj.,孩子的；幼稚的,,
chill,,v.,使变冷 n. 寒冷,,
chilly,,adj.,寒冷的,,
chimney,,n.,烟囱，烟筒,,
chin,,n.,颏，下巴,,
china,,n.,中国,,
chinese,,adj.,中国的 n. 中国人,,
chip,,n.,屑片， 碎片； 炸土豆条； 集成电路片， 集成块； 缺口， 瑕疵,,
chocolate,,n.,巧克力；巧克力糖,,
choice,tʃɔɪs,n.,选择；抉择,You have a choice between tea and coffee.,你可以在茶和咖啡之间选择。
choke,,v.,使窒息,,
cholesterol,,n.,胆固醇,,
choose,,v.,选择，挑选；情愿,,
choosy,,adj.,好挑剔的,,
chop,,v.,砍，劈；切细,,
chorus,,v.,合唱，齐声说,,
christ,,n.,基督， 救世主,,
christian,,n.,基督教徒；信徒,,
christmas,,n.,圣诞节,,
church,,n.,教堂，礼拜堂；教会,,
cigar,,n.,雪茄烟,,
cigaret,,n.,香烟，纸烟，卷烟,,
cigarette,,n.,香烟， 纸烟， 卷烟,,
cinema,,n.,电影院；电影，影片,,
circle,,n.,圆；圆周；圈子,,
circuit,,n.,环行；电路,,
circular,,adj.,圆的；循环的,,
circulate,,v.,使循环,,
circulation,,n.,循环； 流传； 发行， 流通,,
circumference,,n.,圆周，周长，圆周线,,
circumstance,'sɜːkəmstæns,n.,情况；环境,Under no circumstances should you give up.,任何情况下你都不应放弃。
circus,,n.,马戏；马戏团,,
citation,,n.,引文,,
cite,,v.,引用,,
citizen,'sɪtɪzn,n.,公民；市民,Every citizen has the duty to obey the law.,每个公民都有守法的义务。
citizenship,,n.,"公民的身份, 公民的职责和权力",,
city,,n.,城市，都市,,
civil,'sɪvl,adj.,公民的；民用的；文明的,The civil service attracts many graduates.,公务员岗位吸引许多毕业生。
civilian,,n.,平民，百姓,,
civilisation,,n.,文明， 文化,,
civilization,,n.,文明,,
civilize,,v.,使文明；教育,,
civilized,,adj.,文明的,,
claim,kleɪm,v./n.,声称；索取；索赔,He claimed that he saw the accident.,他声称自己目击了那场事故。
clap,,v.,拍手；拍，轻拍,,
clarification,,n.,"澄清, 净化",,
clarify,,v.,澄清，阐明,,
clarity,,n.,清晰，清楚,,
clash,,vi.,发生冲突；不协调；砰地相撞，发出刺耳的撞击声 n. 冲突； 不协调； 刺耳的撞击声,,
clasp,,n.,扣子，钩子；别针,,
class,,n.,班，班级；阶级；等级,,
classic,,adj.,最优秀的，典型的，标准的；传统式样的，典雅的 n. 文学名著， 经典作品， 杰作； 优秀的典范； 古典文学， 古典语文研究,,
classical,,adj.,古典的；经典的,,
classification,,n.,分类，级别,,
classify,'klæsɪfaɪ,v.,分类；归类,The books are classified by subject.,这些书按学科分类。
classmate,,n.,同班同学,,
classroom,,n.,教室，课堂,,
clause,,n.,条款； 从句， 分句,,
claw,,n.,爪，脚爪，螯,,
clay,,n.,粘土，泥土,,
clean,,adj.,清洁的；纯洁的,,
clear,,adj.,清晰的 v. 清除,,
clearly,,adv.,明白地，清晰地,,
clerk,,n.,办事员，职员；店员,,
clever,,adj.,聪明的；机敏的,,
click,,v.,发出咔嗒声；点击 n. 咔嗒声,,
client,,n.,客户,,
cliff,,n.,悬崖，峭壁,,
climate,'klaɪmət,n.,气候；风气,The climate here is mild and wet.,这里气候温和湿润。
climatic,,adj.,气候上的,,
climax,,n.,顶点,,
climb,,v.,攀登，爬,,
cling,,v.,粘住；依附；坚持,,
clinic,,n.,诊所,,
clinical,,adj.,"临床的,诊所的",,
clip,,v.,剪；剪辑报刊,,
cloak,,n.,斗篷；覆盖（物）,,
clock,,n.,钟，仪表,,
clockwise,,adv.,顺时针方向转地 adj. 顺时针方向转的,,
clone,,v.,无性繁殖， 克隆 n. 无性繁殖系，克隆；复制品，翻版,,
close,,v.,关，闭；结束,,
closely,,adv.,紧密地；接近地,,
cloth,,n.,布；衣料；桌布,,
clothe,,v.,给…穿衣服,,
clothes,,n.,衣服，服装,,
clothing,,n.,衣服,,
cloud,,n.,云；云状物；阴影,,
cloudy,,adj.,多云的；云一般的,,
clown,,n.,（马戏的）小丑，丑角,,
club,,n.,〔职业体育的〕俱乐部；俱乐部；夜总会,,
clue,,n.,线索,,
clumsy,,adj.,笨拙的，不圆滑的,,
coach,kəʊtʃ,n./v.,教练；长途汽车；指导,The coach taught us a new strategy.,教练教了我们一个新战术。
coal,,n.,煤；煤块,,
coarse,,adj.,粗的，粗糙的,,
coast,,n.,海岸，海滨（地区）,,
coastal,,adj.,海滨的,,
coat,,n.,外套，上衣；皮毛,,
cock,,n.,公鸡；雄禽；旋塞,,
code,,n.,代码，密码,,
coffee,,n.,咖啡，咖啡茶,,
coherence,,n.,一致,,
coherent,,adj.,（文章、观点等）连贯的，有条理的，一致的,,
cohesion,,n.,"结合, 凝聚",,
cohesive,,adj.,团结的，有凝聚力的,,
coil,,n.,（一）卷；线圈 v. 卷,,
coin,,n.,硬币 v. 铸造（硬币）,,
cold,,adj.,冷的；冷淡的 n. 冷,,
collaborate,,v.,合作,,
collaboration,,n.,合作， 协作； 勾结,,
collaborative,,adj.,合作的， 协作的， 协力完成的,,
collapse,kə'læps,v./n.,倒塌；崩溃,The old wall collapsed in the storm.,旧墙在暴风雨中倒塌了。
collar,,n.,衣领；项圈,,
colleague,,n.,同事,,
collect,kə'lekt,v.,收集；领取,He collects stamps as a hobby.,他收集邮票作为爱好。
collection,,n.,收藏品；搜集，收集,,
collective,,adj.,集体的；集合性的,,
college,'kɒlɪdʒ,n.,学院；大学,She entered college at the age of eighteen.,她十八岁进入大学。
collision,,n.,冲突，抵触,,
colonel,,n.,陆军上校；中校,,
colonial,,adj.,殖民地的，殖民的,,
colonize,,v.,"拓殖,殖民",,
colony,,n.,殖民地；侨居地,,
color,,n.,颜色，彩色；颜料,,
column,,n.,专栏,,
comb,,n.,梳子 v. 梳理,,
combat,,n.,战争，斗争，格斗 vt. 与…斗争， 与…战斗,,
combination,,n.,联合，结合,,
combine,kəm'baɪn,v.,结合；联合,Combine business with pleasure.,把工作和娱乐结合起来。
come,,v.,来，来到；出现,,
comedy,,n.,喜剧， 喜剧性,,
comfort,'kʌmfət,n./v.,舒适；安慰,Her words comforted me.,她的话安慰了我。
comfortable,,adj.,舒适的,,
command,kə'mɑːnd,v./n.,命令；掌握；指挥,She has a good command of English.,她精通英语。
commander,,n.,司令官，指挥员,,
commence,,v.,开始；获得学位,,
commencement,,n.,毕业典礼,,
comment,,n.,评论,,
commentary,,n.,实况报道， 解说词； 评论， 评论文章,,
commentator,,n.,评论员,,
commerce,,n.,商业，贸易；社交,,
commercial,kə'mɜːʃl,adj./n.,商业的；广告,The film was a commercial success.,这部电影商业上很成功。
commercialize,,v.,使商业化,,
commission,,n.,委员会；委任状,,
commit,kə'mɪt,v.,犯（错）；承诺；投入,He committed himself to the project.,他全身心投入了这个项目。
commitment,,n.,承诺，保证,,
committee,kə'mɪti,n.,委员会,The committee will meet on Monday.,委员会将在周一开会。
commodity,,n.,商品,,
common,,adj.,普通的；共同的,,
commonly,,adv.,普通地，一般地,,
commonplace,,adj.,平凡的 n. 平常话,,
commune,,vi.,与…亲密地交谈 n. 群体， 公社,,
communicate,kə'mjuːnɪkeɪt,v.,交流；沟通；传达,We communicate by email.,我们通过电子邮件交流。
communication,,n.,通讯；传达；交通,,
communicative,,adj.,"健谈的,交流的",,
communism,,n.,共产主义,,
communist,,n.,共产党员,,
community,kə'mjuːnəti,n.,社区；群体,The library serves the whole community.,图书馆为整个社区服务。
commute,,vi.,乘公交车上下班，经常乘车往返于两地 vt. 减； 折合， 折偿； 上下班交通,,
commuter,,n.,"通勤者, 每日往返上班者",,
compact,,adj.,紧密的，紧凑的,,
companion,kəm'pæniən,n.,同伴；伴侣,Dogs are faithful companions.,狗是忠实的伙伴。
companionship,,n.,友谊,,
company,,n.,公司，商号；同伴,,
comparable,,adj.,可比较的； 类似的； 比得上的,,
comparative,,adj.,比较的；相对的,,
compare,kəm'peə,v.,比较；对照,Compare the two answers and choose the better one.,比较两个答案，选择更好的。
comparison,,n.,比较，对照；比拟,,
compass,,n.,罗盘，指南针；圆规,,
compassion,,n.,同情， 怜悯,,
compatible,,adj.,兼容的,,
compel,,v.,强迫,,
compelling,,adj.,引人注目的,,
compensate,,v.,弥补，补偿,,
compensation,,n.,弥补，补偿,,
compensatory,,adj.,"赔偿的, 补偿的",,
compete,kəm'piːt,v.,竞争；比赛,Hundreds of students competed for the prize.,数百名学生竞争这个奖项。
competence,,n.,能力,,
competent,,adj.,胜任的，有能力的,,
competition,,n.,竞争；比赛,,
competitive,,adj.,竞争的， 比赛的； 好竞争的， 求胜心切的； 有竞争力的,,
competitiveness,,n.,竞争力,,
competitor,,n.,竞争者，对手,,
compile,,v.,编辑，编制，搜集,,
complacency,,n.,自满，满足,,
complain,kəm'pleɪn,v.,抱怨；投诉,He complained about the noise.,他抱怨噪音太大。
complaint,,n.,抱怨; 投诉,,
complement,,v.,补充,,
complete,kəm'pliːt,adj./v.,完整的；完成,Please complete the form in English.,请用英语填完这张表。
completely,,adv.,十分，完全地,,
completion,,n.,完成，结束，完满,,
complex,'kɒmpleks,adj./n.,复杂的；综合体,The problem is more complex than it seems.,这个问题比看上去复杂。
complexity,,n.,复杂（性）,,
complicate,,v.,使复杂；使陷入,,
complicated,,adj.,复杂的，难懂的,,
complication,,n.,复杂，混乱；并发症,,
comply,,v.,遵从,,
component,,n.,成分,,
compose,kəm'pəʊz,v.,组成；创作,Water is composed of hydrogen and oxygen.,水由氢和氧组成。
composer,,n.,作曲家,,
composition,,n.,构成；作品；写作,,
compound,,n.,化合物；复合词,,
comprehend,,v.,了解，理解，领会,,
comprehension,ˌkɒmprɪ'henʃn,n.,理解；理解力,The test includes reading comprehension.,考试包括阅读理解。
comprehensive,,adj.,综合的，全面的,,
compress,,v.,压紧，压缩,,
comprise,,v.,包含，包括；构成,,
compromise,,n.,妥协，和解,,
compulsory,,adj.,强迫的，义务的,,
compute,,v.,计算，估计，估算,,
computer,,n.,计算机，电脑,,
comrade,,n.,亲密的同伴；同志,,
conceal,,v.,把…隐藏起来,,
concede,,vt.,承认， 承认…为真； 承认失败； 允许， 让予； 让步， 认输,,
concentrate,'kɒnsntreɪt,v.,集中；专心,Turn off your phone and concentrate on study.,关掉手机，专心学习。
concentration,,n.,集中,,
concept,'kɒnsept,n.,概念；观念,It is hard to explain this concept simply.,很难简单解释这个概念。
concern,kən'sɜːn,v./n.,涉及；担忧；关心,The news concerns everyone in the city.,这个消息关系到全城每个人。
concerning,,prep.,关于,,
concert,,n.,音乐会，演奏会,,
concession,,n.,让步， 妥协； 特许， 特许权； 承认， 认可,,
conclude,kən'kluːd,v.,得出结论；结束,We concluded that the plan was practical.,我们得出结论，这个计划可行。
conclusion,,n.,结论,,
conclusive,,adj.,得出结论的,,
concrete,,adj.,具体的,,
condemn,,v.,谴责，指责；判刑,,
condensation,,n.,浓缩,,
condense,,v.,压缩，使缩短,,
condition,kən'dɪʃn,n.,条件；状况；环境,The car is in good condition.,这辆车状况良好。
conditional,,adj.,有条件的；假定的 n. 条件句；条件语,,
conditioner,,n.,"调节者, 调节装置",,
conduct,kən'dʌkt,v./n.,进行；指挥；行为,Scientists conducted an experiment.,科学家们进行了一项实验。
conductor,,n.,售票员；（乐队）指挥,,
conference,'kɒnfərəns,n.,会议；研讨会,She is attending a conference in Shanghai.,她正在上海参加会议。
confess,,v.,供认，承认；坦白,,
confession,,n.,供认， 招供， 坦白； 供词； 承认,,
confidence,'kɒnfɪdəns,n.,信心；信任,Practice will build your confidence.,练习会建立你的信心。
confident,,adj.,确信的；自信的,,
confidential,,adj.,秘密的， 机密的； 亲信的,,
confine,,v.,禁闭；限制,,
confinement,,n.,"限制, 禁闭",,
confirm,kən'fɜːm,v.,确认；证实,Please confirm your booking by email.,请通过电子邮件确认预订。
confirmation,,n.,证实，确定；确认,,
conflict,'kɒnflɪkt,n./v.,冲突；矛盾；抵触,The two schedules conflict.,这两个日程安排有冲突。
conform,,v.,相一致，遵守,,
conformity,,n.,一致,,
confront,,v.,面对,,
confrontation,,n.,冲突，对抗,,
confuse,kən'fjuːz,v.,使困惑；混淆,The instructions confused me.,这些说明把我弄糊涂了。
confusion,,n.,混乱；骚乱；混淆,,
congratulate,,v.,祝贺，向…道喜,,
congratulation,,n.,祝贺；祝贺词,,
congress,,n.,大会；国会，议会,,
congressional,,adj.,会议的；国(议)会的,,
conjunction,,n.,接合，连接；连接词,,
connect,kə'nekt,v.,连接；联系,This road connects the two towns.,这条路连接两座城镇。
connection,,n.,连接，联系,,
connectivity,,n.,连接，联系,,
connexion,,n.,connection的英式拼法,,
conquer,,v.,征服；战胜,,
conqueror,,n.,征服者，胜利者,,
conquest,,n.,攻取，征服；克服,,
conscience,'kɒnʃəns,n.,良心；良知,His conscience told him to tell the truth.,他的良心告诉他要说真话。
conscientious,,adj.,有良心的，认真负责的,,
conscious,,adj.,意识到的；有意的,,
consciousness,,n.,意识,,
consensus,,n.,一致意见,,
consent,,v.,允许，同意 n. 同意，赞同,,
consequence,'kɒnsɪkwəns,n.,后果；结果,Smoking has serious health consequences.,吸烟会带来严重的健康后果。
consequent,,adj.,作为结果的；必然的,,
consequently,,adv.,结果,,
conservation,,n.,保护，保存,,
conservative,kən'sɜːvətɪv,adj.,保守的；守旧的,He has conservative views on fashion.,他对时尚持保守看法。
consider,kən'sɪdə,v.,考虑；认为,Please consider my suggestion.,请考虑我的建议。
considerable,,adj.,相当大(或多)的,,
considerably,,adv.,相当地，非常地,,
considerate,,adj.,体贴的；考虑周到的,,
consideration,,n.,考虑，思考；体贴,,
considering,,prep.,鉴于， 考虑到， 顾及,,
consist,kən'sɪst,v.,由……组成,The team consists of five members.,这个团队由五名成员组成。
consistency,,n.,"坚固性, 浓度, 一致性",,
consistent,,adj.,一致的,,
consolidate,,v.,巩固；合并,,
consolidation,,n.,"巩固, 合并",,
conspicuous,,adj.,显著地,,
constant,'kɒnstənt,adj.,持续的；不变的,The machine needs constant care.,这台机器需要持续维护。
constantly,,adv.,不断地，时常地,,
constitute,,v.,组成,,
constitution,,n.,章程；体质；构造,,
constitutional,,adj.,法治的；体质的,,
construct,kən'strʌkt,v.,建造；构筑,The bridge was constructed in 1998.,这座桥建于 1998 年。
construction,,n.,建筑,,
constructive,,adj.,建设的，建设性的,,
consult,kən'sʌlt,v.,咨询；查阅,Consult a doctor if the pain continues.,如果疼痛持续，请咨询医生。
consultancy,,n.,咨询公司,,
consultant,,n.,顾问,,
consultation,,n.,商议,,
consume,kən'sjuːm,v.,消耗；消费,Cars consume a lot of fuel.,汽车消耗大量燃料。
consumer,,n.,消费者， 用户， 消耗者,,
consumption,,n.,消费，消耗,,
contact,'kɒntækt,n./v.,接触；联系,Keep in contact with your friends.,和朋友保持联系。
contain,kən'teɪn,v.,包含；容纳,This box contains old photos.,这个盒子里装着旧照片。
container,,n.,容器；集装箱,,
contaminate,,v.,污染，弄脏,,
contamination,,n.,污染,,
contemporary,,adj.,当代的，现代的,,
contempt,,n.,轻蔑；藐视；受辱,,
contemptible,,adj.,可鄙的；卑劣的；可轻视的,,
contend,,v.,竞争；坚决主张,,
content,'kɒntent,n./adj.,内容；满意的,The content of the book is interesting.,这本书的内容很有趣。
contention,,n.,争论,,
contentious,,adj.,诉讼的；有异议的，引起争论的；爱争论的,,
contest,,n.,比赛,,
contestant,,n.,参赛者,,
context,'kɒntekst,n.,上下文；背景,Guess the meaning of the word from the context.,根据上下文猜这个词的意思。
continent,,n.,大陆；陆地；洲,,
continental,,adj.,大陆的，大陆性的,,
continual,,adj.,不断的；连续的,,
continuation,,n.,继续(部分)；续篇,,
continue,,v.,继续，连续；延伸,,
continuity,,n.,连续， 持续,,
continuous,,adj.,连续不断的，持续的,,
contract,'kɒntrækt,n./v.,合同；收缩,Both parties signed the contract.,双方签署了合同。
contraction,,n.,收缩,,
contractor,,n.,"订约人, 承包人",,
contradict,,v.,反驳，否认,,
contradiction,,n.,矛盾，不一致；否认,,
contradictory,,adj.,相矛盾的,,
contrary,,adj.,相反的 n. 相反,,
contrast,'kɒntrɑːst,n./v.,对比；反差,The contrast between the two photos is clear.,两张照片的对比很明显。
contribute,kən'trɪbjuːt,v.,贡献；捐助；促成,Everyone can contribute to the discussion.,每个人都可以为讨论做出贡献。
contribution,,n.,贡献；捐款,,
contributor,,n.,"贡献者,捐助者",,
control,kən'trəʊl,v./n.,控制；管理,The pilot controlled the plane safely.,飞行员安全地操控飞机。
controversial,,adj.,引起争论的， 有争议的,,
controversy,,n.,争论， 辩论,,
convenience,,n.,便利，方便；厕所,,
convenient,kən'viːniənt,adj.,方便的；便利的,Online shopping is very convenient.,网上购物非常方便。
convention,,n.,习俗，惯例；公约,,
conventional,,adj.,传统的,,
conversation,,n.,会话，非正式会谈,,
converse,,v.,交谈 n反面说法 a相反的,,
conversely,,adv.,相反地,,
conversion,,n.,转变，转化；改变,,
convert,,v.,使转变；使改变,,
convey,kən'veɪ,v.,传达；运送,Words cannot convey my thanks.,言语无法表达我的感谢。
convict,,v.,证明…有罪,,
conviction,,n.,确信； 坚定的信仰； 说服， 信服； 定罪， 判罪,,
convince,kən'vɪns,v.,使确信；说服,He convinced me to join the club.,他说服我加入了俱乐部。
convincing,,adj.,令人信服的,,
cook,,v.,烹调，煮；烧菜,,
cool,,adj.,凉的；冷静的,,
cooperate,kəʊ'ɒpəreɪt,v.,合作；配合,The two schools cooperate on research.,两所学校在研究方面合作。
cooperation,,n.,"合作, 协作",,
cooperative,,adj.,合作的,,
coordinate,,v.,使协调，调节,,
coordination,,n.,同等； 调和,,
cop,,n.,警察,,
cope,kəʊp,v.,应对；处理,She knows how to cope with stress.,她知道如何应对压力。
copper,,n.,铜；铜币,,
copy,,n.,抄件 v. 抄写，复制,,
copyright,,n.,版权,,
cord,,n.,细绳，粗线，索,,
cordial,,adj.,真诚的，诚恳的,,
core,kɔː,n./adj.,核心；中心；核心的,Honesty is the core of friendship.,诚实是友谊的核心。
corn,,n.,谷物；（英）小麦,,
corner,,n.,角；边远地区,,
cornerstone,,n.,基石,,
corporate,'kɔːpərət,adj.,公司的；企业的,He works in corporate finance.,他在企业财务部门工作。
corporation,,n.,公司，企业；社团,,
corps,,n.,队， 部队； 一组,,
correct,kə'rekt,adj./v.,正确的；改正,Please correct the spelling errors.,请改正拼写错误。
correction,,n.,改正，纠正，修改,,
correspond,ˌkɒrə'spɒnd,v.,相符；通信,His actions do not correspond with his words.,他言行不一。
correspondence,,n.,信件， 函件； 通信， 通信联系； 符合， 一致， 相似,,
correspondent,,n.,通讯员；通信者,,
corresponding,,adj.,相应的；符合的,,
corridor,,n.,走廊，回廊，通路,,
corrupt,,v.,使腐化 adj. 腐败的,,
corruption,,n.,腐败,,
cosmic,,adj.,宇宙的；广大无边的，极大的,,
cosmos,,n.,宇宙,,
cost,kɒst,n./v.,成本；花费,The cost of living keeps rising.,生活成本不断上涨。
costly,,adj.,昂贵的；代价高的,,
costume,,n.,服装,,
cottage,,n.,村舍，小屋,,
cotton,,n.,棉；棉线；棉布,,
couch,,n.,睡椅，长沙发椅,,
cough,,v.,咳，咳嗽 n. 咳嗽,,
could,,,modal. 能，会，可以（can的过去式）,,
council,'kaʊnsl,n.,委员会；理事会,The city council approved the plan.,市议会批准了该计划。
counsel,,v.,忠告，建议,,
counseling,,n.,咨询服务,,
counselor,,n.,咨询顾问,,
count,kaʊnt,v./n.,数；计算；重要,Every minute counts before the exam.,考试前每一分钟都很重要。
counter,,n.,柜台；计数器,,
counterpart,,n.,对等物,,
country,,n.,国家，国土；农村,,
countryside,,n.,乡下，农村,,
county,,n.,英国的郡，美国的县,,
couple,,n.,夫妻，情侣,,
coupon,,n.,礼券， 优惠券， 配给券； 联票； 票证,,
courage,'kʌrɪdʒ,n.,勇气；胆量,It takes courage to admit mistakes.,承认错误需要勇气。
courageous,,adj.,有勇气的,,
course,kɔːs,n.,课程；过程；路线,She took a course in public speaking.,她上了一门公众演讲课。
court,,n.,法院，法庭；庭院,,
courtyard,,n.,庭院， 院子,,
cousin,,n.,堂（或表）兄弟（姐妹）,,
cover,'kʌvə,v./n.,覆盖；包括；封面,Snow covered the whole village.,雪覆盖了整个村庄。
coverage,,n.,报道,,
cow,,n.,母牛，奶牛；母兽,,
coward,,n.,懦夫；胆怯者,,
cowboy,,n.,牧童；牛仔,,
cozy,,adj.,舒适的,,
crab,,n.,蟹；蟹肉 v. 捕蟹,,
crack,,n.,裂缝，裂纹 v. 爆裂,,
craft,,n.,工艺；手艺,,
crane,,n.,起重机，摄影升降机,,
crash,kræʃ,v./n.,碰撞；坠毁；崩溃,The two cars crashed at the crossing.,两辆车在路口相撞。
crawl,,v.,爬，爬行,,
craze,,n.,狂热,,
crazy,,adj.,疯狂的，荒唐的,,
cream,,n.,奶油，乳脂；奶油色,,
create,kri'eɪt,v.,创造；创作,Good teachers create a lively classroom.,好老师创造活跃的课堂。
creation,,n.,创造， 创建； 创造的作品， 产物； 宇宙， 天地万物,,
creative,kri'eɪtɪv,adj.,有创造力的,Children are naturally creative.,孩子天生富有创造力。
creativity,,n.,创造力,,
creator,,n.,"创建者, 创作者",,
creature,,n.,生物，动物,,
credit,,n.,信用贷款；信用,,
creep,,v.,爬行；缓慢地行进,,
crew,,n.,全体船员,,
cricket,,n.,板球；蟋蟀,,
crime,kraɪm,n.,罪行；犯罪,The police are fighting against crime.,警方正在打击犯罪。
criminal,,n.,犯人，罪犯，刑事犯,,
criminology,,n.,犯罪学， 刑事学,,
cripple,,n.,跛子；残疾人,,
crisis,'kraɪsɪs,n.,危机；关键时刻,The company survived the financial crisis.,公司挺过了金融危机。
criterion,kraɪ'tɪəriən,n.,标准；准则,Price is only one criterion for choice.,价格只是选择的标准之一。
critic,,n.,批评家，评论家,,
critical,'krɪtɪkl,adj.,关键的；批评的；危急的,This is a critical moment in the project.,这是项目的关键时刻。
criticism,,n.,批评,,
criticize,'krɪtɪsaɪz,v.,批评；指责,Don't criticize others without reason.,不要无端批评别人。
crocodile,,n.,"鳄鱼, 鳄鱼皮",,
crop,,n.,农作物，庄稼；一熟：一季的收成,,
cross,,v.,穿过；使交叉,,
crossing,,n.,人行横道， 交叉口； 横渡,,
crow,,n.,鸦，乌鸦 v. 啼,,
crowd,,n.,人群；一伙人；大众,,
crown,,n.,王冠，冕；花冠,,
crucial,,adj.,至关重要的,,
crude,,adj.,简陋的；天然的,,
cruel,,adj.,残忍的，残酷的,,
cruelty,,n.,残暴，残酷,,
cruise,,vi.,航游，巡航；缓慢巡行 n. 航游， 游弋,,
crush,,v.,压碎，碾碎；镇压,,
crust,,n.,面包皮；硬外皮,,
cry,,v.,哭，哭泣；叫喊,,
crystal,,n.,结晶体；晶粒；水晶,,
cube,,n.,立方形；立方,,
cubic,,adj.,立方形的；立方的,,
cucumber,,n.,黄瓜,,
cue,,n.,暗示，信号；提示 vt. 提示； 暗示,,
cultivate,,v.,培养， 养成,,
cultivation,,n.,"培养,教养",,
cultural,,adj.,"文化的,教养的",,
culture,'kʌltʃə,n.,文化；教养,Travel helps you understand other cultures.,旅行帮助你了解其他文化。
cunning,,adj.,狡猾的，狡诈的,,
cup,,n.,杯子；（一）杯；奖杯,,
cupboard,,n.,碗柜，碗碟橱；食橱,,
curb,,v.,控制 n. 控制,,
cure,,v.,医治；消除 n. 治愈,,
curiosity,,n.,好奇心,,
curious,'kjʊəriəs,adj.,好奇的,The child is curious about everything.,这个孩子对一切都好奇。
curl,,n.,卷毛；螺旋 v. 卷曲,,
currency,,n.,通货， 货币； 通行， 流行,,
current,'kʌrənt,adj./n.,当前的；水流；电流,What is your current address?,你现在的地址是什么？
currently,,adv.,当前；一般地,,
curriculum,,n.,课程， 全部课程,,
curse,,n.,诅咒，咒骂,,
curtain,,n.,帘，窗帘；幕（布）,,
curve,kɜːv,n./v.,曲线；转弯；弯曲,The road curves to the left.,这条路向左转弯。
cushion,,n.,垫子，坐垫，靠垫,,
custom,'kʌstəm,n.,风俗；习惯,It is a local custom to eat dumplings in winter.,冬天吃饺子是当地习俗。
customary,,adj.,通常的；照惯例的,,
customer,,n.,顾客，主顾,,
customs,,n.,关税， 进口税； 海关,,
cut,,v.,切，割，剪；减少,,
cute,,adj.,漂亮的， 娇小可爱的； 聪明伶俐的， 精明的,,
cyberspace,,n.,网络空间；赛博空间,,
cycle,'saɪkl,n.,循环；周期；自行车,The seasons follow a natural cycle.,四季遵循自然循环。
daily,'deɪli,adj./adv.,每日的；每天,Exercise should be part of your daily routine.,锻炼应成为你日常生活的一部分。
dairy,,n.,牛奶场 adj. 乳制品,,
dam,,n.,水坝，水堤；障碍物,,
damage,'dæmɪdʒ,v./n.,损害；损坏,The storm damaged many houses.,暴风雨毁坏了许多房屋。
damn,,,interjection. 该死，见鬼〔表示很生气或失望〕 adv. 非常，很 adj. 该死的〔表示对某人或某事物生气〕,,
damp,,adj.,潮湿的，有湿气的,,
dampen,,v.,抑制,,
dance,,v.,跳舞；摇晃 n. 舞,,
danger,,n.,危险；危险事物,,
dangerous,,adj.,危险的，不安全的,,
dare,,v.,敢；竟敢,,
daring,,adj.,大胆的，勇敢的,,
dark,,adj.,暗的；黑色的,,
darken,,v.,(使)变暗,,
darkness,,n.,"黑暗,漆黑",,
darling,,n.,亲爱的人；宠儿,,
dash,,v.,使猛撞；溅 n. 猛冲,,
data,,n.,数据；资料,,
database,,n.,数据库,,
date,,n.,日期 v. 注…日期,,
dating,,n.,约会 v. 约会,,
datum,,n.,资料；数据；已知数,,
daughter,,n.,女儿,,
dawn,,n.,黎明；开端 v. 破晓,,
day,,n.,（一）天；白昼，白天,,
daylight,,n.,白昼，日光；黎明,,
dead,,adj.,死的，无生命的,,
deadline,'dedlaɪn,n.,截止日期；最后期限,The deadline for the essay is Friday.,论文截止日期是周五。
deadly,,adj.,致命的；死一般的,,
deaf,,adj.,聋的；不愿听的,,
deal,,n.,买卖；待遇,,
dealer,,n.,商人；毒品贩；发牌者,,
dealing,,n.,"行为, 交易",,
dean,,n.,（大学）院长，系主任,,
dear,,adj.,亲爱的 int. 啊,,
death,,n.,死，死亡；灭亡,,
debate,dɪ'beɪt,n./v.,辩论；讨论,The class held a debate on the topic.,班级就此话题举行了一场辩论。
debt,,n.,债务,,
debtor,,n.,债务人,,
decade,'dekeɪd,n.,十年,The city has changed greatly in the past decade.,过去十年这座城市变化很大。
decay,,v.,腐烂；衰败 n. 腐烂,,
deceit,,n.,欺骗，欺诈,,
deceive,,v.,欺骗，蒙蔽，行骗,,
december,,n.,十二月,,
decent,,adj.,正派的，体面的,,
deception,,n.,欺骗； 诡计， 骗局,,
deceptive,,adj.,骗人的，造成假象的,,
decide,,v.,决定，决心；解决,,
decision,,n.,决定，决心；果断,,
decisive,,adj.,决定性的,,
deck,,n.,甲板；舱面；层面,,
declaration,,n.,宣布， 宣告； 宣言， 声明； 申报,,
declare,dɪ'kleə,v.,宣布；声明；申报,The government declared a public holiday.,政府宣布了一个公共假日。
decline,dɪ'klaɪn,v./n.,下降；衰退；婉拒,Sales declined sharply last month.,上个月销售额急剧下降。
decorate,'dekəreɪt,v.,装饰；装修,They decorated the room with balloons.,他们用气球装饰房间。
decoration,,n.,装饰(品),,
decorative,,adj.,装饰的；可作装饰的,,
decrease,,v.,减少 n. 减少,,
deduce,,v.,演绎，推论，推断,,
deed,,n.,行为；功绩；劣迹；契约,,
deem,,v.,认为,,
deep,,adj.,深的；纵深的,,
deepen,,v.,使加深，加剧,,
deer,,n.,鹿,,
defeat,dɪ'fiːt,v./n.,击败；失败,Our team defeated the opponent 3-0.,我们队以 3 比 0 击败对手。
defect,,n.,缺点，缺陷，欠缺,,
defence,,n.,防御；防务；辩护,,
defend,dɪ'fend,v.,保卫；辩护,Soldiers defend their country.,士兵保卫自己的国家。
defendant,,n.,被告,,
defense,,n.,"国防部,防卫",,
defensive,,adj.,防守的，防御的,,
defiance,,n.,违抗； 藐视,,
defiant,,adj.,反叛的， 挑衅的， 公然违抗的,,
deficiency,,n.,缺乏；不足,,
deficient,,adj.,不足的，缺乏的,,
deficit,,n.,赤字,,
define,dɪ'faɪn,v.,定义；界定,Can you define this term?,你能定义这个术语吗？
definite,,adj.,明确的；肯定的,,
definitely,,adv.,一定地，明确地,,
definition,,n.,定义,,
defy,,v.,违背，违抗,,
degree,dɪ'ɡriː,n.,程度；学位；度数,She has a degree in economics.,她拥有经济学学位。
delay,dɪ'leɪ,v./n.,推迟；耽搁,The flight was delayed by fog.,航班因大雾延误。
delegate,,n.,代表， 代表团成员 vt. 委派…为代表； 授 ， 把…委托给,,
delegation,,n.,代表团,,
delete,,v.,删除；擦掉,,
deliberate,,adj.,故意的,,
deliberation,,n.,仔细考虑；商量,,
delicate,,adj.,纤细的；易碎的,,
delicious,,adj.,美味的；怡人的,,
delight,,n.,高兴,,
delightful,,adj.,高兴的,,
deliver,dɪ'lɪvə,v.,递送；发表；交付,The postman delivers mail every morning.,邮递员每天早晨送信。
delivery,,n.,投递；交付；分娩,,
demand,dɪ'mɑːnd,v./n.,要求；需求,The job demands patience.,这份工作需要耐心。
demanding,,adj.,苛求的， 难满足的； 需要高的， 费力的,,
democracy,,n.,民主制；民主,,
democrat,,n.,"民主主义者,美国民主党人",,
democratic,,adj.,民主的,,
demonstrate,'demənstreɪt,v.,证明；演示；示威,The teacher demonstrated the experiment.,老师演示了实验。
demonstration,,n.,展示；游行,,
denial,,n.,否定；拒绝相信,,
dense,dens,adj.,密集的；浓厚的,The city center is dense with buildings.,市中心建筑密集。
density,,n.,密度,,
dent,,vt.,使凹下；挫伤，损害 n. 缺口， 凹痕,,
dental,,adj.,牙齿的， 牙科的,,
dentist,,n.,牙科医生,,
deny,dɪ'naɪ,v.,否认；拒绝,He denied breaking the window.,他否认打破了窗户。
depart,dɪ'pɑːt,v.,离开；出发,The train departs at six.,火车六点出发。
department,,n.,部门,,
departure,,n.,离开，出发，起程,,
depend,dɪ'pend,v.,依靠；取决于,Success depends on your effort.,成功取决于你的努力。
dependable,,adj.,"可靠的, 可信赖的",,
dependence,,n.,依靠， 依赖； 信任,,
dependent,,adj.,依靠的，依赖的,,
deposit,dɪ'pɒzɪt,v./n.,存放；存款；押金,You need to pay a deposit to rent the bike.,租自行车需要付押金。
depress,dɪ'pres,v.,使沮丧；使萧条,Rainy days depress some people.,雨天让一些人情绪低落。
depressed,,adj.,萧条的；沮丧的,,
depressing,,adj.,令人沮丧的,,
depression,,n.,抑郁， 沮丧； 不景气， 萧条； 洼地， 凹陷,,
deprivation,,n.,剥夺，匮乏,,
deprive,,v.,剥夺，夺去，使丧失,,
depth,,n.,深度；深厚；深处,,
deputy,,n.,副职， 副手； 代表， 代理人,,
derivation,,n.,引出；起源；衍生,,
derivative,,adj.,派生的，引出的；无创意的 n. 派生词， 衍生词； 派生物,,
derive,,v.,得到，导出,,
descend,,v.,下来，下降；下倾,,
descendant,,n.,子孙后代,,
descent,,n.,"血统, 后裔",,
describe,dɪ'skraɪb,v.,描述；形容,Can you describe the man you saw?,你能描述一下你看到的那个人吗？
description,,n.,描写，形容；种类,,
descriptive,,adj.,描写的，描述的,,
desert,,v.,抛弃,,
deserve,dɪ'zɜːv,v.,应得；值得,You deserve a rest after hard work.,辛苦工作后你该休息一下。
design,dɪ'zaɪn,v./n.,设计；构思；图案,She designed the poster herself.,她亲自设计了海报。
designer,,n.,设计者,,
desirability,,n.,"愿望, 希求",,
desirable,,adj.,值得相望的；可取的,,
desire,dɪ'zaɪə,n./v.,渴望；愿望,He has a strong desire to learn.,他有强烈的学习愿望。
desk,,n.,书桌，办公桌,,
despair,,n.,绝望 v. 绝望,,
desperate,,adj.,拼死的；绝望的,,
despise,,v.,鄙视，蔑视,,
despite,dɪ'spaɪt,prep.,尽管,"Despite the rain, they went hiking.",尽管下雨，他们还是去远足了。
dessert,,n.,甜点,,
destination,,n.,目的地，终点,,
destroy,dɪ'strɔɪ,v.,破坏；毁灭,The fire destroyed the old library.,大火烧毁了旧图书馆。
destruction,,n.,破坏,,
destructive,,adj.,破坏性的，毁灭性的,,
detail,'diːteɪl,n.,细节；详情,Please give me more details about the plan.,请告诉我计划的更多细节。
detailed,,adj.,细节的，详细的,,
detect,dɪ'tekt,v.,察觉；发现；探测,The test can detect the virus early.,这项检测可以早期发现病毒。
detection,,n.,侦查；察觉,,
detective,,n.,侦探,,
deteriorate,,v.,恶化,,
deterioration,,n.,恶化，退化,,
determination,,n.,意志,,
determine,dɪ'tɜːmɪn,v.,决定；确定,Your attitude determines your progress.,你的态度决定你的进步。
develop,dɪ'veləp,v.,发展；开发；培养,Reading develops your thinking ability.,阅读培养你的思维能力。
developer,,n.,开发者,,
development,,n.,发展；生长；开发,,
developmental,,adj.,发展的,,
device,dɪ'vaɪs,n.,设备；装置,This device measures air pressure.,这个装置测量气压。
devil,,n.,魔鬼，恶魔,,
devise,,v.,设计，发明,,
devote,dɪ'vəʊt,v.,献身；致力于,She devoted herself to teaching.,她献身于教育事业。
devotion,,n.,献身， 奉献； 忠实； 热爱； 虔诚,,
dew,,n.,露，露水,,
diabetes,,n.,糖尿病； 多尿症,,
diagnose,,vt.,诊断,,
diagnosis,,n.,诊断,,
diagram,,n.,图解，图表，简图,,
dial,,n.,钟面；拨号盘 v. 拨,,
dialect,,n.,方言，土语，地方话,,
dialog,,n.,对话，对白,,
diameter,,n.,直径,,
diamond,,n.,金钢石，钻石；菱形,,
diary,,n.,日记，日记簿,,
dictate,,v.,命令，规定 n. 命令，规定,,
dictation,,n.,口授笔录；听写,,
dictator,,n.,独裁者；专制者,,
dictionary,,n.,词典，字典,,
die,,v.,死，死亡；灭亡,,
diet,,n.,日常饮食，日常食物,,
dietary,,adj.,饮食的 n. 规定的食物,,
differ,'dɪfə,v.,不同；相异,Tastes differ from person to person.,每个人口味不同。
difference,,n.,差别；差；分歧,,
different,,adj.,差异的；各种的,,
difficult,,adj.,困难的；难对付的,,
difficulty,,adj.,困难；难事；困境,,
dig,,v.,掘，挖；采掘,,
digest,,v.,消化；领会 n. 文摘,,
digestion,,n.,"消化力, 领悟",,
digestive,,adj.,消化的,,
digit,,n.,数字；手指或足趾；一指宽,,
digital,'dɪdʒɪtl,adj.,数字的；数码的,Digital books are easy to carry.,电子书携带方便。
dignify,,vt.,使有尊严， 使高贵； 美化,,
dignity,,n.,庄重；尊严；体面,,
dilemma,,n.,困境,,
diligence,,n.,勤奋,,
diligent,,adj.,勤奋的,,
dim,,adj.,昏暗的；朦胧的,,
dime,,n.,<美> 一角硬币,,
dimension,,n.,尺寸，尺度；面积,,
dimensional,,adj.,"维度的, 空间的, 尺寸的",,
dine,,v.,吃饭,,
dinner,,n.,正餐，主餐；宴会,,
dioxide,,n.,二氧化物,,
dip,,v.,浸，蘸,,
diploma,,n.,文凭,,
diplomat,,n.,外交官， 外交家； 有交际手腕的人， 圆滑的人,,
diplomatic,,adj.,外交的,,
direct,,adj.,直接的；直率的,,
direction,də'rekʃn,n.,方向；指导；说明,The map shows the direction of the wind.,地图显示了风向。
directly,,adv.,直接地；立即,,
director,,n.,理事；导演；指导者；负责人,,
dirt,,n.,尘，污物，污垢；土,,
dirty,,adj.,脏的；下流的,,
disability,,n.,"无力, 残疾",,
disable,,v.,使无能，使伤残,,
disadvantage,,n.,不利情况，缺点,,
disagree,,v.,有分歧；不一致,,
disagreement,,n.,争论；不一致,,
disappear,ˌdɪsə'pɪə,v.,消失；不见,The sun disappeared behind the clouds.,太阳消失在云层后面。
disappearance,,n.,消失，消散；失踪,,
disappoint,ˌdɪsə'pɔɪnt,v.,使失望,The result disappointed the whole team.,结果让整个团队失望。
disappointing,,adj.,令人失望的,,
disappointment,,n.,失望,,
disapproval,,n.,不赞成,,
disaster,,n.,灾难，灾祸；天灾,,
disastrous,,adj.,灾难性的；悲惨的,,
disc,,n.,圆盘，[电子] 唱片（等于disk） vt. 灌唱片,,
discard,,v.,丢弃，抛弃，遗弃,,
discharge,,v.,释放；排出；批准离开; 命令离开,,
discipline,,n.,纪律；训练 v. 训练,,
disclose,,v.,揭开，揭发；透露,,
disco,,n.,迪斯科舞厅,,
discount,,n.,折扣,,
discourage,,v.,阻止；使气馁,,
discover,dɪ'skʌvə,v.,发现；发觉,Scientists discovered a new planet.,科学家发现了一颗新行星。
discovery,,n.,发现；被发现的事物,,
discriminate,,v.,歧视；区别,,
discrimination,,n.,歧视,,
discuss,dɪ'skʌs,v.,讨论；商量,Let's discuss the plan together.,我们一起讨论这个计划吧。
discussion,,n.,讨论，谈论；论述,,
disease,dɪ'ziːz,n.,疾病,Exercise helps prevent disease.,锻炼有助于预防疾病。
disguise,,v.,隐瞒，掩埋 n. 假装,,
disgust,,n.,厌恶，憎恶,,
dish,,n.,碟，盘子；菜肴,,
dishonest,,adj.,不诚实的,,
dishonour,,n.,不光彩；丢脸的人,,
dishwasher,,n.,洗碗机,,
disintegrate,,v.,分裂成小片，瓦解,,
disintegration,,n.,破裂， 分裂； 瓦解,,
disk,,n.,圆盘，唱片；磁盘,,
dislike,,v.,不喜爱，厌恶 n. 不喜爱，厌恶,,
dismiss,,v.,不再考虑；解雇,,
dismissal,,n.,解雇；免职,,
disorder,,n.,骚乱；混乱，杂乱,,
disorderly,,adj.,杂乱的,,
display,dɪ'spleɪ,v./n.,展示；陈列；显示器,The shop displays the new phones.,商店展示了新款手机。
displease,,v.,使不愉快，使生气,,
disposal,,n.,丢掉，处理，销毁,,
dispose,,v.,去掉，丢掉；销毁,,
dispute,,n.,辩论，争论 v. 辩论，争论,,
disrupt,,vt.,使中断； 扰乱,,
disruption,,n.,分裂,,
disruptive,,adj.,"使破裂的, 分裂性的",,
dissatisfy,,v.,不满意,,
disservice,,n.,伤害，帮倒忙,,
dissolve,,v.,使溶解；解散,,
distance,'dɪstəns,n.,距离；远方,The school is within walking distance.,学校在步行可达的距离内。
distant,,adj.,遥远的,,
distinct,dɪ'stɪŋkt,adj.,清晰的；明显的；不同的,The two plants are quite distinct.,这两种植物差别明显。
distinction,,n.,差别，不同，区分,,
distinctive,,adj.,独特的，与众不同的,,
distinguish,,v.,区别，区分,,
distinguishable,,adj.,"可区别的, 可辨别的",,
distinguished,,adj.,显著的，杰出的,,
distract,,v.,分心,,
distracted,,adj.,分心的,,
distraction,,n.,分心；消遣,,
distress,,v.,使痛苦，悲痛,,
distribute,dɪ'strɪbjuːt,v.,分发；分配；分布,Volunteers distributed food to the homeless.,志愿者向无家可归者分发食物。
distribution,,n.,分发，分配；分布,,
district,'dɪstrɪkt,n.,地区；行政区,They live in a quiet district of the city.,他们住在城市一个安静的街区。
disturb,dɪ'stɜːb,v.,打扰；扰乱,Please do not disturb while I study.,我学习时请不要打扰。
disturbance,,n.,动乱；干扰,,
ditch,,n.,沟，沟渠，渠道,,
dive,,v.,跳水；潜水；俯冲,,
diverse,,adj.,各种各样的,,
diversify,,v.,"使多样化, 作多样性的投资",,
diversity,,n.,多样性；差异,,
divide,dɪ'vaɪd,v.,分开；分配；除,The teacher divided the class into four groups.,老师把全班分成四组。
divine,,adj.,神圣的,,
division,,n.,除法；部门,,
divorce,,n.,离婚，离异 v. 离婚,,
dizzy,,adj.,头晕眼花的，眩晕的,,
do,,aux.,（用于实义动词前构成否定句和疑问句） v. 做，干，办,,
dock,,n.,船坞；码头,,
doctor,,n.,医生，医师；博士,,
doctoral,,adj.,博士的,,
doctorate,,n.,博士学位;博士头衔,,
document,'dɒkjumənt,n.,文件；文档,Sign the document before you leave.,离开前签署这份文件。
documentary,,n.,纪录片,,
dog,,n.,狗，犬；犬科动物,,
doll,,n.,"洋娃娃, 玩偶",,
dollar,,n.,元〔美国、加拿大、澳大利亚等国的货币单位〕,,
dolphin,,n.,海豚,,
domestic,də'mestɪk,adj.,国内的；家庭的；驯养的,Domestic flights are cheaper this month.,本月国内航班更便宜。
dominance,,n.,"支配,优势",,
dominant,,adj.,占优势的,,
dominate,,vi.,拥有优势 vt. 在…中占首要地位；支配，统治，控制；耸立于，俯视,,
domination,,n.,主导,,
donate,dəʊ'neɪt,v.,捐赠；捐献,He donated blood twice a year.,他每年献血两次。
donation,,n.,捐赠,,
donkey,,n.,驴,,
donor,,n.,捐赠者,,
doom,,n.,厄运，毁灭 v. 注定,,
door,,n.,门；通道；一家,,
dorm,,n.,宿舍,,
dormitory,,n.,宿舍,,
dosage,,n.,剂量,,
dose,,n.,剂量，用量；一剂,,
dot,,n.,点，圆点 v. 打点于,,
double,'dʌbl,adj./v.,两倍的；加倍,The price has doubled in five years.,五年里价格翻了一番。
doubt,daʊt,n./v.,怀疑；疑问,There is no doubt that she will win.,毫无疑问她会赢。
doubtful,,adj.,难以预测的；怀疑的,,
doubtless,,adv.,无疑地；很可能,,
dove,,n.,鸽子，斑鸠,,
down,,adv.,向下；在下面,,
downfall,,n.,（雨等的）大下特下,,
download,,v.,下载,,
downsize,,v.,裁员,,
downstairs,,adv.,在楼下 adj. 楼下的,,
downtown,,adv.,往闹市区；在市区 adj. 市中心的 n. 市中心区；三分线以外,,
downward,,adj.,向下的 adv. 向下地,,
dozen,,n.,一打，十二个,,
draft,drɑːft,n./v.,草稿；起草,Write a draft before the final essay.,写定稿前先写个草稿。
drag,dræɡ,v.,拖；拉；拖动,He dragged the heavy box across the floor.,他拖着沉重的箱子穿过地板。
dragon,,n.,龙,,
drain,,v.,排去；放水 n. 耗竭,,
drainage,,n.,排水；下水道,,
drama,,n.,戏剧,,
dramatic,drə'mætɪk,adj.,戏剧性的；巨大的；急剧的,There was a dramatic change in the weather.,天气发生了急剧变化。
dramatically,,adv.,戏剧性地，引人注目地,,
drastic,,adj.,激烈的；严厉的,,
draught,,n.,穿堂风，冷风 adj. 〔啤酒〕桶装的，散装的,,
draw,drɔː,v.,画；拉；吸引；得出,She drew a picture of the sunset.,她画了一幅日落图。
drawer,,n.,抽屉,,
drawing,,n.,图画，素描；绘图,,
dread,,n.,畏惧；恐怖 v. 惧怕,,
dream,,n.,梦；梦想 v. 做梦,,
dress,,n.,服装,,
drift,,v.,漂流；漂泊 n. 趋势；流动,,
drill,,n.,钻头；操练 v. 钻孔,,
drink,,v.,饮 n. 饮料,,
drip,,v.,滴下；漏水 n. 水滴,,
drive,,v.,驾驶；打入；驱,,
driver,,n.,驾驶员，司机,,
drop,drɒp,v./n.,掉落；下降；滴,The temperature dropped below zero.,气温降到了零度以下。
dropout,,n.,辍学者,,
drought,,n.,旱灾，干旱,,
drown,,v.,淹死，溺死,,
drug,,n.,药，药物，药材,,
drum,,n.,鼓；鼓状物；圆桶,,
drunk,,adj.,醉的；陶醉的,,
dry,,adj.,干的，干燥的,,
dual,,adj.,双的， 两重的,,
duck,,n.,鸭；中文释义: 雌鸭；鸭肉,,
due,djuː,adj.,到期的；应有的；由于,The rent is due on the first day of the month.,房租每月一号到期。
dull,,adj.,枯燥的；不鲜明的,,
dumb,,adj.,哑的；无言的,,
dump,,v.,扔下，倾倒；倾销,,
durability,,n.,持久,,
durable,,adj.,持久的，耐用的,,
duration,,n.,持续，持久,,
during,,prep.,在…期间,,
dusk,,n.,薄暮，黄昏，幽暗,,
dust,,n.,灰尘,,
dusty,,adj.,"满是灰尘的, 粉状的",,
duty,'djuːti,n.,责任；义务；职责,It is our duty to protect the environment.,保护环境是我们的责任。
dwelling,,n.,住处，寓所,,
dye,,v.,染 n. 染料；染色,,
dying,,adj.,垂死的；临终的,,
dynamic,daɪ'næmɪk,adj.,有活力的；动态的,She is a dynamic and creative leader.,她是一位充满活力和创造力的领导者。
dynamics,,n.,动力学,,
dynasty,,n.,王朝，朝代,,
each,,,"det,pron. 各，各自",,
eager,'iːɡə,adj.,渴望的；热切的,The students are eager to learn new words.,学生们渴望学习新单词。
eagle,,n.,鹰,,
ear,,n.,耳朵；听力，听觉,,
early,,adv.,早 adj. 早的，早期的,,
earn,ɜːn,v.,赚得；赢得,He earns money by teaching English.,他靠教英语赚钱。
earnest,,adj.,认真的，诚恳的,,
earnings,,n.,工资，收入；收益,,
earth,,n.,地球；陆地，地面,,
earthquake,,n.,地震；大震荡,,
ease,,n.,轻松，舒适,,
easily,,adv.,容易地,,
east,,n.,东；东部 adv. 在东方,,
eastern,,adj.,朝东的；东方的,,
easy,,adj.,容易的；安逸的,,
easygoing,,adj.,脾气随和的，温和的,,
eat,,v.,吃,,
echo,,n.,回声，反响 v. 重复,,
ecological,,adj.,生态学的,,
ecology,,n.,生态学；个体生态学,,
economic,ˌiːkə'nɒmɪk,adj.,经济的；经济学的,The country faces economic growth this year.,今年该国经济将实现增长。
economical,,adj.,节约的；经济的,,
economics,,n.,经济学；经济,,
economist,,n.,经济学者,,
economy,ɪ'kɒnəmi,n.,经济；节约,Tourism is important to the local economy.,旅游业对当地经济很重要。
edge,,n.,边缘，边；刀口,,
edit,,v.,编校；编辑；剪辑,,
edition,ɪ'dɪʃn,n.,版本；版次,This is the latest edition of the dictionary.,这是词典的最新版本。
editor,,n.,编辑，编者，校订者,,
editorial,,adj.,编辑的，主笔的，编者的；社论的，社论式的 n. 社论， 重要评论,,
educate,'edjukeɪt,v.,教育；培养,Parents educate their children at home and school.,父母在家和学校共同教育孩子。
education,,n.,教育；训导,,
educational,,adj.,教育的， 教育性的,,
educator,,n.,教育家,,
effect,ɪ'fekt,n.,效果；影响,The medicine had a quick effect.,这药很快见效。
effective,,adj.,有效的；有影响的,,
efficiency,,n.,效率；效能；功效,,
efficient,ɪ'fɪʃnt,adj.,高效的；效率高的,Email is an efficient way to communicate.,电子邮件是高效的沟通方式。
efficiently,,adj.,有效地,,
effort,'efət,n.,努力；尝试,Learning takes time and effort.,学习需要时间和努力。
egg,,n.,蛋，卵；蛋，鸡蛋,,
eight,,num.,八，八个,,
eighteen,,num.,十八，十八个,,
eighth,,num.,第八 n. 八分之一,,
eighty,,num.,八十，八十个,,
either,,,"det,pron. （两者）任何一个",,
elaborate,,adj.,复杂的；精心制作的,,
elastic,,n.,松紧带 adj. 有弹性的,,
elbow,,n.,肘，肘部；弯管,,
elder,,adj.,年龄较大的 n. 长者,,
elderly,,adj.,较老的，年长的 n. 到了晚年的人， 老年人,,
elect,ɪ'lekt,v.,选举；推选,The class elected her as monitor.,全班选她当班长。
election,,n.,选举；当选,,
elective,,adj.,选举的，有选举权的；可任意选择的 n. 选修课程,,
electric,ɪ'lektrɪk,adj.,电的；用电的,Electric cars are becoming popular.,电动汽车越来越受欢迎。
electrical,,adj.,电的，电气科学的,,
electrician,,n.,电工，电气技师,,
electricity,,n.,电，电学；电流,,
electron,,n.,电子,,
electronic,,adj.,电子的,,
electronically,,adv.,"电子地, 通过电子手段",,
electronics,,n.,电子学,,
elegance,,n.,"高雅,典雅",,
elegant,,adj.,优雅的,,
element,'elɪmənt,n.,元素；要素；成分,Trust is a key element of friendship.,信任是友谊的关键要素。
elementary,,adj.,基本的；初级的,,
elephant,,n.,象,,
elevate,,v.,提升；举起,,
elevation,,n.,高度，海拔,,
elevator,,n.,电梯；升降机,,
eleven,,num.,十一，十一个,,
eleventh,,adj.,第十一（个）,,
eliminate,,v.,消除,,
elimination,,n.,排除，消除；消灭,,
elite,,n.,精英,,
else,,adv.,其它，另外 adj. 别的,,
elsewhere,,adv.,在别处，向别处,,
embarrass,ɪm'bærəs,v.,使尴尬；使难堪,The question embarrassed me.,这个问题让我很尴尬。
embarrassed,,adj.,尴尬的；窘迫的,,
embassy,,n.,大使馆； 大使馆全体成员,,
embrace,,v.,拥抱；欣然接受，乐意采纳 (新思想、意见、宗教等),,
emerge,ɪ'mɜːdʒ,v.,出现；浮现,New problems emerged during the project.,项目期间出现了新问题。
emergence,,n.,出现，发生,,
emergency,ɪ'mɜːdʒənsi,n.,紧急情况；突发事件,Call 120 in an emergency.,紧急情况下请拨打 120。
emission,,n.,排放，辐射,,
emit,,v.,发出，排出,,
emotion,ɪ'məʊʃn,n.,情感；情绪,She spoke with deep emotion.,她带着深厚的感情说话。
emotional,,adj.,情绪(上)的，情感(上)的；激起感情的； 敏感的；情绪激动的〔尤指哭泣〕,,
emperor,,n.,皇帝,,
emphasis,,n.,强调，重点，重要性,,
emphasize,,v.,强调,,
empire,,n.,帝国,,
employ,ɪm'plɔɪ,v.,雇用；使用,The factory employs 500 workers.,这家工厂雇用了 500 名工人。
employee,,n.,受雇者，雇员，雇工,,
employer,,n.,雇佣者，雇主,,
employment,,n.,工作；职业；雇用；使用,,
empower,,vt.,授权于； 使能够,,
empress,,n.,"皇后, 女皇帝, 皇太后, 极有权力的女人",,
empty,,adj.,空的；空洞的,,
enable,ɪ'neɪbl,v.,使能够；使可能,The scholarship enabled her to study abroad.,奖学金使她能够出国留学。
enclose,,v.,附上；围住，圈起,,
encounter,ɪn'kaʊntə,v./n.,遭遇；邂逅,We encountered many difficulties on the way.,途中我们遇到许多困难。
encourage,ɪn'kʌrɪdʒ,v.,鼓励；支持,My teacher encouraged me to speak English.,老师鼓励我说英语。
encouragement,,n.,"鼓励, 奖励",,
end,,n.,末端；目标 v. 结束,,
endanger,,v.,危及，危害，濒临危险,,
ending,,n.,结尾，结局,,
endless,,adj.,无止境的,,
endurance,,n.,耐力,,
endure,ɪn'djʊə,v.,忍受；持续,They endured the long journey patiently.,他们耐心地忍受了漫长的旅程。
enemy,,n.,敌人；仇敌；敌兵,,
energetic,,adj.,精力充沛的,,
energy,'enədʒi,n.,能量；精力,Solar energy is clean and renewable.,太阳能清洁可再生。
enforce,,v.,实施，执行；强制,,
engage,ɪn'ɡeɪdʒ,v.,从事；吸引；订婚,She engaged in volunteer work.,她从事志愿工作。
engagement,,n.,婚约,,
engine,'endʒɪn,n.,发动机；引擎,The engine makes a strange noise.,发动机发出奇怪的噪音。
engineer,,n.,工程师，技师,,
engineering,,n.,工程；工程学,,
england,,n.,英格兰；英国,,
english,,n.,英语 adj. 英国人的,,
englishman,,n.,英国男子,,
enhance,,v.,提高；加强；增加,,
enhancement,,n.,"增进, 增加",,
enjoy,,v.,享受；欣赏，喜爱,,
enjoyable,,adj.,"有趣的, 愉快的",,
enjoyment,,n.,"享乐, 快乐",,
enlarge,,v.,扩大，扩展；放大,,
enlighten,,v.,启发，开导；启蒙,,
enlightenment,,n.,启发， 开导； 开明， 文明,,
enormous,ɪ'nɔːməs,adj.,巨大的；庞大的,The project required an enormous amount of money.,这个项目需要巨额资金。
enough,,,det. 足够的 adv. 足够地,,
enquire,,v.,询问,,
enquiry,,n.,询问,,
enrich,,v.,丰富；使富有,,
enroll,,v.,注册,,
enrollment,,n.,入学人数,,
ensure,ɪn'ʃʊə,v.,确保；保证,Please ensure that all windows are closed.,请确保所有窗户都关好。
enter,,v.,走进，进入；参加,,
enterprise,'entəpraɪz,n.,企业；事业；进取心,Small enterprises create many jobs.,小企业创造了许多就业机会。
enterprising,,adj.,"有事业心的, 有进取心的",,
entertain,ˌentə'teɪn,v.,娱乐；招待,The clown entertained the children.,小丑逗孩子们开心。
entertaining,,adj.,有趣的，使人愉快的,,
entertainment,,n.,娱乐,,
enthusiasm,ɪn'θjuːziæzəm,n.,热情；热忱,She showed great enthusiasm for music.,她对音乐表现出极大的热情。
enthusiast,,n.,"热心家, 狂热者",,
enthusiastic,,adj.,热情的，热心的,,
entire,ɪn'taɪə,adj.,全部的；整个的,He spent the entire day reading.,他花了一整天读书。
entitle,,v.,使具有权利，使具有资格,,
entrance,,n.,入口，门口；进入,,
entrepreneur,,n.,企业家,,
entrepreneurial,,adj.,"企业家的, 企业性质的",,
entry,,n.,入口处；登记；进入,,
envelope,,n.,信封；封套；封皮,,
environment,ɪn'vaɪrənmənt,n.,环境,We should protect the environment.,我们应该保护环境。
environmental,,adj.,环境的，环境产生的,,
environmentalist,,n.,"环境保护论者, 环境论者, 环境论信奉者",,
envy,,v.,妒忌；羡慕 n. 妒忌；羡慕,,
epidemic,,adj.,流行性的；传染的 n. 流行病； 传播,,
episode,,n.,一个事件； 插曲， 片段； 连续剧的一集,,
equal,'iːkwəl,adj./v.,相等的；等于,Everyone deserves equal opportunities.,每个人都应享有平等的机会。
equality,,n.,平等,,
equation,,n.,方程（式）；等式,,
equip,,v.,装备，配备,,
equipment,ɪ'kwɪpmənt,n.,设备；装备,The lab is full of modern equipment.,实验室里都是现代化设备。
equivalence,,n.,等值，相等,,
equivalent,,adj.,相等的，相当的,,
era,,n.,纪元，年代,,
erase,,v.,抹去；擦除,,
erect,,v.,建造；使竖立,,
erroneous,,adj.,错误的， 不正确的,,
error,'erə,n.,错误；差错,The report contains several spelling errors.,报告里有几个拼写错误。
escape,ɪ'skeɪp,v./n.,逃跑；逃避,The bird escaped from the cage.,鸟从笼子里逃走了。
especially,,adv.,尤其；特别，格外,,
essay,,n.,散文，文章,,
essence,,n.,本质，本体,,
essential,ɪ'senʃl,adj.,必不可少的；本质的,Water is essential for life.,水对生命必不可少。
essentially,,adv.,本质上，根本上,,
establish,ɪ'stæblɪʃ,v.,建立；设立,The school was established in 1920.,这所学校创办于 1920 年。
establishment,,n.,确立,,
estate,,n.,土地， 住宅区， 地产； 财产， 遗产； 庄园， 种植园,,
esteem,,n.,自尊,,
estimate,'estɪmeɪt,v./n.,估计；估算,We estimate the journey will take two hours.,我们估计旅程需要两小时。
eternal,,adj.,永久的；不朽的,,
ethic,,n.,道德准则， 行为准则， 伦理标准；,,
ethics,,n.,伦理学；伦理观；道德标准,,
ethnic,,adj.,种族的,,
europe,,n.,欧洲,,
european,,adj.,欧洲的 n. 欧洲人,,
evaluate,ɪ'væljueɪt,v.,评估；评价,Teachers evaluate students' progress monthly.,老师每月评估学生进步。
evaluation,,n.,评价，评估,,
evaporate,,v.,使蒸发,,
eve,,n.,前夜，前夕,,
even,,adv.,甚至；甚至更，还,,
evening,,n.,傍晚，黄昏，晚上,,
evenly,,adv.,一致地；平静地,,
event,ɪ'vent,n.,事件；活动,The school holds a sports event every year.,学校每年举办一次运动会。
eventual,,adj.,"最后的, 结局的",,
eventually,,adv.,终于；最后,,
ever,,adv.,在任何时候；曾经,,
everlasting,,adj.,永恒的,,
every,,,det. 每一的；每隔…的,,
everybody,,pron.,每人，人人,,
everyday,,adj.,每天的，日常的,,
everyone,,pron.,每人，人人,,
everything,,pron.,每件事，事事,,
everywhere,,adv.,到处，处处,,
evidence,'evɪdəns,n.,证据；迹象,There is no evidence that he was there.,没有证据表明他在那里。
evident,,adj.,明显的,,
evidently,,adv.,明显地， 显然,,
evil,,n.,邪恶，罪恶,,
evolution,,n.,演变，进化,,
evolutionary,,adj.,进化的；演变的,,
evolve,,v.,使发展,,
exact,ɪɡ'zækt,adj.,确切的；精确的,What is the exact time of the meeting?,会议的确切时间是几点？
exactly,,adv.,确切地；恰恰正是,,
exaggerate,,v.,夸张,,
exaggeration,,n.,夸张； 夸大之词,,
exam,,n.,考试；检查，细查,,
examination,,n.,考试；检查，细查,,
examine,ɪɡ'zæmɪn,v.,检查；考试；审查,The doctor examined the patient carefully.,医生仔细检查了病人。
example,ɪɡ'zɑːmpl,n.,例子；榜样,This is a good example of teamwork.,这是团队合作的好例子。
exceed,ɪk'siːd,v.,超过；超出,Do not exceed the speed limit.,不要超速行驶。
exceedingly,,adv.,极端地，非常,,
excel,,v.,胜过，杰出,,
excellence,,n.,"优秀, 卓越",,
excellent,,adj.,卓越的，杰出的，极好的,,
except,ɪk'sept,prep.,除……之外,Everyone came except Tom.,除汤姆外大家都来了。
exception,,n.,例外,,
exceptional,,adj.,例外的,,
excess,,n.,过量，过度,,
excessive,,adj.,过度的,,
exchange,ɪks'tʃeɪndʒ,v./n.,交换；交流；兑换,We exchanged gifts at the party.,我们在聚会上交换了礼物。
excite,ɪk'saɪt,v.,使兴奋；使激动,The good news excited everyone.,好消息让大家很兴奋。
excitement,,n.,刺激， 激动， 兴奋； 令人兴奋的事， 刺激的因素,,
exciting,,adj.,令人兴奋的,,
exclaim,,v.,呼喊；惊叫,,
exclamation,,n.,呼喊，惊叫；感叹,,
exclude,,v.,排除，不包括,,
exclusion,,n.,"排除, 除外",,
exclusive,,adj.,奢华的，高级的；独有的，独享的；排斥的，排他的；不包括…的，不把…计算在内的 n. 独家新闻,,
exclusively,,adv.,专门地,,
excursion,,n.,远足；短途旅行,,
excuse,,v.,原谅；免除 n. 借口,,
execute,,v.,将…处死；实施,,
execution,,n.,实行，执行；处死刑,,
executive,,adj.,执行的 n. 执行者,,
exemplary,,adj.,可作楷模的， 典范的,,
exemplify,,v.,举例证明（解释）,,
exercise,'eksəsaɪz,n./v.,锻炼；练习；运用,Daily exercise keeps you healthy.,每天锻炼使你健康。
exert,,v.,运用；尽（力）,,
exertion,,n.,运用,,
exhaust,,v.,使筋疲力尽,,
exhaustion,,n.,"耗尽枯竭,疲惫,竭尽",,
exhaustive,,adj.,详尽的；彻底的；消耗的,,
exhibit,,v.,陈列，展览；显示,,
exhibition,,n.,展览,,
exile,,n.,流放，放逐,,
exist,ɪɡ'zɪst,v.,存在；生存,Life cannot exist without water.,没有水生命就无法存在。
existence,,n.,存在，实在；生活,,
exit,,n.,出口；退场 v. 退出,,
expand,,v.,扩大,,
expansion,,n.,扩大；扩充；扩张,,
expect,ɪk'spekt,v.,期待；预料,We expect to finish the work by Friday.,我们预计周五前完成工作。
expectancy,,n.,预料； 期待； 盼望,,
expectation,,n.,期望,,
expel,,v.,开除，驱逐,,
expend,,vt.,花费， 消费； 消耗,,
expenditure,,n.,费用，花销,,
expense,ɪk'spens,n.,费用；花费,Living expenses in big cities are high.,大城市的生活费用很高。
expensive,,adj.,昂贵的，花钱多的,,
experience,ɪk'spɪəriəns,n./v.,经验；经历；体验,She has rich experience in teaching.,她有丰富的教学经验。
experiment,ɪk'sperɪmənt,n./v.,实验；试验,The students did an experiment in chemistry class.,学生们在化学课上做了实验。
experimental,,adj.,实验的，试验的,,
expert,'ekspɜːt,n./adj.,专家；熟练的,He is an expert in computer science.,他是计算机科学专家。
expertise,,n.,专业知识,,
explain,ɪk'spleɪn,v.,解释；说明,Please explain the word in English.,请用英语解释这个词。
explanation,,n.,解释，说明；辩解,,
explicit,,adj.,明晰的；直率的,,
explicitly,,adv.,直接地，明确地,,
explode,,v.,使爆炸,,
exploit,,v.,开采,,
exploitation,,n.,"开发, 开采",,
exploration,,n.,考察；勘探；探查,,
explore,ɪk'splɔː,v.,探索；探险；探究,We explored the old town on foot.,我们步行游览了老城区。
explosion,,n.,爆炸,,
explosive,,n.,炸药 adj. 会爆炸的,,
export,,v.,出口；输出,,
exportation,,n.,出口,,
expose,,v.,暴露,,
exposure,,n.,暴露；揭露,,
express,ɪk'spres,v./adj.,表达；特快的,She expressed her thanks to everyone.,她向每个人表达了感谢。
expression,,n.,词句；表达；表情,,
expressive,,adj.,"表达的,意味深长的",,
expressiveness,,n.,表达,,
extend,ɪk'stend,v.,延伸；扩大；延长,They extended the road to the coast.,他们把路延伸到海边。
extension,,n.,分机,,
extensive,,adj.,广阔的；广泛的,,
extensively,,adv.,广泛地,,
extent,,n.,程度；广度；范围,,
exterior,,adj.,外部的,,
external,,adj.,外部的，外面的,,
extinguish,,v.,熄灭；使消亡,,
extra,'ekstrə,adj./n.,额外的；附加的,Can you make an extra copy?,你能多复印一份吗？
extracurricular,,adj.,课外的,,
extraordinary,,adj.,非凡的,,
extreme,ɪk'striːm,adj./n.,极端的；极大的,The weather was extreme this summer.,今年夏天天气极端。
extremely,,adv.,极端，极其，非常,,
extremity,,n.,极度，绝境,,
eye,,n.,眼睛；眼力,,
eyebrow,,n.,眉毛 v. 为…描眉；用皱眉蹙额迫使,,
eyesight,,n.,视力，目力,,
fable,,n.,寓言；虚构的故事,,
fabric,,n.,织物，纺织品；结构,,
face,,n.,脸；表面,,
facial,,adj.,"脸部的,面部的",,
facilitate,,v.,使便利，促进,,
facilitation,,n.,"简易化, 助长",,
facility,fə'sɪləti,n.,设施；设备,The hotel has excellent sports facilities.,这家酒店有极好的运动设施。
fact,,n.,事实；实际，实情,,
factor,'fæktə,n.,因素；要素,Hard work is an important factor in success.,努力是成功的重要因素。
factory,,n.,工厂，制造厂,,
factual,,adj.,"事实的,实际的",,
faculty,,n.,系，科；才能，能力,,
fade,,v.,逐渐消失,,
fahrenheit,,n.,华氏温度,,
fail,,v.,失败；不能；失灵,,
failure,'feɪljə,n.,失败；故障,Failure is the mother of success.,失败是成功之母。
faint,,adj.,微弱的；虚弱的,,
fair,,n.,集市,,
fairly,,adv.,相当；公平地,,
fairy,,n.,小精灵， 小仙子,,
faith,,n.,信任,,
faithful,,adj.,忠诚的；如实的,,
fake,,n.,假货,,
fall,,v.,落下；跌倒；陷落,,
false,,adj.,不真实的；伪造的,,
falsehood,,n.,谬误， 虚假； 谎言， 说谎,,
fame,,n.,名声，名望,,
familiar,fə'mɪliə,adj.,熟悉的,This song sounds familiar to me.,这首歌我听起来很熟悉。
familiarity,,n.,"熟悉,通晓,精通",,
familiarize,,vt.,使熟悉,,
family,,n.,家，家庭；家族,,
famine,,n.,饥荒,,
famous,,adj.,著名的，出名的,,
fan,,n.,（运动等）狂热爱好者,,
fancy,'fænsi,adj./v.,花哨的；想要；想象,I fancy a cup of coffee.,我想来杯咖啡。
fantasize,,v.,想象，幻想,,
fantastic,,adj.,极好的， 极出色的， 了不起的； 极大的； 难以相信的； 异想天开的， 不实际的； 奇异的， 古怪的,,
fantasy,,n.,想象， 幻想； 想象的产物,,
far,,adj.,远的 adv. 远，遥远,,
fare,,n.,车费，船费，票价,,
farewell,,int.,再会 n. 告别,,
farm,,n.,农场，农庄；饲养场,,
farmer,,n.,农民，农夫；农场主,,
farther,,adv.,更远地 adj. 更远的,,
fascinate,,v.,强烈地吸引，迷住,,
fascinating,,adj.,迷人的， 有极大吸引力的,,
fascination,,n.,魅力；入迷,,
fashion,'fæʃn,n.,时尚；时装；方式,Fashion changes quickly.,时尚变化很快。
fashionable,,adj.,流行的，时髦的,,
fast,,adj.,快的；偏快的 adv. 快,,
fasten,,v.,扎牢，扣住,,
fat,,adj.,肥的，胖的；油腻的；丰满的 n. 脂肪，肥肉 v. 养肥；在…中加入脂肪,,
fatal,,adj.,致命的，攸关的,,
fate,,n.,命运,,
father,,n.,父亲；神父；创始人,,
fatigue,,n.,疲劳，疲乏,,
fault,fɔːlt,n.,过错；缺点；故障,It is not my fault that the train was late.,火车晚点不是我的错。
faulty,,adj.,有缺点的；有错误的,,
favor,'feɪvə,n./v.,恩惠；赞成；偏爱,Could you do me a favor?,你能帮我个忙吗？
favorable,,adj.,赞同的,,
favorite,,adj.,特别喜欢的， 中意的 n. 最喜欢的人或物,,
favour,,n.,恩惠；赞同,,
favourable,,adj.,赞成的；有利的,,
favourite,,adj.,特别受喜爱的,,
fax,,v.,传真 n. 传真,,
fear,,n.,害怕；担心 v. 害怕,,
fearful,,adj.,害怕的，可怕的,,
feasibility,,n.,可行,,
feasible,,adj.,可行的；可能的；可用的,,
feast,,n.,盛宴；筵席；节日,,
feather,,n.,羽毛；翎毛；羽状物,,
feature,'fiːtʃə,n.,特征；特色；专题节目,The phone has many new features.,这款手机有很多新功能。
february,,n.,二月,,
federal,'fedərəl,adj.,联邦的；联邦制的,Federal law protects workers' rights.,联邦法律保护工人权利。
federation,,n.,联合会； 联邦,,
fee,fiː,n.,费用；服务费,The entrance fee is twenty yuan.,门票是二十元。
feeble,,adj.,虚弱的；微弱的,,
feed,,v.,喂（养）；吃饲料,,
feedback,,n.,反馈,,
feel,,v.,有知觉；触，摸,,
feeling,,n.,感觉，知觉；感情,,
fellow,,n.,家伙；伙伴,,
fellowship,,n.,伙伴关系；联谊会,,
female,,n.,雌性的动物；女性,,
fence,,n.,栅栏,,
ferry,,n.,渡船 v. 运送,,
fertile,,adj.,肥沃的,,
fertility,,n.,多产，肥沃,,
fertilizer,,n.,肥料,,
festival,,n.,〔电影、戏剧、音乐等的〕节，节庆，会演；节日,,
fetch,,v.,取回,,
fever,,n.,发热，发烧；狂热,,
few,,adj.,很少的；少数的,,
fiber,,n.,纤维；光纤（等于fibre）,,
fibre,,n.,纤维质；纤维,,
fiction,,n.,小说，虚构的文学作品,,
fictional,,adj.,"虚构的,小说的",,
field,,n.,田野；田；运动场,,
fierce,,adj.,凶猛的；狂热的,,
fifteen,,num.,十五；十五个,,
fifth,,num.,第五 n. 五分之一,,
fifty,,num.,五十，五十个,,
fight,,v.,打（仗）；斗争,,
figurative,,adj.,比喻的，借喻的,,
figure,'fɪɡə,n./v.,数字；人物；身材；认为,The exact figure is not known.,确切数字还不知道。
file,,n.,档案 v. 把…归档,,
fill,,v.,装满，盛满；占满,,
film,,n.,影片；胶卷；薄层,,
filter,,v.,过滤 n. 过滤器,,
final,,adj.,最后的；决定性的,,
finalize,,vt.,使完成； 把…最后定下来； 定稿,,
finally,,adv.,最后,,
finance,'faɪnæns,n./v.,财政；金融；为……提供资金,She works in international finance.,她在国际金融领域工作。
financial,,adj.,财政的，经济的,,
find,,v.,找到；找出；发觉,,
finding,,n.,发现；调查的结果,,
fine,,v.,罚款,,
finger,,n.,手指；指状物,,
finish,,v.,完成；结束 n. 结尾,,
fire,,n.,火；火灾 v. 开火,,
fireman,,n.,消防队员,,
fireplace,,n.,壁炉,,
firm,fɜːm,n./adj.,公司；牢固的；坚定的,He runs a small law firm.,他经营一家小型律师事务所。
first,,num.,第一 adv. 最初,,
fish,,n.,鱼；鱼肉 v. 钓鱼,,
fisherman,,n.,渔民，渔夫，打鱼人,,
fist,,n.,拳（头）,,
fit,,v.,适合；安装,,
fitness,,n.,健康,,
five,,num.,五，五个，第五,,
fix,fɪks,v.,修理；固定；确定,Can you fix the broken chair?,你能修好这把坏椅子吗？
fixation,,n.,"固定, 注视",,
fixture,,n.,固定装置,,
flag,,n.,旗，旗帜,,
flame,,n.,火焰；热情,,
flare,,v.,闪耀,,
flash,,n.,闪光 v. 闪，闪烁,,
flat,flæt,n./adj.,公寓；平的；平淡的,They rent a flat near the campus.,他们在校园附近租了一套公寓。
flavor,,n.,口味,,
flavour,,n.,味，味道；风味,,
flaw,,n.,缺点；错误,,
flee,,v.,逃走， 逃掉， 逃离； 避开， 逃避,,
fleet,,n.,舰队；机群,,
flesh,,n.,肉，肌肉；肉体,,
flexibility,,n.,灵活性；适应性,,
flexible,,adj.,灵活的,,
flight,flaɪt,n.,航班；飞行；楼梯的一段,The flight to Beijing takes two hours.,飞往北京的航班需要两小时。
float,,v.,漂浮；使漂浮,,
flock,,n.,羊群，群；大量,,
flood,,n.,洪水 v. 淹没,,
floor,,n.,地板；楼层,,
flour,,n.,面粉，粉；粉状物质,,
flourish,,v.,繁荣，茂盛，兴旺,,
flow,,n.,流动 v. 流动,,
flower,,n.,花，花卉；开花,,
flu,,n.,流行性感冒,,
fluctuate,,v.,波动,,
fluctuation,,n.,波动,,
fluent,,adj.,流利的，流畅的,,
fluid,,n.,流体，液体,,
flush,,v.,（脸）发红,,
fly,,n.,蝇，苍蝇 v. 飞行,,
focus,'fəʊkəs,v./n.,集中；焦点；重点,Focus on your own goals.,专注于你自己的目标。
fog,,n.,雾；烟雾，尘雾,,
foggy,,adj.,有雾的；模糊的，朦胧的,,
fold,,v.,折叠；合拢 n. 褶,,
folk,,n.,人们；家属，亲属,,
follow,,v.,跟随；结果是,,
following,,adj.,接着的；下列的,,
fond,,adj.,喜爱的；溺爱的,,
food,,n.,食物，食品；养料，精神食粮,,
fool,,n.,蠢人，傻子 v. 欺骗,,
foolish,,adj.,愚蠢的；鲁莽的,,
foot,,n.,脚；最下部；英尺,,
football,,n.,足球,,
foothold,,n.,立足处（攀登时脚踩的地方）,,
footprint,,n.,足迹,,
footstep,,n.,脚步；脚步声；足迹,,
for,,prep.,给；为；因为,,
forbid,,v.,禁止，不许；阻止,,
force,fɔːs,v./n.,强迫；力量；军队,Nobody can force you to do it.,没人能强迫你做这件事。
forceful,,adj.,"有力的, 强烈的",,
forecast,,n.,预测，预报 v. 预示,,
forefinger,,n.,食指,,
forehead,,n.,额头，前部,,
foreign,'fɒrən,adj.,外国的；外来的,She can speak two foreign languages.,她会说两门外语。
foreigner,,n.,外国人,,
foremost,,adj.,最初的；第一流的,,
foresee,,v.,预见，预知，看穿,,
foreseeable,,adj.,可以预见的,,
foresight,,n.,"远见, 深谋远虑",,
forest,,n.,森林；森林地带,,
forever,,adv.,永远；总是，老是,,
forge,,vt.,打制， 锻造； 伪造,,
forgery,,n.,伪造；伪造罪；伪造物,,
forget,fə'ɡet,v.,忘记,Don't forget to lock the door.,别忘了锁门。
forgive,,v.,原谅，饶恕，宽恕,,
fork,,n.,餐叉；叉；分叉,,
form,,n.,形式；形状 v. 形成,,
formal,'fɔːml,adj.,正式的；正规的,Business letters use formal language.,商务信函使用正式语言。
format,,n.,设计，安排；格式，样式，版式 vt. 使格式化,,
formation,,n.,形成；构成；形成物,,
former,'fɔːmə,adj.,以前的；前任的,The former president wrote a book.,前总统写了一本书。
formula,,n.,公式，式,,
formulate,,v.,规定，制定,,
formulation,,n.,表述方式,,
forth,,adv.,向前；向外，往外,,
forthcoming,,adj.,即将来临的,,
fortnight,,n.,两星期，十四天,,
fortunate,,adj.,幸运的；侥幸的,,
fortunately,,adv.,幸运地,,
fortune,'fɔːtʃuːn,n.,财富；运气,He made a fortune in business.,他经商发了财。
forty,,num.,四十，第四十,,
forum,,n.,论坛,,
forward,'fɔːwəd,adv./adj.,向前；向前方的,She stepped forward to ask a question.,她向前一步提问。
fossil,,n.,化石,,
found,,v.,创立，创办；建立,,
foundation,,n.,地基；基础；；基金会,,
founding,,adj.,创办的 n. 资金,,
fountain,,n.,泉水，喷泉；源泉,,
four,,num.,四，四个，第四,,
fourfold,,adv.,四倍， 四重 adj. 四倍的，四重的,,
fourteen,,num.,十四,,
fourth,,pron.,第四 n. 四分之一,,
fox,,n.,狐狸；狡猾的人,,
fraction,,n.,小部分；片断；分数,,
fragment,,n.,碎片，破片，碎块,,
fragmentary,,adj.,由碎片组成的,,
frame,,n.,框架,,
framework,,n.,框架，构架，结构,,
france,,n.,法国，法兰西,,
frank,,adj.,坦白的，直率的,,
free,,adj.,自由的；空闲的,,
freedom,,n.,自由；自主,,
freely,,adv.,自由地；直率地,,
freeze,friːz,v.,结冰；冻结；愣住,The lake freezes in winter.,冬天湖面结冰。
freight,,n.,货运；货物；运费,,
french,,adj.,法国的 n. 法国人,,
frequency,,n.,屡次；次数；频率,,
frequent,'friːkwənt,adj.,频繁的；经常的,He makes frequent visits to his hometown.,他经常回老家。
frequently,,adv.,时常，常常,,
fresh,,adj.,新的；新鲜的,,
friction,,n.,摩擦；摩擦力,,
friday,,n.,星期五,,
fridge,,n.,电冰箱,,
friend,,n.,朋友，友人,,
friendly,,adj.,友好的；友谊的,,
friendship,,n.,友谊；友好,,
fright,,n.,惊吓，恐怖,,
frighten,'fraɪtn,v.,使害怕；使惊恐,The loud noise frightened the baby.,巨响吓到了婴儿。
frog,,n.,蛙,,
from,,prep.,从…来,,
front,,adj.,前面的 n. 前部,,
frontier,,n.,边境,,
frost,,n.,冰冻，严寒；霜,,
frown,,v.,皱眉,,
fruit,,n.,水果；果实；成果,,
fruitful,,adj.,多产的；肥沃的,,
frustrate,,vt.,使沮丧， 使灰心； 挫败， 使受挫折,,
frustration,,n.,挫败， 挫折， 受挫,,
fry,,v.,油煎，油炸，油炒,,
fuel,,n.,燃料 v. 给…加燃料,,
fulfil,,v.,履行；满足；完成,,
fulfill,,vt.,履行， 实现， 完成； 满足， 使满意,,
full,,adj.,满的；完全的,,
fun,,n.,乐趣，娱乐；玩笑,,
function,,n.,功能 v. 运行,,
functional,,adj.,功能的,,
fund,,n.,基金，储备； v. 提供资金,,
fundamental,,adj.,基础的，基本的,,
fundamentally,,adv.,根本上,,
funding,,n.,基金， 资金； 提供资金,,
funeral,,n.,葬礼，丧礼，丧葬,,
funny,,adj.,滑稽的；古怪的,,
fur,,n.,软毛；毛皮，裘皮,,
furious,,adj.,狂怒的；狂暴的,,
furnace,,n.,炉子，熔炉；鼓风炉,,
furnish,,v.,装备，布置 （房间、建筑物）；供应，提供,,
furniture,,n.,家具,,
further,'fɜːðə,adj./adv.,更远的；进一步,We need further discussion.,我们需要进一步讨论。
furthermore,,adv.,而且，此外,,
fuss,,n.,大惊小怪,,
fussy,,adj.,爱挑剔的；,,
future,,n.,将来，未来；前途,,
gain,ɡeɪn,v./n.,获得；增加；收益,She gained confidence through practice.,她通过练习获得了信心。
gallery,,n.,美术馆,,
gallon,,n.,加仑,,
gamble,,n.,赌博 v. 冒…的险,,
gambling,,n.,赌博,,
game,,n.,游戏；比赛；猎物,,
gang,,n.,一帮，一伙,,
gangster,,n.,匪徒，歹徒，暴徒,,
gaol,,vt.,监禁 n. 监狱,,
gap,,n.,缝隙，缺口；差距,,
garage,,n.,车库,,
garbage,,n.,垃圾，污物，废料,,
garden,,n.,花园，菜园；公园,,
gardener,,n.,园丁，花匠,,
gardening,,n.,园艺,,
garlic,,n.,大蒜,,
garment,,n.,衣服；服装，衣着,,
gas,,n.,气体；煤气；汽油,,
gaseous,,adj.,气体的，气态的,,
gasoline,,n.,（美）汽油,,
gasp,,v.,气喘，喘息,,
gate,,n.,大门；篱笆门,,
gather,'ɡæðə,v.,聚集；收集；推断,A crowd gathered around the singer.,一群人围在歌手周围。
gathering,,n.,集会，聚会，聚集,,
gauge,,v.,量，测量 n. 量器,,
gay,,adj.,快乐的；鲜明的,,
gaze,,v.,凝视，盯，注视,,
gear,,n.,齿轮 v. 使合适,,
gender,,n.,性别,,
gene,,n.,基因,,
general,'dʒenərəl,adj./n.,普遍的；总的；将军,The general idea is clear to everyone.,总体思路大家都清楚。
generalization,,n.,概括,,
generalize,,v.,概括出,,
generally,,adv.,一般地；通常地,,
generate,'dʒenəreɪt,v.,产生；引起,Wind can generate electricity.,风可以发电。
generation,,n.,一代人；产生,,
generator,,n.,发电机；发生者,,
generic,,adj.,【生物】 属的， 类的； 一般的， 普通的,,
generosity,,n.,慷慨，大方,,
generous,'dʒenərəs,adj.,慷慨的；大方的,She is generous with her time.,她在时间上很慷慨。
genetic,,adj.,基因的,,
genius,'dʒiːniəs,n.,天才；天赋,He is a genius at solving puzzles.,他是解谜天才。
gentle,'dʒentl,adj.,温柔的；轻柔的,She spoke in a gentle voice.,她用温柔的声音说话。
gentleman,,n.,绅士；有教养的人,,
gently,,adv.,有礼貌地；柔和地,,
genuine,'dʒenjuɪn,adj.,真正的；真诚的,The painting is a genuine masterpiece.,这幅画是真正的杰作。
geographic,,adj.,地理的,,
geography,,n.,地理，地理学,,
geological,,adj.,地质学的,,
geology,,n.,地质学,,
geometric,,adj.,几何(学)的,,
geometry,,n.,几何，几何学,,
germ,,n.,微生物，细菌；幼芽,,
german,,adj.,德国的 n. 德国人,,
germany,,n.,德意志，德国,,
gesture,,n.,手势，姿势,,
get,,v.,获得，得到；到达；变成，成为,,
ghost,,n.,鬼，灵魂；鬼魂,,
giant,,n.,〔儿童故事中的〕巨人；巨人；巨物,,
gift,,n.,礼物；天赋,,
gigantic,,adj.,巨大的；巨人似的,,
girl,,n.,女孩子，姑娘；女儿,,
give,,v.,做，作；送给,,
given,,adj.,规定的，特定的；假设的；已知的；有癖好的，有倾向的 prep. 考虑到,,
glad,,adj.,高兴的；乐意的,,
glance,,v.,看一下 n. 一瞥,,
glare,,v.,瞪眼 n. 瞪眼,,
glass,,n.,玻璃；玻璃杯,,
glide,,v.,滑动 n. 滑行,,
glimpse,,v.,瞥见 n. 一瞥，一看,,
glitter,,v.,闪闪发光 n. 闪光,,
global,'ɡləʊbl,adj.,全球的；总体的,Climate change is a global problem.,气候变化是全球性问题。
globe,,n.,地球，世界；地球仪,,
gloom,,n.,昏暗， 阴暗； 忧郁， 沮丧,,
gloomy,,adj.,阴沉的，沮丧的,,
glorious,,adj.,辉煌的,,
glory,,n.,光荣；荣誉的事,,
glove,,n.,手套,,
glow,,n.,白热光 v. 发白热光,,
glue,,n.,胶，胶水 v. 胶合,,
go,,v.,去；走；变为,,
goal,ɡəʊl,n.,目标；球门；进球,Set a clear goal before you start.,开始前先设定明确目标。
goat,,n.,山羊,,
god,,n.,神，神像；上帝,,
gold,,n.,金 adj. 金制的,,
golden,,adj.,金色的；极好的,,
golf,,n.,高尔夫球,,
good,,adj.,好的；有本事的,,
goodness,,n.,优良，德性，仁慈,,
goods,,n.,货物；商品,,
goose,,n.,鹅；雌鹅,,
gorgeous,,adj.,极其漂亮的，极其吸引人的；绚丽的，华丽的,,
gossip,,n.,闲谈；碎嘴子；漫笔,,
govern,'ɡʌvn,v.,统治；管理；支配,Laws govern our daily life.,法律规范着我们的日常生活。
government,,n.,政府；治理；政治,,
governor,,n.,州长；主管人员,,
gown,,n.,长袍，长外衣,,
grab,,v.,抢先，抢占，抢夺,,
grace,,n.,优美；文雅；雅致,,
graceful,,adj.,优美的，优雅的,,
gracious,,adj.,有礼貌的；仁慈的,,
grade,ɡreɪd,n./v.,年级；分数；评分,She got a good grade in math.,她数学得了好成绩。
gradual,,adj.,逐渐的；渐进的,,
gradually,,adv.,逐渐地，逐步地,,
graduate,'ɡrædʒuət,v./n.,毕业；毕业生,He graduated from Peking University.,他毕业于北京大学。
graduation,,n.,毕业典礼,,
grain,,n.,谷物，粮食,,
gram,,n.,克,,
grammar,,n.,语法；语法书,,
grammatical,,adj.,语法上的,,
gramme,,n.,克（重量单位）,,
grand,,adj.,宏伟的；重大的,,
granddaughter,,n.,孙女，外孙女,,
grandfather,,n.,祖父；外祖父,,
grandmother,,n.,祖母，外祖母,,
grandparent,,n.,"祖父或祖母, 祖父母",,
grandson,,n.,孙子，外孙子,,
grant,ɡrɑːnt,v./n.,授予；同意；助学金,The university granted her a scholarship.,大学授予她奖学金。
grape,,n.,葡萄；葡萄藤,,
graph,,n.,（曲线）图，图表,,
graphic,,adj.,生动的， 形象的； 绘画的， 文字的， 图表的,,
grasp,,v.,抓紧；掌握 n. 抓,,
grass,,n.,草；牧草；草地,,
grassy,,adj.,草多的,,
grateful,'ɡreɪtfl,adj.,感激的；感谢的,I am grateful for your advice.,我感激你的建议。
gratitude,,n.,感激，感谢，感恩,,
grave,,n.,坟墓,,
gravitation,,n.,"地心吸力, 引力作用",,
gravity,,n.,重力，引力；严重性,,
gray,,adj.,灰色的 n. 灰色,,
great,,adj.,大的；伟大的,,
greatly,,adv.,大大地，非常,,
greedy,,adj.,贪吃的；贪婪的,,
greek,,adj.,希腊的 n. 希腊人,,
green,,adj.,绿色的 n. 绿色,,
greenhouse,,n.,温室，玻璃暖房,,
greet,,v.,问候，招呼；反应,,
greeting,,n.,问候，招呼，致敬,,
grey,,adj.,灰色的 n. 灰色,,
grid,,n.,输电网,,
grief,,n.,悲伤,,
grieve,,v.,悲痛；使悲痛,,
grievous,,adj.,令人忧伤的； 极严重的,,
grin,,v.,咧着嘴笑,,
grind,,v.,磨（碎）；磨利,,
grip,,v.,握紧，抓牢 n. 紧握,,
groan,,v.,哼，呻吟 n. 呻吟,,
grocer,,n.,食品商；杂货商,,
grocery,,n.,杂货店,,
gross,,adj.,总的；严重的,,
ground,,n.,地；场地；根据,,
groundlessly,,adv.,无缘无故地，无根据地,,
groundsheet,,n.,防潮布,,
group,,n.,小组，群 v. 聚集,,
grow,,v.,增长；生长,,
growth,,n.,增长；增长量；生长,,
guarantee,ˌɡærən'tiː,v./n.,保证；担保,Good service does not guarantee success.,好服务不一定保证成功。
guard,ɡɑːd,n./v.,守卫；警卫；保护,The dog guards the house at night.,狗在夜里看家。
guardian,,n.,监护人； 守卫者， 保护者,,
guess,,v.,猜测，推测 n. 猜测，推测,,
guest,,n.,客人，宾客；旅客,,
guidance,,n.,引导，指导，领导,,
guide,ɡaɪd,n./v.,导游；指南；引导,The guide showed us around the museum.,导游带我们参观了博物馆。
guideline,,n.,指导原则,,
guilt,,n.,有罪，犯罪行为,,
guilty,'ɡɪlti,adj.,内疚的；有罪的,He felt guilty about telling a lie.,他因说谎而感到内疚。
guitar,,n.,吉他， 六弦琴,,
gulf,,n.,海湾,,
gum,,n.,牙龈,,
gun,,n.,枪，炮，手枪,,
gunpowder,,n.,黑色火药；有烟火药,,
gut,,n.,内脏；肠子；剧情；胆量；海峡；勇气；直觉；肠 v. 取出内脏；摧毁（建筑物等）的内部 adj. 简单的；本质的，根本的；本能的，直觉的,,
guy,,n.,家伙， 伙计,,
gym,,n.,体育馆，健身房,,
gymnasium,,n.,体育馆，健身房,,
habit,'hæbɪt,n.,习惯,Reading is a good habit.,阅读是个好习惯。
habitat,,n.,栖息地； 住处,,
habitual,,adj.,习惯性的，惯常的,,
hack,,v.,黑客攻击,,
hail,,v.,向…欢呼，招呼,,
hair,,n.,头发；毛发；毛,,
haircut,,n.,理发,,
hairy,,adj.,毛发的，多毛的,,
half,,n.,半，一半 adj. 一半的,,
halfway,,adv.,半路地； 在中途， 在半途 adj. 中途的；部分的；不彻底的,,
hall,,n.,门厅；过道；会堂,,
halt,,v.,停止；立定 n. 停住,,
ham,,n.,火腿,,
hamburger,,n.,汉堡包，牛肉饼,,
hammer,,n.,锤，榔头 v. 锤击,,
hand,,n.,手；指针,,
handbag,,n.,手提包,,
handbook,,n.,手册，便览，指南,,
handful,,n.,一把；少数，一小撮,,
handicap,,v.,妨碍，使不利,,
handkerchief,,n.,手帕,,
handle,'hændl,v./n.,处理；操作；把手,She can handle the problem herself.,她能自己处理这个问题。
handsome,,adj.,英俊的；相当大的,,
handwriting,,n.,笔迹，手迹，书法,,
handy,,adj.,便于使用的；手边的,,
hang,,v.,挂，悬；吊死,,
happen,'hæpən,v.,发生；碰巧,What happened to your leg?,你的腿怎么了？
happily,,adv.,"幸福地, 愉快地",,
happiness,,n.,幸福，幸运；快乐,,
happy,,adj.,快乐的；幸福的,,
harbor,,v.,庇护；怀有 n. 海港；避难所,,
harbour,,n.,海港，港口 v. 庇护,,
hard,,adj.,硬的；困难的,,
harden,,v.,使变硬,,
hardly,,adv.,几乎不，简直不,,
hardship,,n.,艰难，困苦,,
hardware,,n.,硬件；五金器具,,
hardworking,,adj.,苦干的，不辞辛劳的,,
hare,,n.,野兔,,
harm,hɑːm,v./n.,伤害；损害,Too much sugar harms your teeth.,糖吃多了伤牙齿。
harmful,,adj.,有害的,,
harmless,,adj.,无害的,,
harmonious,,adj.,和谐的，协调的,,
harmony,,n.,和谐,,
harness,,v.,控制[利用]〔自然力等〕 n. 马具，挽具,,
harsh,,adj.,严酷的,,
harvest,'hɑːvɪst,n./v.,收获；收割,Farmers harvest rice in autumn.,农民在秋天收割水稻。
haste,,n.,急速，急忙；草率,,
hasten,,v.,催促；赶紧,,
hasty,,adj.,急速的；仓促的,,
hat,,n.,帽子（一般指有边的）,,
hatch,,v.,（蛋）孵化；孵出,,
hate,,v.,恨，憎恨；不喜欢,,
hateful,,adj.,可恨的，可恶的,,
hatred,,n.,憎恶，憎恨，仇恨,,
haul,,v.,拖曳；拖运,,
haunt,,v.,（鬼魂）经常出没,,
have,,aux,v. （与过去分词连用构成完成时） v. 有；吃,,
hawk,,n.,鹰，隼,,
hay,,n.,干草,,
hazard,,n.,危险,,
hazardous,,adj.,危险的,,
he,,pron.,（主格）他,,
head,,n.,头；上端 v. 率领,,
headache,,n.,头痛；头痛的事,,
heading,,n.,标题，题词，题名,,
headline,,n.,大字标题；新闻提要,,
headmaster,,n.,校长,,
headquarter,,v.,设立总部，在…设立总部,,
headquarters,,n.,总部；司令部,,
heal,,v.,治愈；使和解,,
health,,n.,健康状况；健康,,
healthful,,adj.,有益健康的,,
healthy,'helθi,adj.,健康的；有益健康的,Fruit and vegetables keep you healthy.,水果和蔬菜让你保持健康。
heap,,n.,（一）堆；大量,,
hear,,v.,听见；听说；审讯,,
hearing,,n.,听力， 听觉； 听力所及之距离； 意见听取会； 申辩的机会,,
heart,,n.,心，内心；勇气,,
hearty,,adj.,热情友好的；丰盛的,,
heat,,n.,热；炎热 v. 变热,,
heating,,n.,加热，供暖,,
heave,,vi.,起伏，隆起；呕吐，恶心 vt. 举起，提起，拉起，拖；扔；发出 n. 举起； 起伏， 升降,,
heaven,,n.,天堂；天，天空,,
heavily,,adv.,重重地；大量地,,
heavy,'hevi,adj.,重的；大量的；繁忙的,The traffic was heavy this morning.,今天早晨交通拥堵。
hectare,,n.,公顷（等于1万平方米）,,
hedge,,n.,篱笆，树篱,,
heel,,n.,脚后跟，踵；中文释义: 后跟,,
height,haɪt,n.,高度；身高,The height of the tower is 200 meters.,这座塔高 200 米。
heighten,,v.,加高，提高；增加,,
heir,,n.,后嗣，继承人,,
helicopter,,n.,直升机,,
hell,,n.,地狱；极大的痛苦,,
hello,,int.,喂,,
helmet,,n.,头盔，钢盔,,
help,,v.,帮助；援助 n. 帮手,,
helpful,,adj.,给予帮助的；有用的,,
helpless,,adj.,无助的；无能的,,
hen,,n.,母鸡；雌禽,,
hence,,adv.,因此，所以；今后；今后,,
her,,pron.,（宾格）她 determiner.. 她的,,
herd,,n.,兽群，牧群 v. 放牧,,
here,,adv.,这里；向这里,,
heritage,,n.,遗产； 继承物； 传统,,
hero,,n.,英雄；勇士；男主角,,
heroic,,adj.,英雄的；英勇的,,
heroine,,n.,女英雄；女主角,,
heroism,,n.,"英雄品质, 英雄主义",,
hers,,pron.,她的（所有物）,,
herself,,pron.,她自己；她亲自,,
hesitant,,adj.,犹豫的； 吞吞吐吐的,,
hesitate,'hezɪteɪt,v.,犹豫；踌躇,Don't hesitate to ask questions.,有问题尽管问，别犹豫。
hesitation,,n.,犹豫,,
heterogeneity,,n.,异种， 异质， 不同成分,,
hi,,int.,嗨（表示问候等）,,
hide,,v.,把…藏起来；隐瞒,,
high,,adj.,高的；高级的 adv. 高,,
highlight,,v.,突出；强调 n. 突出的部分,,
highly,,adv.,很，非常；高度地,,
highway,,n.,公路；大路,,
hijack,,v.,劫持,,
hill,,n.,小山，山岗；丘陵,,
hillside,,n.,（小山）山腰，山坡,,
hilly,,adj.,"多小山的, 多坡的",,
him,,pron.,（宾格）他,,
himself,,pron.,他自己；他亲自,,
hinder,,v.,阻碍,,
hindrance,,n.,障碍，妨碍,,
hint,,n.,暗示，示意；建议,,
hip,,n.,臀部， 髋部,,
hire,,v.,雇佣,,
his,,pron.,他的，他的东西,,
historian,,n.,历史学家；编史家,,
historic,,adj.,历史上著名的， 具有重大历史意义的,,
historical,,adj.,历史的，有关历史的,,
history,,n.,历史；个人经历,,
hit,,n.,(唱片、电影或戏剧的) 成功；命中，击中,,
hobby,,n.,业余爱好，癖好,,
hold,,v.,拿住；掌握；拥有,,
hole,,n.,洞；孔眼；裂开处,,
holiday,,n.,假期；假日，节日,,
hollow,,adj.,空的；空洞的,,
holy,,adj.,神圣的；圣洁的,,
home,,n.,家；家乡 adj. 家庭的,,
homeland,,n.,"祖国,本国",,
homeless,,adj.,"无家的, 无家可归的",,
homely,,adj.,家常的,,
homemaker,,n.,主妇,,
homework,,n.,"家庭作业, 副业",,
homo,,n.,"人, 同性恋者",,
homogeneous,,adj.,同种类的， 同性质的， 有相同特征的,,
honest,'ɒnɪst,adj.,诚实的；正直的,An honest person wins trust.,诚实的人赢得信任。
honesty,,n.,诚实,,
honey,,n.,蜜，蜂蜜,,
honeymoon,,n.,蜜月,,
honor,'ɒnə,n./v.,荣誉；尊敬；给……荣誉,It is an honor to meet you.,见到你是一种荣幸。
honorable,,adj.,光荣的；可敬的；高贵的,,
honorary,,adj.,荣誉的,,
honour,,n.,光荣；尊敬，敬意,,
honourable,,adj.,光荣的,,
hook,hʊk,n./v.,钩；钩住,Hang your coat on the hook.,把外套挂在钩子上。
hope,,v.,希望 n. 希望,,
hopeful,,adj.,有希望的,,
hopeless,,adj.,没有希望的；绝望的,,
horizon,hə'raɪzn,n.,地平线；眼界,The sun rose above the horizon.,太阳升出地平线。
horizontal,,adj.,地平的；水平的,,
horn,,n.,号角；喇叭；角,,
horrible,,adj.,令人恐惧的， 可怕的； 骇人听闻的； 极讨厌的， 使人不愉快的； 糟透的,,
horror,,n.,恐怖；战栗；憎恶,,
horse,,n.,马；马科动物,,
horsepower,,n.,马力,,
hospitable,,adj.,热情友好的,,
hospital,,n.,医院,,
hospitality,,n.,友好,,
hospitalize,,v.,就医,,
host,həʊst,n./v.,主人；主办；主持,China hosted the Olympic Games.,中国主办了奥运会。
hostess,,n.,女主人,,
hostile,,adj.,不友善的；敌方的,,
hostility,,n.,敌意,,
hot,,adj.,热的；刺激的；辣的,,
hotel,,n.,旅馆,,
hour,,n.,小时；时间；时刻,,
house,,n.,房屋，住宅；商号,,
household,'haʊshəʊld,n./adj.,家庭；家用的,The household uses electricity carefully.,这家人节约用电。
housewife,,n.,家庭主妇,,
housework,,n.,家务事,,
housing,,n.,房屋， 住宅； 住房建筑， 住房供给； 外壳， 外罩,,
how,,adv.,怎么；怎样；多少,,
however,,adv.,然而；不管怎样,,
hub,,n.,中心,,
hug,,v.,搂 n. 紧紧拥抱,,
huge,,adj.,巨大的，庞大的,,
human,,adj.,人的，人类的 n. 人,,
humanity,,n.,人类〔总称〕；人性,,
humble,,adj.,谦逊的；地位低下的,,
humid,,adj.,湿的，湿气重的,,
humor,'hjuːmə,n.,幽默；风趣,His humor made everyone laugh.,他的幽默让大家都笑了。
humorous,,adj.,富于幽默的，诙谐的,,
humour,,n.,幽默，诙谐，幽默感,,
hundred,,num.,百，百个 n. 许多,,
hunger,,n.,饿，饥饿；渴望,,
hungry,,adj.,饥饿的；渴望的,,
hunt,,n.,打猎；搜寻 v. 追猎,,
hunter,,n.,猎人,,
hurry,,v.,赶紧；催促,,
hurt,,v.,使受伤；使痛心,,
husband,,n.,丈夫,,
hut,,n.,小屋，棚屋,,
hydrogen,,n.,氢,,
i,,pron.,（主格）我,,
ice,,n.,冰，冰块 v. 冰敷,,
icy,,adj.,冰冷的；冷冰冰的,,
idea,,n.,想法；思想；意见,,
ideal,,adj.,理想的,,
idealism,,n.,唯心主义；理想主义,,
idealistic,,adj.,"理想主义的, 空想的",,
identical,,adj.,相同的,,
identification,,n.,身份证明；鉴定，识别；认同；,,
identify,aɪ'dentɪfaɪ,v.,识别；确认；认同,Can you identify the man in the photo?,你能认出照片里的人吗？
identity,,n.,身份,,
idiom,,n.,习语，成语,,
idiomatic,,adj.,地道的 成语的,,
idle,,adj.,空闲的；懒散的,,
if,,conj.,假如，如果,,
ignorance,,n.,无知，愚昧,,
ignorant,,adj.,无知的,,
ignore,ɪɡ'nɔː,v.,忽视；不理会,Never ignore your parents' advice.,永远不要忽视父母的建议。
ill,,adj.,有病的；坏的 adv. 恶劣地；讨厌地,,
illegal,,adj.,非法的,,
illness,,n.,病，疾病,,
illusion,,n.,幻想；错觉；假象,,
illusory,,adj.,虚幻的,,
illustrate,'ɪləstreɪt,v.,说明；阐明；给……加插图,The chart illustrates the change clearly.,图表清楚地说明了变化。
illustration,,n.,说明，图解；例证,,
illustrative,,adj.,作为例证的； 用做说明的； 解释性的,,
image,,n.,形象，声誉，；印象,,
imaginary,,adj.,虚构的，想象的,,
imagination,,n.,想象；想象力；空想,,
imaginative,,adj.,富有想象力的， 爱想象的,,
imagine,ɪ'mædʒɪn,v.,想象；设想,Imagine a world without music.,想象一个没有音乐的世界。
imitate,,v.,模仿,,
imitation,,n.,仿制品，伪制物,,
imitative,,adj.,"仿制的,模仿的",,
immeasurable,,adj.,无法估量的,,
immediate,ɪ'miːdiət,adj.,立即的；直接的；邻近的,We need immediate action.,我们需要立即行动。
immediately,,adv.,立即；（immediately involved）直接地,,
immense,,adj.,巨大的；极好的,,
immensely,,adv.,非常，极大地,,
immigrant,,n.,移民,,
immigrate,,v.,（使）移居入境,,
immigration,,n.,移民,,
immobile,,adj.,稳定的，不变的,,
immune,,adj.,免疫的， 有免疫力的， 不受影响的； 免除的， 豁免的,,
immunity,,n.,免疫性,,
impact,'ɪmpækt,n./v.,影响；冲击,The internet has a huge impact on education.,互联网对教育影响巨大。
impatient,,adj.,不耐烦的，急躁的,,
imperial,,adj.,帝国的,,
impermanency,,n.,非永久性,,
impermanent,,adj.,非永久（性）的；不持久的，暂时的,,
implement,,v.,实施，执行,,
implementation,,n.,实现，履行,,
implication,,n.,含义，暗示,,
implicit,,adj.,不言明的， 含蓄的； 内含的， 固有的； 无疑问的,,
imply,,v.,暗示；意味；,,
import,ɪm'pɔːt,v./n.,进口；输入,The country imports oil from abroad.,这个国家从国外进口石油。
importance,,n.,重要；重要性,,
important,,adj.,重要的；有势力的,,
importation,,n.,"进口, 输入品",,
impose,,v.,强加,,
imposition,,n.,强迫接受,,
impossible,,adj.,不可能的，办不到的,,
impress,ɪm'pres,v.,给……留下深刻印象,Her speech impressed the audience.,她的演讲给观众留下深刻印象。
impression,,n.,印象；印记,,
impressive,,adj.,给人印象深刻的,,
imprison,,v.,关押，监禁；限制,,
improper,,adj.,不合适的，不适当的,,
improve,ɪm'pruːv,v.,改进；改善；提高,Practice can improve your English.,练习能提高你的英语水平。
improvement,,n.,改进，改善；改进之处,,
impulse,,n.,冲动；推动,,
impulsive,,adj.,冲动的,,
in,,prep.,在…里；进，入,,
inadequacy,,n.,不足,,
inadequate,,adj.,不足的，不够的,,
inappropriate,,adj.,不合适的,,
incentive,,n.,动机，刺激,,
inch,,n.,英寸,,
incidence,,n.,几率，发生率,,
incident,,n.,发生的事；事件,,
incidental,,adj.,偶然的；附带的,,
incidentally,,adv.,顺便地，附带,,
inclination,,n.,倾斜，点头；斜坡,,
incline,,v.,倾向于,,
include,ɪn'kluːd,v.,包括；包含,The price includes breakfast.,价格包含早餐。
inclusion,,n.,包含,,
inclusive,,adj.,包括的,,
income,'ɪnkʌm,n.,收入；所得,"Her monthly income is about 8,000 yuan.",她每月收入约八千元。
incomparable,,adj.,无比的，无可匹敌的,,
incorrect,,adj.,不正确的，错误的,,
increase,ɪn'kriːs,v./n.,增加；增长,The population continues to increase.,人口持续增长。
increasingly,,adv.,日益，越来越多地,,
incredible,,adj.,不可思议的,,
indeed,,adv.,确实；真正地,,
indefinite,,adj.,不明确的；不定的,,
independence,,n.,独立；自主，自立,,
independent,ˌɪndɪ'pendənt,adj.,独立的；自主的,She is an independent young woman.,她是个独立的年轻女性。
independently,,adv.,独立地,,
index,,n.,索引；指数；指标,,
india,,n.,印度,,
indian,,adj.,印度的 n. 印度人,,
indicate,,v.,表明,,
indication,,n.,指示；表示；表明,,
indicative,,adj.,指示的,,
indicator,,n.,指示器,,
indifference,,n.,不关心,,
indifferent,,adj.,冷漠的,,
indignant,,adj.,愤慨的，义愤的,,
indirect,,adj.,间接的；不坦率的,,
indispensable,,adj.,必不可少的,,
individual,ˌɪndɪ'vɪdʒuəl,n./adj.,个人；单独的,Each individual has unique talents.,每个人都有独特的天赋。
individualism,,n.,"个人主义, 利己主义",,
indoor,,adv.,在室内， 在户内 adj. 室内的,,
indoors,,adv.,在室内，在屋里,,
induce,,v.,引诱,,
inducement,,n.,"诱因, 刺激物",,
industrial,,adj.,工业的；产业的,,
industrialize,,v.,使工业化,,
industrious,,adj.,勤奋的,,
industry,'ɪndəstri,n.,工业；行业；勤奋,The car industry creates many jobs.,汽车工业创造了许多就业机会。
inefficient,,adj.,效率低的，无能的,,
inevitable,,adj.,不可避免的,,
inexpensive,,adj.,花费不多的，廉价的,,
infant,,n.,婴儿 adj. 婴儿的,,
infect,,v.,传染；感染,,
infection,,n.,"传染病, 影响,",,
infectious,,adj.,感染的，传染的,,
infer,,v.,推论，推断；猜想,,
inference,,n.,推断结果， 结论； 推论， 推理， 推断,,
inferior,,adj.,下等的；劣等的,,
inferiority,,n.,自卑； 次等,,
infinite,,adj.,无限的,,
infinity,,n.,无穷大,,
inflate,,v.,(使)膨胀,,
inflation,,n.,通货膨胀,,
influence,'ɪnfluəns,n./v.,影响；感化,Parents influence their children deeply.,父母深深影响孩子。
influential,,adj.,有影响力的,,
influenza,,n.,流行性感冒,,
inform,ɪn'fɔːm,v.,通知；告知,Please inform me of any changes.,如有变化请通知我。
informant,,n.,"通知者, 告密者",,
information,,n.,消息，信息；通知,,
informative,,adj.,"提供消息的, 情报的",,
infrastructure,,n.,基础设施；公共建设；下部构造,,
ingredient,,n.,成分，原料,,
inhabit,,v.,居住于，栖息于,,
inhabitant,,n.,居民，住户,,
inherit,,v.,继承,,
inheritance,,n.,继承；遗产,,
initial,ɪ'nɪʃl,adj.,最初的；初始的,My initial reaction was surprise.,我最初的反应是惊讶。
initially,,adv.,最初，起初,,
initiate,,v.,开始，发起,,
initiative,,n.,主动权，自主权,,
injection,,n.,注射；注入,,
injure,'ɪndʒə,v.,伤害；损害,He injured his knee while playing football.,他踢足球时伤了膝盖。
injurious,,adj.,侮辱的， 诽谤的； 造成伤害的， 有害的,,
injury,,n.,损害，伤害；受伤处,,
ink,,n.,墨水，油墨,,
inland,,adj.,国内的；内地的,,
inn,,n.,小旅店；小酒店,,
inner,,adj.,内部的；内心的,,
innocence,,n.,清白,,
innocent,'ɪnəsnt,adj.,无辜的；天真的,The court found him innocent.,法庭判定他无罪。
innovate,,v.,创新，革新,,
innovation,,n.,改革，创新,,
innovative,,adj.,创新的， 革新的,,
input,,n.,输入；投入的资金,,
inquire,,v.,询问,,
inquiry,,n.,询问,,
insane,,adj.,极蠢的， 荒唐的； 精神病的， 精神失常的， 疯狂的,,
insanity,,n.,"精神错乱, 疯狂, 愚顽",,
insect,,n.,昆虫，虫,,
insecure,,adj.,不安全的,,
insert,,v.,插入；嵌入；登载,,
inside,,prep.,在…里面 n. 内部,,
insight,,n.,洞察力，洞悉,,
insightful,,adj.,"有深刻见解的, 富有洞察力的",,
insist,,v.,主张，坚持,,
insistence,,n.,"坚持, 坚决主张",,
insistent,,adj.,坚持的,,
inspect,ɪn'spekt,v.,检查；视察,Officials inspected the factory for safety.,官员检查了工厂的安全情况。
inspection,,n.,检阅；检查，审查,,
inspector,,n.,检查员,,
inspiration,,n.,灵感,,
inspire,ɪn'spaɪə,v.,鼓舞；激励；启发,Her story inspired many young people.,她的故事鼓舞了许多年轻人。
install,ɪn'stɔːl,v.,安装；任命,Please install the software on my computer.,请在我的电脑上安装这个软件。
installation,,n.,安装；就职；就职仪式,,
installment,,n.,分期付款,,
instalment,,n.,分期付款， 分期交付；一集； 一期,,
instance,'ɪnstəns,n.,例子；实例,"For instance, he often runs in the park.",例如，他经常在公园跑步。
instant,'ɪnstənt,adj./n.,立即的；速食的；瞬间,The machine gives instant results.,这台机器能立即给出结果。
instantaneous,,adj.,即时的，瞬间的,,
instantly,,adv.,立即，即刻,,
instead,ɪn'sted,adv.,代替；反而,Why not walk instead of driving?,为什么不开车而步行呢？
instinct,,n.,本能；直觉；生性,,
instinctive,,adj.,"本能的,直觉的",,
institute,'ɪnstɪtjuːt,n.,学院；研究所,She works at a research institute.,她在一家研究所工作。
institution,,n.,社会公共机构；制度；设立，制定,,
instruct,ɪn'strʌkt,v.,指导；指示；教授,The coach instructed us to run faster.,教练指导我们跑得更快。
instruction,,n.,用法说明；操作指南；命令，指示,,
instructive,,adj.,"有益的, 教育性的",,
instructor,,n.,指导者，教员,,
instrument,'ɪnstrəmənt,n.,乐器；仪器；工具,The piano is my favorite instrument.,钢琴是我最喜欢的乐器。
instrumental,,adj.,器乐的；有帮助的,,
insufficient,,adj.,不足的；不适当的,,
insult,,v.,侮辱,,
insurance,ɪn'ʃʊərəns,n.,保险；保险费,Health insurance is important.,健康保险很重要。
insure,,v.,给…保险；确保,,
intact,,adj.,完整无缺的； 未经触动的； 未受损伤的,,
intake,,n.,摄入,,
intangible,,adj.,无形的，触摸不到的；难以理解的,,
integrate,,v.,成为一体， 合并,,
integration,,n.,综合,,
integrity,,n.,完整,,
intellectual,,n.,知识分子 adj. 智力的,,
intelligence,ɪn'telɪdʒəns,n.,智力；情报；智能,The test measures general intelligence.,这项测试测量一般智力。
intelligent,,adj.,有智慧的，聪明的，悟性强的,,
intend,ɪn'tend,v.,打算；意图,I intend to finish the book this week.,我打算这周读完这本书。
intense,,adj.,强烈的,,
intensify,,v.,增强， 加剧,,
intensity,,n.,强烈，剧烈；〔光、声等的〕强度,,
intensive,,adj.,加强的；精耕细作的,,
intent,,adj.,目不转睛的，热切的,,
intention,,n.,打算，意图,,
intentional,,adj.,故意的，有意识的,,
interact,,v.,互动,,
interaction,,n.,相互作用；干扰,,
interactive,,adj.,〔人与计算机程序、电视系统等〕交互的，互动的；合作的；相互交流的,,
interconnect,,v.,相互联系,,
interdependence,,n.,相互依靠,,
interest,'ɪntrəst,n./v.,兴趣；利息；使感兴趣,She takes a great interest in science.,她对科学很感兴趣。
interesting,,adj.,有趣的，引人入胜的,,
interfere,,v.,干涉，干预；妨碍,,
interference,,n.,干涉，干预；阻碍,,
interior,,adj.,内的；内地的内部 n. 内部,,
intermediate,,adj.,中级的；中间的,,
internal,,adj.,国内的；内的,,
international,,adj.,国际的，世界（性）的,,
internet,,n.,因特网,,
internship,,n.,实习生身份； 实习医师期,,
interpret,ɪn'tɜːprɪt,v.,解释；口译；理解,How do you interpret this sentence?,你如何理解这个句子？
interpretation,,n.,阐释，说明,,
interpreter,,n.,译员，口译者,,
interracial,,adj.,种族间的,,
interrupt,ˌɪntə'rʌpt,v.,打断；中断,Don't interrupt me while I'm speaking.,我说话时请不要插嘴。
interruption,,n.,打扰；中断,,
interval,'ɪntəvl,n.,间隔；休息时间,There is a ten-minute interval between classes.,课间有十分钟休息。
intervene,,vi.,干涉， 调停， 干预； 插入， 介入； 干扰， 打扰,,
intervention,,n.,干涉,,
interview,'ɪntəvjuː,n./v.,面试；采访,She has a job interview tomorrow.,她明天有求职面试。
interviewer,,n.,会见者,,
intimacy,,n.,"亲密, 隐私",,
intimate,,adj.,亲密的；个人的,,
into,,prep.,进，入；进入到,,
introduce,ˌɪntrə'djuːs,v.,介绍；引进；推行,Let me introduce my friend to you.,让我把我的朋友介绍给你。
introduction,,n.,介绍；引进；引言,,
introductory,,adj.,"引导的,介绍的",,
intrude,,v.,把…强加；把…硬挤,,
intruder,,n.,入侵者,,
intrusion,,n.,"闯入, 侵扰",,
invade,,v.,侵入，侵略,,
invader,,n.,侵略者,,
invalid,,adj.,无效的,,
invaluable,,adj.,非常宝贵的， 极为贵重的， 无价的,,
invariably,,adv.,不变地，一直,,
invasion,,n.,入侵，侵略；侵犯,,
invasive,,adj.,入侵的,,
invent,ɪn'vent,v.,发明；虚构,Who invented the telephone?,谁发明了电话？
invention,,n.,发明，创造；捏造， 假话,,
inventor,,n.,发明者；发明家,,
invest,ɪn'vest,v.,投资；投入,He invested in a small restaurant.,他投资了一家小餐馆。
investigate,ɪn'vestɪɡeɪt,v.,调查；研究,The police are investigating the accident.,警方正在调查这起事故。
investigation,,n.,调查，调查研究,,
investigator,,n.,调查人,,
investment,,n.,投资，投资额；投入,,
investor,,n.,投资者,,
invincible,,adj.,不能征服的， 无敌的,,
invisible,,adj.,看不见的；无形的,,
invitation,,n.,邀请，招待；请柬,,
invite,,v.,邀请；（正式）邀请，请求,,
inviting,,adj.,动人的， 诱人的； 引人注目的,,
involve,ɪn'vɒlv,v.,涉及；包含；使参与,The project involves a lot of teamwork.,这个项目需要大量团队合作。
involvement,,n.,连累； 包含,,
inward,,adj.,内心的 adv. 向内,,
iron,,n.,铁 v. 烫（衣）,,
ironic,,adj.,说反话的， 讽刺的； 出乎意料的,,
ironically,,adv.,具有讽刺意味地；嘲讽地,,
irony,,n.,讽刺,,
irrational,,adj.,不合理的，不理性的,,
irrationally,,adv.,不合理地，无理性地,,
irregular,,adj.,不规律的,,
irrigate,,v.,灌溉；冲洗；使清新,,
irrigation,,n.,灌溉,,
irritate,,v.,激怒,,
island,,n.,岛，岛屿,,
isolate,,v.,使隔离，使孤立,,
isolation,,n.,隔绝，隔离,,
issue,'ɪʃuː,n./v.,问题；议题；发布,Climate is a global issue.,气候是全球议题。
it,,pron.,这，那，它,,
italian,,adj.,意大利的 n. 意大利人,,
item,'aɪtəm,n.,项目；一件物品,The first item on the list is milk.,清单上第一项是牛奶。
its,,,det.. 它的,,
itself,,pron.,它自己；自身,,
jacket,,n.,短上衣，茄克衫,,
jail,,n.,监狱 v. 监禁,,
jam,,n.,果酱,,
january,,n.,一月,,
japan,,n.,日本，日本国,,
japanese,,adj.,日本的 n. 日本人,,
jar,,n.,罐子，坛子，广口瓶,,
jaw,,n.,颌，颚,,
jazz,,n.,爵士音乐，爵士舞曲,,
jealous,,adj.,妒忌的,,
jealousy,,n.,妒忌，嫉妒，猜忌,,
jeans,,n.,工装裤， 牛仔裤,,
jet,,n.,喷气式飞机；喷嘴,,
jewel,,n.,宝石；宝石饰物,,
jewish,,adj.,犹太人的,,
job,,n.,职业；工作；零活,,
jog,,v.,慢跑（尤作为锻炼）,,
join,,v.,参加；连接,,
joint,,adj.,联合的,,
joke,,n.,笑话 v. 说笑话,,
jolly,,adj.,快活的；令人高兴的,,
journal,,n.,日报，杂志；日志,,
journalism,,n.,新闻业；新闻工作,,
journalist,,n.,记者，新闻工作者,,
journey,'dʒɜːni,n.,旅行；旅程,The journey to the village took three hours.,去村庄的路程花了三小时。
joy,,n.,欢乐，喜悦；乐事,,
joyful,,adj.,十分喜悦的，快乐的,,
joyous,,adj.,"快乐的, 高兴的",,
judge,dʒʌdʒ,n./v.,法官；裁判；判断,Don't judge a book by its cover.,不要以貌取人。
judgement,,n.,判断，决定,,
judgment,,n.,审判， 判决；判断力， 识别力； 看法， 意见,,
juice,,n.,（水果等）汁，液,,
juicy,,adj.,多汁(液)的,,
july,,n.,七月,,
jump,,v.,跳；暴涨,,
june,,n.,六月,,
jungle,,n.,丛林，密林，莽丛,,
junior,,adj.,青少年的 n. 晚辈,,
junk,,n.,废旧物品，破烂 vt. 丢弃， 废弃,,
jury,,n.,陪审团；评奖团,,
just,,adv.,正好；只是；刚才,,
justice,'dʒʌstɪs,n.,正义；公正；司法,The court works for justice.,法院为正义而工作。
justification,,n.,正当的理由， 借口,,
justify,,v.,证明……正当,,
keen,kiːn,adj.,热心的；敏锐的；渴望的,He is keen on playing basketball.,他热衷于打篮球。
keenly,,adv.,敏锐地,,
keep,,v.,保持；坚持,,
keeper,,n.,饲养员；看护人,,
kettle,,n.,水壶；锅,,
key,,n.,钥匙；键；答案,,
keyboard,,n.,键盘,,
kick,,v.,踢 n. 踢,,
kid,,n.,小孩，儿童；少年,,
kill,,v.,杀死；扼杀；消磨,,
kilo,,n.,千克,,
kilogram,,n.,千克，公斤,,
kilometer,,n.,"千米,公里",,
kilometre,,n.,千米，公里,,
kin,,n.,亲戚；家族；同族 adj. 同类的；有亲属关系的；性质类似的,,
kind,,n.,种类,,
kindergarten,,n.,幼儿园,,
kindness,,n.,仁慈，好意,,
king,,n.,国王，君主,,
kingdom,,n.,王国；界,,
kiss,,v.,吻 n. 吻,,
kit,,n.,成套工具；用具包,,
kitchen,,n.,厨房，灶间,,
kite,,n.,风筝,,
knee,,n.,膝，膝盖，膝关节,,
kneel,,v.,跪，跪下，跪着,,
knife,,n.,小刀，刀，餐刀,,
knit,,v.,把…编结,,
knob,,n.,门把，拉手；旋纽,,
knock,,v.,敲，击，打 n. 敲，击，打,,
knot,,n.,（绳的）结；（树的）节,,
know,,v.,知道；认识；通晓,,
knowledge,'nɒlɪdʒ,n.,知识；学问,Knowledge is power.,知识就是力量。
knowledgeable,,adj.,"知识渊博的, 有见识的",,
lab,,n.,实验室，研究室,,
label,'leɪbl,n./v.,标签；贴标签,Read the label before using the medicine.,用药前先看标签。
labor,'leɪbə,n.,劳动；劳工,The bridge took ten years of labor to build.,这座桥耗时十年建成。
laboratory,,n.,实验室，研究室,,
laborious,,adj.,费力的,,
labour,,n.,劳动；工作；劳工,,
lace,,n.,鞋带，系带；花边,,
lack,læk,v./n.,缺乏；不足,The project failed for lack of money.,项目因缺钱而失败。
lad,,n.,男孩， 小伙子,,
ladder,,n.,梯子，梯状物,,
lady,,n.,女士，夫人；贵妇人,,
lag,,v.,落后；走得慢,,
lake,,n.,湖,,
lamb,,n.,羔羊，小羊；羔羊肉,,
lame,,adj.,跛的；瘸的，残废的,,
lamp,,n.,灯,,
land,,n.,土地；陆地 v. 上岸,,
landing,,n.,上岸，登陆，着陆,,
landlady,,n.,女房东；女地主,,
landlord,,n.,地主；房东；店主,,
landscape,'lændskeɪp,n.,风景；景观,The landscape here is beautiful in autumn.,这里的秋景很美。
lane,,n.,（乡间）小路；跑道,,
language,,n.,语言；语言课程,,
lantern,,n.,提灯，灯笼,,
lap,,n.,〔坐着时的〕大腿部,,
laptop,,n.,膝上型轻便电脑，笔记本电脑,,
large,,adj.,大的；巨大的,,
largely,,adv.,大部分；大量地,,
laser,,n.,激光,,
last,,adj.,最后的 adv. 最后,,
lastly,,adv.,"最后, 终于",,
late,,adj.,迟的 adv. 迟，晚,,
lately,,adv.,最近，不久前,,
later,,adv.,后来；过一会儿,,
latin,,adj.,拉丁的 n. 拉丁语,,
latter,,adj.,（两者中）后者的,,
laugh,,v.,笑，发笑 n. 笑,,
laughter,,n.,笑，笑声,,
launch,lɔːntʃ,v./n.,发射；发起；推出,The company launched a new product.,公司推出了新产品。
laundry,,n.,要洗的衣服；刚洗过的衣物；洗衣房,,
lavatory,,n.,盥洗室，厕所,,
law,lɔː,n.,法律；规律,Everyone is equal before the law.,法律面前人人平等。
lawn,,n.,草地，草坪，草场,,
lawyer,,n.,律师；法学家,,
lay,,v.,置放；铺设；设置,,
layer,,n.,层；层次,,
layoff,,n.,解雇； 裁员； 歇工期， 停工期,,
layout,,n.,布局，安排，设计,,
lazy,,adj.,懒惰的，懒散的,,
lead,,n.,铅，铅制品,,
leader,,n.,领袖，领导人；首领,,
leadership,,n.,领导,,
leading,,adj.,最主要的,,
leaf,,n.,叶，叶子,,
league,,n.,联合会；同盟，联盟,,
leak,,v.,漏；泄露 n. 漏洞,,
lean,,v.,倾斜，屈身；靠,,
leap,,v.,跳，跃 n. 跳跃,,
learn,,v.,学，学习,,
learned,,adj.,有学问的；学术上的,,
learner,,n.,"学习者, 初学者",,
learning,,n.,学问，知识；学习,,
lease,,n.,租约，租契 vt. 出租； 租得， 租有,,
least,,,"det,pron. 最少的 adv. 最少",,
leather,,n.,皮革；皮革制品,,
leave,,v.,离去,,
lecture,,n.,演讲，讲课 v. 演讲，讲课,,
left,,adj.,左边的,,
leg,,n.,腿，腿部,,
legal,,adj.,法律的,,
legalize,,v.,合法化,,
legend,,n.,传奇,,
legendary,,adj.,闻名的；传说的,,
legislate,,v.,制定法律； 通过立法,,
legislation,,n.,法律， 法规； 立法， 法律的制定,,
legislative,,adj.,"立法的, 立法机关的",,
legislator,,n.,立法者,,
leisure,,n.,悠闲，空闲,,
leisurely,,adj.,从容地，慢慢地,,
lemon,,n.,柠檬，柠檬树,,
lend,,v.,把…借给；贷（款）,,
length,,n.,长，长度；一段,,
lengthy,,adj.,长的，漫长的,,
lens,,n.,镜头；透镜，镜片,,
less,,adj.,更少的 adv. 更少地,,
lessen,,v.,减少,,
lesson,,n.,功课，课；课程,,
lest,,conj.,以免；惟恐,,
let,,v.,允许，让；使,,
letter,,n.,信；字母,,
level,,n.,水平面 adj. 水平的,,
lever,,n.,控制杆；杆，杠杆,,
liability,,n.,责任,,
liable,,adj.,易于…的；可能的,,
liar,,n.,说谎的人,,
liberal,,adj.,心胸宽大的；慷慨的,,
liberate,,v.,解放；释放,,
liberation,,n.,解放,,
liberty,,n.,自由；释放；许可,,
librarian,,n.,图书馆馆长,,
library,,n.,图书馆；藏书,,
licence,,n.,许可证， 执照 vt. 准许， 认可,,
license,,n.,许可；执照 v. 准许,,
lick,,v.,舔；舔吃,,
lid,,n.,盖子，盖，囊盖,,
lie,,v.,躺；平放；位于,,
lieutenant,,n.,陆军中尉；副职官员,,
life,,n.,生命；一生；寿命,,
lifetime,,n.,一生，终身,,
lift,,v.,提起，提高 n. 电梯,,
light,,adj.,轻的；少量的,,
lighten,,v.,照亮，使明亮,,
lightly,,adv.,轻轻地，轻松地,,
lightning,,n.,闪电，闪电放电,,
like,,v.,喜欢；喜爱；希望,,
likelihood,,n.,可能（性）,,
likely,,adj.,可能的 adv. 很可能,,
likewise,,adv.,同样地；也，又,,
lily,,n.,百合，百合花,,
limb,,n.,肢，臂，翼；树枝,,
lime,,n.,石灰,,
limit,,n.,限度；限制；范围,,
limitation,,n.,限制；限度，局限,,
limited,,adj.,有限的,,
limp,,adj.,软的；不强壮的 v. 〔因一腿受伤而〕跛行，一瘸一拐地走 n. 跛行,,
line,,n.,线；线条；排；路线,,
linear,,adj.,线的；长度的,,
linen,,n.,亚麻布；亚麻织物,,
liner,,n.,班船，班机,,
link,,v.,有环连接 n. 环,,
linkage,,n.,联接,,
lion,,n.,狮子；勇猛的人,,
lip,,n.,嘴唇,,
liquid,,n.,液体 adj. 液体的,,
liquor,,n.,酒,,
list,,n.,表，目录 v. 列举,,
listen,,v.,听，留神听；听从,,
listener,,n.,听众之一；听者,,
liter,,n.,升（容量单位）,,
literacy,,n.,识字， 有文化,,
literal,,adj.,字面的,,
literally,,adv.,照字义，逐字地,,
literary,,adj.,文学（上）的,,
literate,,adj.,有读写能力的；有文化修养的,,
literature,,n.,文学，文学作品；文献；文献,,
litter,,n.,废物；杂乱 v. 乱扔,,
little,,adj.,小的；少；幼小的,,
live,,v.,居住；活 adj. 活的,,
livelihood,,n.,"生计,谋生",,
lively,,adj.,活泼的,,
liver,,n.,肝；肝脏,,
living,,adj.,活的 n. 生活，生计,,
load,,v.,装；装满 n. 负载,,
loaf,,n.,一条面包，一个面包,,
loan,,n.,贷款,,
lobby,,n.,大堂 v. 游说,,
lobbyist,,n.,游说者,,
local,,adj.,地方的；局部的,,
locality,,n.,位置，地点，发生地,,
locate,,v.,位于，定位,,
location,,n.,位置，场所,,
lock,,n.,锁 v. 锁上，锁住,,
locker,,n.,柜，箱；上锁的人；有锁的橱柜；锁扣装置；有锁的存物柜,,
locomotive,,n.,火车头，机车,,
lodge,,v.,住宿，暂住,,
lodging,,n.,寄宿，住宿；住所,,
log,,n.,原木，木料,,
logic,,n.,逻辑,,
logical,,adj.,逻辑的；符合逻辑的,,
logically,,adv.,合乎情理地，符合逻辑地,,
loneliness,,n.,"孤独, 寂寞",,
lonely,,adj.,孤独的；荒凉的,,
long,,v.,渴望,,
look,,v.,看，显得 n. 看,,
loop,,n.,圈，环，环孔,,
loophole,,n.,漏洞；枪眼；换气孔；射弹孔,,
loose,,adj.,松的；宽松的,,
loosen,,v.,解开；使松驰,,
lord,,n.,贵族；上帝,,
lorry,,n.,运货汽车，卡车,,
lose,,v.,失去；迷失；输掉,,
loss,,n.,遗失；损失；失败,,
lot,,,pron.. 许多，大量 n. 抽签，抓阄,,
loud,,adj.,响亮的；吵闹的,,
loudspeaker,,n.,扬声器，喇叭,,
love,,v.,爱，喜欢 n. 爱,,
lovely,,adj.,可爱的；令人愉快的,,
lover,,n.,情人；情侣；爱好者,,
low,,adj.,低的；矮的；低下的,,
lower,,adj.,较低的 v. 放下,,
loyal,,adj.,忠诚的，忠心的,,
loyalty,,n.,忠诚，忠实,,
luck,,n.,好运，幸运；运气,,
lucky,,adj.,幸运的；吉祥的,,
luggage,,n.,行李；皮箱，皮包,,
lumber,,n.,木材；木料；制材,,
lump,,n.,团，块；肿块,,
lunar,,adj.,月亮的,,
lunch,,n.,午餐，（美）便餐,,
luncheon,,n.,午宴，午餐，便宴,,
lung,,n.,肺脏，肺,,
luxurious,,adj.,奢侈的，豪华的,,
luxury,,n.,奢侈，奢华；奢侈品,,
machine,,n.,机器；机械,,
machinery,,n.,机器， 机械,,
mad,,adj.,发疯的；恼火的,,
madam,,n.,夫人，女士，太太,,
magazine,,n.,杂志，期刊,,
magic,,n.,魔法，巫术；戏法,,
magical,,adj.,"魔术的, 神奇的",,
magnet,,n.,磁铁，磁石，磁体,,
magnetic,,adj.,磁的；有吸引力的,,
magnificent,,adj.,壮丽的；华丽的,,
maid,,n.,女佣，女仆；少女,,
maiden,,n.,少女，未婚女子,,
mail,,n.,邮件 v. 邮寄,,
main,,adj.,主要的，最重要的,,
mainframe,,n.,主机， 大型机,,
mainland,,n.,大陆,,
mainly,,adv.,主要地，大体上,,
mainstream,,n.,主流,,
maintain,,v.,维持；主张,,
maintenance,,n.,维修；维持，保持,,
major,,adj.,主要的 v. 主修,,
majority,,n.,多数,,
make,,v.,做，制造；使,,
makeup,,n.,化妆品,,
male,,adj.,男的，雄的 n. 男子,,
malfunction,,n.,失灵，故障,,
mall,,n.,商场,,
mammal,,n.,哺乳动物,,
man,,n.,男人；人；人类,,
manage,,v.,管理；设法；成功应付，对付,,
management,,n.,管理；经营，处理,,
manager,,n.,经理，管理人,,
manipulate,,v.,操纵,,
manipulation,,n.,"处理,操纵",,
mankind,,n.,人类,,
manly,,adj.,男子气概的，果断的,,
manner,,n.,方式；态度；礼貌,,
manual,,adj.,体力的 n. 手册,,
manufacture,,v.,制造，生产,,
manufacturer,,n.,制造商；制造厂,,
many,,,det.. 许多的 pron. 许多人,,
map,,n.,地图；图；天体图,,
marathon,,adj.,马拉松式的 n. 马拉松赛跑；马拉松式的活动,,
marble,,n.,大理石,,
march,,n.,三月,,
margin,,n.,页边的空白，页边，白边,,
marginal,,adj.,边缘的；记在页边的,,
marginalize,,v.,边缘化，排斥,,
marine,,adj.,海的；海上的,,
marital,,adj.,"婚姻的,夫妻之间的",,
mark,,n.,斑点；记号 v. 标明,,
market,,n.,市场；集市；销路,,
marriage,,n.,结婚，婚姻；婚礼,,
married,,adj.,已婚的；婚姻的,,
marry,,v.,结婚；娶，嫁,,
marsh,,n.,沼泽地，湿地,,
marshal,,n.,元帅；陆军元帅,,
marvel,,n.,奇迹；惊奇 v. 惊奇,,
marvellous,,adj.,奇迹般的；了不起的,,
marvelous,,adj.,引起惊异的,,
marxism,,n.,马克思主义,,
marxist,,adj.,马克思主义的,,
masculine,,adj.,男性的,,
mask,,v.,掩饰,,
mass,,n.,团；众多；群众,,
massive,,adj.,(尺寸、数量、规模) 非常大的,,
master,,n.,能手；主人；硕士,,
masterpiece,,n.,杰作，名著,,
mat,,n.,席子；草席；垫子,,
match,,n.,比赛，竞赛；对手,,
mate,,n.,伙伴，同事；配偶,,
material,,n.,材料；素材 adj. 物质的,,
materialism,,n.,唯物主义,,
materialist,,n.,唯物主义者；实利主义者,,
materialize,,v.,实现,,
mathematical,,adj.,数学的，数学上的,,
mathematics,,n.,数学,,
maths,,n.,（英）数学,,
matter,,v.,要紧，重要,,
mature,,adj.,成熟的,,
maturity,,n.,成熟,,
maximize,,v.,"取最大值, 最佳化",,
maximum,,n.,最大值，最大量 a. 最大值的，最大量的,,
may,,,modal verb. 可能；可以；祝,,
maybe,,adv.,大概，或许；也许,,
mayor,,n.,市长,,
me,,pron.,（宾格）我,,
meadow,,n.,草地，牧草地,,
meal,,n.,膳食，一餐,,
mean,,v.,作…解释；意指,,
meaning,,n.,意义，意思；意图,,
meaningful,,adj.,意味深长的,,
means,,n.,方法,,
meantime,,n.,其时，其间 adv. 当时,,
meanwhile,,adv.,同时，当时,,
measurable,,adj.,可测量的,,
measure,,n.,分量 v. 测量,,
measurement,,n.,尺寸；衡量，测量,,
meat,,n.,肉,,
meaty,,adj.,"肉的,多肉的",,
mechanic,,n.,机械师,,
mechanical,,adj.,机械的；力学的,,
mechanically,,adv.,机械地,,
mechanics,,n.,力学,,
mechanism,,n.,机制，机能,,
mechanization,,n.,机械化,,
mechanize,,v.,机械化,,
medal,,n.,奖章，勋章，纪念章,,
media,,n.,新闻媒介， 传播媒介,,
medical,,adj.,医学的；内科的,,
medication,,n.,药物治疗； 药物,,
medicinal,,adj.,药物的，治疗的,,
medicine,,n.,内服药；医学,,
mediterranean,,n.,地中海 adj. 地中海的,,
medium,,n.,媒质 adj. 中等的,,
meet,,v.,遇见,,
meeting,,n.,聚集，会合；会见,,
melon,,n.,瓜，甜瓜,,
melt,,v.,融化,,
member,,n.,成员，会员,,
membership,,n.,会员身份， 会籍； 全体会员， 会员数,,
memo,,n.,备忘录,,
memorandum,,n.,备忘录,,
memorial,,adj.,纪念的；记忆的,,
memorize,,v.,熟记，牢记,,
memory,,n.,记忆；回忆；存储,,
mend,,v.,修补，缝补；修理,,
mental,,adj.,精神的；智力的,,
mention,,v.,提及，说起 n. 提及，说起,,
menu,,n.,菜单,,
merchant,,n.,商人；零售商,,
merciful,,adj.,仁慈的，宽大的,,
mercury,,n.,水银，汞,,
mercy,,n.,仁慈，慈悲，恩惠,,
mere,,adj.,仅仅的；纯粹的,,
merely,,adv.,仅仅，只不过,,
merit,,n.,优点，成绩 v. 值得,,
meritorious,,adj.,有功绩的；有价值的；值得称赞的,,
merriment,,n.,欢喜；嬉戏,,
merry,,adj.,欢乐的，愉快的,,
mess,,n.,混乱，混杂，肮脏,,
message,,n.,信息，消息；启示，要旨，寓意,,
messenger,,n.,送信者，信使,,
messy,,adj.,"肮脏的, 凌乱的",,
metal,,n.,金属，金属制品,,
metallic,,adj.,金属的,,
meter,,n.,计量器；计，表,,
method,,n.,方法，办法；教学法,,
methodical,,adj.,有条理的，井然的,,
metre,,n.,米，公尺,,
metric,,adj.,公制的，米制的,,
microcomputer,,n.,微型计算机，微机,,
microphone,,n.,话筒，麦克风,,
microscope,,n.,显微镜,,
microscopic,,adj.,显微镜的；微观的，极小的,,
microwave,,n.,微波,,
midday,,n.,正午，中午,,
middle,,n.,中部 adj. 中部的,,
midnight,,n.,午夜，子夜，夜半,,
midst,,n.,中部，中间，当中,,
might,,v.,可能，会，也许,,
mighty,,adj.,强大的；巨大的,,
migrant,,n.,移居者， 移民； 候鸟， 迁移动物,,
migrate,,v.,移民；迁徙,,
migration,,n.,迁移，移民,,
mild,,adj.,温柔的；和缓的,,
mile,,n.,英里,,
military,,adj.,军队的，军事的,,
milk,,n.,乳，牛奶 v. 挤（奶）,,
milky,,adj.,牛奶的；乳白色的,,
mill,,n.,工厂,,
millimeter,,n.,(millimetre)毫米,,
millimetre,,n.,毫米,,
million,,num.,百万 n. 许多,,
millionaire,,n.,百分富翁，巨富,,
mind,,n.,头脑；理智；记忆,,
mine,,pron.,我的,,
miner,,n.,矿工,,
mineral,,n.,矿物,,
minimal,,adj.,最低的，最小限度的,,
minimize,,vt.,将…减少； 最小化,,
minimum,,n.,最小量 adj. 最小的,,
mining,,n.,采矿业,,
minister,,n.,部长，大臣；公使,,
ministry,,n.,（政府的）部,,
minor,,adj.,小的,,
minority,,n.,少数；少数民族,,
minus,,adj.,负面的；使显得有缺陷的 prep. 减（去）,,
minute,,n.,分，分钟；一会儿,,
miracle,,n.,奇迹，令人惊奇的人,,
miraculous,,adj.,"奇迹的,不可思议的",,
mirror,,n.,镜子 v. 与〔另一事物〕相似；反映,,
miscalculation,,n.,算错，误算,,
misconception,,n.,误解,,
miserable,,adj.,痛苦的,,
misery,,n.,痛苦，悲惨，不幸,,
misfortune,,n.,不幸；灾祸，灾难,,
misguide,,v.,误导,,
misguided,,adj.,被误导的,,
mislead,,v.,误导,,
miss,,n.,小姐,,
missile,,n.,导弹；发射物,,
missing,,adj.,失去的；缺掉的,,
mission,,n.,使命，任务；代表团,,
mist,,n.,薄雾,,
mistake,,n.,错误 v. 误解，弄错,,
mister,,n.,先生,,
mistress,,n.,女主；夫人,,
misty,,adj.,有薄雾的,,
misunderstand,,v.,误解,,
misunderstanding,,n.,"误会, 误解",,
mix,,v.,使混合，混淆,,
mixer,,n.,搅拌器,,
mixture,,n.,混合；混合物,,
moan,,n.,呻吟声 v. 呻吟,,
mobile,,adj.,运动的；流动的,,
mode,,n.,方式；样式,,
model,,n.,模型；模特儿,,
moderate,,adj.,温和的；有节制的,,
modern,,adj.,现代的，近代的,,
modernization,,n.,现代化,,
modernize,,v.,现代化,,
modest,,adj.,谦虚的；不太大的；不很贵的,,
modesty,,n.,谦逊；端庄,,
modification,,n.,修改,,
modify,,v.,更改，修改,,
moist,,adj.,湿润的；多雨的,,
moisture,,n.,潮湿，湿气,,
mold,,n.,霉，霉菌；模型，铸模；性格 vt. 用模子制作， 塑造； 使形成， 影响…的形成,,
molecule,,n.,分子，克分子,,
moment,,n.,时刻；片刻，瞬间,,
momentarily,,adv.,"暂时地, 立刻地",,
momentary,,adj.,瞬息间的，片刻的,,
monday,,n.,星期一,,
monetary,,adj.,货币的,,
money,,n.,货币；金钱；财富,,
monitor,,v.,监控；监听,,
monkey,,n.,猴子，猿,,
monster,,n.,怪物；畸形的动植物,,
monstrous,,adj.,极大的；可怕的,,
month,,n.,月，月份,,
monthly,,adj.,每月的 adv. 每月,,
monument,,n.,纪念碑；纪念馆,,
monumental,,adj.,"纪念碑的,不朽的",,
mood,,n.,心情,,
moody,,adj.,"易怒的, 情绪化的",,
moon,,n.,月球，月亮；卫星,,
mop,,n.,拖把，墩布；洗碗刷,,
moral,,adj.,"精神上的, 道德的",,
morality,,n.,道德，美德，品行,,
more,,adj.,更多的 adv. 更,,
moreover,,adv.,再者，加之，此外,,
morning,,n.,早晨，上午,,
mortal,,adj.,终有一死的；致死的,,
mortgage,,n.,抵押贷款 v. 抵押,,
mosquito,,n.,蚊子,,
most,,,"det,pron. 最多的 adv. 最，很",,
mostly,,adv.,主要的，大部分,,
motel,,n.,汽车旅馆,,
mother,,n.,母亲，妈妈,,
motion,,n.,运动；手势；提议,,
motivate,,v.,促动，激发，诱导,,
motivation,,n.,激励，刺激,,
motive,,n.,动机，目的,,
motor,,n.,发动机；机动车,,
motorway,,n.,汽车道，快车路,,
mould,,n.,模子，模型 v. 浇铸,,
mount,,v.,登上，爬上 n. …山,,
mountain,,n.,山，山岳；山脉,,
mountainous,,adj.,多山的；山一般的,,
mourn,,v.,哀痛，哀悼,,
mouse,,n.,鼠，耗子,,
mouth,,n.,嘴，口，口腔,,
mouthful,,n.,满口，一口,,
move,,v.,移动；感动 n. 动,,
movement,,n.,动作，活动；移动,,
movie,,n.,电影；电影院,,
much,,adv.,非常，很 det. 许多的,,
mud,,n.,软泥，泥浆,,
muddy,,adj.,多泥的，泥泞的,,
mug,,n.,大杯,,
mule,,n.,"骡子,十分固执的人",,
multicultural,,adj.,融合多种文化的,,
multiple,,adj.,多的；多种的,,
multiplication,,n.,乘法；增加,,
multiply,,v.,乘；使增加,,
municipal,,adj.,市政府的,,
murder,,n.,谋杀，凶杀 v. 谋杀，凶杀,,
murderer,,n.,杀人犯，凶手,,
murderous,,adj.,杀人的，残忍的；凶残的；蓄意谋杀的,,
muscle,,n.,肌肉，肌；体力,,
muscular,,adj.,肌肉发达的，强健的,,
museum,,n.,博物馆；展览馆,,
mushroom,,n.,蘑菇，菌类植物,,
music,,n.,音乐，乐曲；乐谱,,
musical,,adj.,音乐的,,
musician,,n.,音乐家；作曲家,,
must,,v.,必须；必然要,,
mute,,adj.,缄默的 n. 哑巴,,
mutter,,v.,轻声低语；抱怨,,
mutton,,n.,羊肉,,
mutual,,adj.,相互的,,
mutually,,adv.,互相地,,
my,,,det. 我的,,
myself,,pron.,我自己；我亲自,,
mysterious,,adj.,神秘的；难以理解的,,
mystery,,n.,迷，神秘的事物,,
myth,,n.,神话,,
mythical,,adj.,"神话的, 虚构的",,
mythology,,n.,神话,,
nail,,n.,钉；指甲 v. 钉,,
naked,,adj.,裸体的；无遮敝的,,
name,,n.,名字；名誉 v. 说出,,
namely,,adv.,即，也就是,,
nap,,n.,小睡，打盹，瞌睡,,
napkin,,n.,餐巾（纸）,,
narrate,,v.,"叙述,作解说",,
narration,,n.,叙述；故事；叙述法,,
narrative,,n.,叙述文， 故事； 叙述， 讲述,,
narrator,,n.,讲述者,,
narrow,,adj.,狭窄的,,
narrowly,,adv.,"勉强地, 精细地",,
nasty,,adj.,龌龊的；淫猥的,,
nation,,n.,国家；民族,,
national,,adj.,民族的；国家的,,
nationalism,,n.,"民族主义, 国家主义",,
nationality,,n.,国籍；民族，族,,
nationwide,,adj.,全国性的,,
native,,adj.,本土的 n. 本地人,,
natural,,adj.,自然界的；天然的,,
naturally,,adv.,自然地；天然地,,
nature,,n.,大自然；本性；性质,,
naughty,,adj.,顽皮的，淘气的,,
naval,,adj.,海军的，军舰的,,
navigation,,n.,航行；航海术,,
navy,,n.,海军,,
near,,adv.,近，接近 adj. 近的,,
nearby,,adj.,附近的 adv. 在附近,,
nearly,,adv.,差不多,,
neat,,adj.,整洁的,,
necessarily,,adv.,必然，必定,,
necessary,,adj.,必要的；必然的,,
necessitate,,vt.,成为必要， 需要,,
necessity,,n.,必要性；必然性,,
neck,,n.,颈，脖子,,
necklace,,n.,项链，项圈,,
need,,v.,需要,,
needle,,n.,针；编织针,,
needless,,adj.,不需要的,,
needy,,adj.,贫穷的,,
negate,,v.,"否定, 打消",,
negative,,adj.,消积的；否定的,,
neglect,,v.,疏忽；忽视,,
negotiate,,v.,谈判，协商，交涉,,
negotiation,,n.,协商,,
negro,,n.,黑人,,
neighbor,,n.,邻居 adj. 邻近的 v. 友好；毗邻而居,,
neighborhood,,n.,地区,,
neighbour,,n.,邻居，邻人；邻国,,
neighbourhood,,n.,附近地区（的居民）；邻近,,
neither,,adj.,（两者）都不的,,
nephew,,n.,侄子，外甥,,
nerve,,n.,神经；勇敢，胆量,,
nervous,,adj.,神经的；易激动的,,
nest,,n.,巢；窝，穴,,
net,,n.,网，网状物；互联网,,
network,,n.,网状物；网络,,
neutral,,adj.,中立的,,
neutrality,,n.,中立,,
neutralize,,v.,压制,,
never,,adv.,永不，决不；不,,
nevertheless,,conj.,然而 adv. 仍然,,
new,,adj.,新的；新近出现的,,
newly,,adv.,新近，最近,,
news,,n.,新闻；消息,,
newspaper,,n.,报纸，报,,
newsstand,,n.,报摊， 杂志摊,,
next,,adj.,紧接的；贴近的,,
nice,,adj.,美好的，令人愉快的,,
nickel,,n.,镍；镍币,,
niece,,n.,侄女，外甥女,,
night,,n.,夜，夜间,,
nightmare,,n.,噩梦； 可怕的事物， 无法摆脱的恐惧,,
nine,,num.,九，九个,,
nineteen,,num.,十九，十九个,,
ninety,,num.,九十，九十个,,
ninth,,num.,第九 n. 九分之一,,
nitrogen,,n.,氮,,
no,,adv.,不；并不 adj. 没有,,
nobility,,n.,"高贵,贵族",,
noble,,adj.,贵族的；高尚的,,
nobody,,pron.,谁也不；无人,,
nod,,v.,点（头）；点头表示,,
noise,,n.,喧闹声；响声；噪声,,
noisy,,adj.,喧闹的；嘈杂的,,
none,,pron.,没有人；没有一点 adv. 毫不,,
nonsense,,n.,胡说，废话,,
noon,,n.,正午，中午,,
nor,,conj.,既不…也不…；也不,,
norm,,n.,标准，规范；平均数,,
normal,,adj.,正常的，普通的,,
normalization,,n.,正常化，标准化,,
normally,,adv.,通常；正常地,,
north,,n.,北，北方 adj. 北方的,,
northeast,,n.,东北 adj. 位于东北的,,
northeastern,,adj.,"东北方的, 在东北的",,
northern,,adj.,北方的，北部的,,
northwest,,n.,西北 adj. 位于西北的,,
nose,,n.,鼻子,,
nosy,,adj.,爱管闲事的， 好打听的,,
not,,adv.,不，没有,,
notable,,adj.,值得注意的；著名的,,
notation,,n.,记号， 标记法,,
note,,n.,笔记；便条；注释,,
notebook,,n.,笔记本，期票簿,,
nothing,,n.,没有东西 adv. 毫不,,
notice,,v.,注意 n. 注意；通知,,
noticeable,,adj.,显而易见的,,
notification,,n.,通知， 告示； 通知书,,
notify,,vt.,通知， 告知， 报告,,
notion,,n.,概念， 观念； 意图， 想法， 念头,,
noun,,n.,名词,,
nourish,,vt.,提供养分， 养育,,
nourishment,,n.,食物；营养（情况）,,
novel,,n.,小说 adj. 新的,,
novelist,,n.,(长篇)小说家,,
novelty,,n.,新颖；新奇的事物,,
november,,n.,十一月,,
now,,adv.,现在；立刻,,
nowadays,,adv.,现今，现在,,
nowhere,,adv.,任何地方都不,,
nuclear,,adj.,原子核的,,
nucleus,,n.,核，（原子）核；核心,,
nude,,adj.,裸体的,,
nuisance,,n.,讨厌的人（东西）,,
number,,n.,数，数字；号码,,
numerous,,adj.,为数众多的；许多,,
nurse,,n.,护士；保姆 v. 看护,,
nursery,,n.,托儿所；苗圃,,
nut,,n.,坚果，干果；螺母,,
nutrient,,n.,营养品 adj. 营养的,,
nutrition,,n.,营养,,
nutritious,,adj.,营养的,,
nylon,,n.,尼龙，耐纶,,
oak,,n.,栎属植物；栎木，橡木,,
oar,,n.,浆，橹,,
obedience,,n.,服从，顺从,,
obedient,,adj.,服从的，顺从的,,
obese,,adj.,肥胖的，过胖的,,
obesity,,n.,肥胖,,
obey,,v.,顺从,,
object,,n.,物，物体；目的,,
objection,,n.,反对,,
objective,,adj.,客观的；无偏见的,,
obligation,,n.,义务， 责任,,
oblige,,v.,迫使,,
observation,,n.,注意；观察；观察力,,
observe,,v.,遵守,,
observer,,n.,观察员，观测者,,
obstacle,,n.,阻碍,,
obtain,,v.,获得,,
obvious,,adj.,明显的，显而易见的,,
obviously,,adv.,明显地，显然地,,
occasion,,n.,场合,,
occasional,,adj.,偶然的；临时的,,
occasionally,,adv.,偶然；非经常地,,
occupancy,,n.,占有,,
occupant,,n.,"占有者, 居住者",,
occupation,,n.,职业，工作,,
occupational,,adj.,职业的,,
occupy,,v.,占领；占，占有,,
occur,,v.,发生；出现；存在,,
occurrence,,n.,发生，出现；事件,,
ocean,,n.,海洋；洋,,
oceania,,n.,大洋洲,,
oceanic,,adj.,海洋的,,
october,,n.,十月,,
odd,,adj.,奇数的；单只的,,
odds,,n.,可能性,,
odor,,n.,气味,,
odorous,,adj.,有气味的， 难闻的； 香的， 芬芳的,,
odour,,n.,气味，味道,,
of,,prep.,…的；由于,,
off,,adv.,（离）开；（停）止,,
offence,,n.,犯罪，犯规；冒犯,,
offend,,v.,冒犯 v. 犯罪，违法,,
offense,,n.,犯罪；冒犯,,
offensive,,adj.,冒犯的，无礼的；进攻的，攻击性的 n. 进攻， 攻势,,
offer,,v.,提供；提出 n. 提供,,
offering,,n.,"提供, 奉献物",,
office,,n.,办公室；处，局，社,,
officer,,n.,官员；干事；军官,,
official,,adj.,官员的；官方的,,
often,,adv.,经常，常常,,
oh,,int.,嗬，哦，唉呀,,
oil,,n.,油；石油 v. 加油于,,
oily,,adj.,"油的, 油滑的",,
okay,,,convention. 对，好,,
old,,adj.,老的；…岁的,,
omission,,n.,"冗长,疏漏",,
omit,,v.,省略，省去；遗漏,,
on,,prep.,在…上,,
once,,adv.,一次；曾经,,
one,,num.,一 pron. 一个人,,
oneself,,pron.,自己；亲自,,
ongoing,,adj.,持续的，不间断的,,
onion,,n.,洋葱，洋葱头,,
only,,adv.,只，仅仅 adj. 唯一的,,
onto,,prep.,到…上,,
onward,,adj.,"向前的 adv. 向前,在前面",,
open,,adj.,开的；开放的 v. 开,,
opening,,adj.,开始的 n. 开始,,
openly,,adv.,"不隐瞒地, 公然地",,
opera,,n.,歌剧,,
operate,,v.,操作；施行手术,,
operation,,n.,手术；行动,,
operational,,adj.,操作上的；可使用的,,
operator,,n.,接线员；操作人员,,
opinion,,n.,意见，看法，主张,,
opponent,,n.,对手,,
opportunity,,n.,机会，良机,,
oppose,,v.,反对；反抗,,
opposite,,adj.,相反的,,
opposition,,n.,反对,,
oppress,,v.,压迫，压制；压抑,,
opt,,v.,选择,,
optical,,adj.,眼的；光学的,,
optimism,,n.,乐观,,
optimistic,,adj.,乐观的,,
option,,n.,选择,,
optional,,adj.,可以任意选择的,,
or,,conj.,或，或者；即,,
oral,,adj.,口头的；口的,,
orange,,n.,橙（树）；柑（树）,,
orbit,,n.,运行轨道 v. 环绕,,
orbital,,adj.,轨道的,,
orchestra,,n.,管弦乐队,,
order,,n.,次序；整齐 v. 命令,,
orderly,,adj.,整洁的；有秩序的,,
ordinary,,adj.,平常的；平凡的,,
ore,,n.,矿，矿石，矿砂,,
organ,,n.,器官,,
organic,,adj.,有机体的；器官的,,
organism,,n.,生物体；有机体,,
organization,,n.,组织；团体，机构,,
organizational,,adj.,组织的,,
organize,,v.,组织；编组,,
orient,,v.,使确定方向；使适应,,
oriental,,adj.,东方的；东方国家的,,
orientation,,n.,定位；方向,,
origin,,n.,起源,,
original,,adj.,原始的，最初的,,
originality,,n.,独创性,,
originate,,v.,开始,,
ornament,,n.,装饰物；装饰,,
ornamental,,adj.,装饰的,,
orphan,,n.,孤儿,,
orphanage,,n.,"孤儿院, 孤儿身份",,
other,,adj.,另外的；其余的,,
otherwise,,adv.,否则；要不然,,
ought,,,modal. 应当，应该,,
ounce,,n.,盎司，英两,,
our,,pron.,我们的,,
ours,,pron.,我们的,,
ourselves,,pron.,我们自己,,
out,,adv.,出，在外；现出来,,
outbreak,,n.,（战争、愤怒等）爆发,,
outcome,,n.,结果,,
outdated,,adj.,过时的,,
outdoor,,adj.,户外的，室外的,,
outdoors,,adv.,在户外，在野外,,
outer,,adj.,外部的，外面的,,
outgoing,,adj.,开朗的；外向的；外出的,,
outing,,n.,远足， 郊游， 短途旅行,,
outlet,,n.,出口；出路；排遣,,
outline,,n.,梗概，提纲，草稿，要点,,
outlook,,n.,观点，看法；展望,,
output,,n.,产量；输出量；输出,,
outset,,n.,开始，开端,,
outside,,n.,外部；外表 adj. 外部的,,
outsider,,n.,"外行, 局外人",,
outskirt,,n.,外边，郊区,,
outskirts,,n.,市郊，郊区,,
outstanding,,adj.,突出的，杰出的,,
outward,,adj.,外面的；向外的,,
outwards,,adv.,向外，往海外,,
oval,,adj.,椭圆形的 n. 椭圆形,,
oven,,n.,炉，灶；烘箱,,
over,,prep.,在…上方；超过,,
overall,,n.,工装裤 adj. 全面的,,
overcharge,,v.,向……多收费,,
overcoat,,n.,外衣，大衣,,
overcome,,v.,战胜，克服,,
overdue,,adj.,过期未付的， 逾期的； 过度的， 过火的； 迟到的， 延误的,,
overestimate,,v.,对（数量）估计过高,,
overflow,,v.,溢出，淹没,,
overhead,,adj.,在头顶上的；架空的,,
overhear,,v.,偶然听到；偷听,,
overload,,n.,负担太重,,
overlook,,v.,忽略；未注意到；眺望,,
overnight,,adv.,一夜；突然,,
overseas,,adv.,海外 adj. 在海外的,,
oversee,,v.,监督，监管,,
oversight,,n.,"疏忽, 看管",,
overstate,,v.,夸张，夸大,,
overtake,,v.,超车,,
overthrow,,v.,推翻 n. 推翻，瓦解,,
overtime,,n.,加班；加班的时间,,
overweight,,adj.,超重的,,
overwhelm,,v.,压倒，战胜,,
overwhelming,,adj.,压倒性的,,
overwhelmingly,,adv.,"压倒性地, 不可抵抗地",,
owe,,v.,欠；应把…归功于,,
owing,,adj.,应付的， 未付的,,
owl,,n.,猫头鹰，枭,,
own,,adj.,自己的 v. 有，拥有,,
owner,,n.,物主，所有人,,
ownership,,n.,所有（权），所有制,,
ox,,n.,阉牛；牛；公牛,,
oxygen,,n.,氧， 氧气,,
ozone,,n.,臭氧,,
pace,,n.,步，步速 v. 踱步,,
pacific,,adj.,和平的 n. 太平洋,,
pack,,v.,（把…）打包；（把…）装箱；挤满 n. 包,,
package,,n.,包裹，包，捆,,
packet,,n.,小包（裹），小捆,,
pad,,n.,垫；本子 v. 填塞,,
page,,n.,页,,
pain,,n.,痛，疼痛；辛苦,,
painful,,adj.,痛苦的，疼痛的，令人不快的,,
paint,,v.,（给…）上油漆；画，绘画,,
painter,,n.,画家，绘画者；漆工,,
painting,,n.,油画；绘画；着色,,
pair,,n.,一对 v. 成对，配对,,
palace,,n.,宫，宫殿,,
pale,,adj.,苍白的；浅的,,
palm,,n.,手掌，手心,,
pan,,n.,平底锅；烤盘,,
panda,,n.,熊猫；猫熊,,
panel,,n.,专门小组；面，板,,
panic,,n.,惊恐,,
pants,,n.,长裤， 便裤； 内裤,,
paper,,n.,纸；官方文件；文章,,
paperback,,n.,平装本， 简装本,,
parade,,n.,游行；检阅 v. 游行,,
paradox,,n.,悖论；自相矛盾,,
paradoxical,,adj.,矛盾的；诡论的；似非而是的,,
paragraph,,n.,（文章的）段，节,,
parallel,,adj.,平行的；相同的,,
parcel,,n.,包裹，小包，邮包,,
pardon,,n.,原谅；赦免 v. 原谅,,
parent,,n.,父亲，母亲，双亲,,
parental,,adj.,父母的,,
park,,n.,公园；停车场,,
parking,,n.,机动车停放； 停车场,,
parliament,,n.,议会，国会,,
part,,n.,一部分；零件,,
partial,,adj.,部分的；不公平的,,
partially,,adv.,部分地,,
participant,,n.,参加者,,
participate,,v.,参与，参加,,
participation,,n.,参加，参与,,
particle,,n.,微粒,,
particular,,adj.,特别的，特指的；讲究的；挑剔的，吹毛求疵的,,
particularly,,adv.,特别，尤其，格外,,
partly,,adv.,部分地，不完全地,,
partner,,n.,配偶；伙伴；搭挡,,
partnership,,n.,合伙(关系),,
party,,n.,聚会；党，党派,,
pass,,v.,经过；通过；度过,,
passage,,n.,通路，通道；通过,,
passenger,,n.,乘客，旅客,,
passion,,n.,热情，激情,,
passionate,,adj.,热情的,,
passive,,adj.,被动的,,
passively,,adv.,消极地,,
passport,,n.,护照,,
past,,adj.,过去的 n. 过去,,
paste,,n.,糊；酱；糨糊,,
pastime,,n.,消遣， 娱乐,,
pat,,v.,轻拍 n. 轻拍,,
patch,,n.,补丁；〔与周围部分不同的〕斑，小块 v. 修补，缝补,,
patent,,adj.,专利的 n. 专利,,
path,,n.,路，小道；道路,,
patience,,n.,忍耐，容忍，耐心,,
patient,,adj.,忍耐的 n. 病人,,
patiently,,adv.,耐心地,,
pattern,,n.,模式,,
pause,,n.,中止，暂停 v. 中止，暂停,,
pave,,v.,铺路,,
pavement,,n.,人行道,,
paw,,n.,脚爪，爪子,,
pay,,v.,支付；付给；给予,,
payment,,n.,支付,,
payroll,,n.,工资总额,,
pea,,n.,豌豆；豌豆属植物,,
peace,,n.,和平；平静；和睦,,
peaceful,,adj.,平静的；和平的,,
peach,,n.,桃子，桃树,,
peak,,n.,山顶，巅 adj. 最高的,,
peanut,,n.,花生,,
pear,,n.,梨子，梨树,,
pearl,,n.,珍珠； 珠状物； 珍品,,
peasant,,n.,农民,,
peculiar,,adj.,特有的；特别的,,
peculiarity,,n.,特性，独特性；怪癖,,
pedestrian,,n.,行人，步行者,,
peer,,n.,同龄人,,
pen,,n.,钢笔，自来水笔,,
penalty,,n.,惩罚,,
pencil,,n.,铅笔,,
penetrate,,v.,穿过,,
penetration,,n.,穿入；渗透,,
penny,,n.,（英）便士；（美）分,,
pension,,n.,养老金,,
people,,n.,人；人民，民族,,
pepper,,n.,胡椒，胡椒粉 vt. 在…上撒； 使布满,,
per,,prep.,每,,
perceive,,v.,察觉,,
percent,,adj.,百分之…,,
percentage,,n.,百分比，百分率,,
perception,,n.,感知,,
perceptive,,adj.,"感知的,知觉的",,
perfect,,adj.,完美的；完全的,,
perfection,,n.,尽善尽美；无比精确,,
perform,,v.,演出；履行，执行,,
performance,,n.,演出；履行；表现,,
performer,,n.,表演者,,
perhaps,,adv.,也许，可能，多半,,
peril,,n.,危机；危险的事物,,
perilous,,adj.,危险的，冒险的,,
period,,n.,时期；学时；句号,,
periodic,,adj.,周期的；一定时期的,,
periodical,,n.,期刊，杂志,,
permanence,,n.,"永久, 持久",,
permanent,,adj.,永久的,,
permissible,,adj.,可允许的， 许可的,,
permission,,n.,允许，许可，同意,,
permit,,v.,允许 n. 执照,,
persevere,,v.,坚持，不屈不挠,,
persist,,v.,坚持，固执；持续,,
persistence,,n.,坚持不懈,,
persistent,,adj.,持续的；坚持的,,
person,,n.,人；人身；本人,,
personal,,adj.,个人的；本人的,,
personality,,n.,个性，性格,,
personally,,adv.,亲自；就个人来说,,
personnel,,n.,全体人员，全体职员,,
perspective,,n.,视角，观点；远景,,
persuade,,v.,说服,,
persuasion,,n.,劝说,,
persuasive,,adj.,劝诱的； 有说服力的,,
pessimist,,n.,悲观主义者,,
pessimistic,,adj.,悲观的；厌世的,,
pet,,n.,爱畜；宠儿,,
petrol,,n.,（英）汽油,,
petroleum,,n.,石油,,
petty,,adj.,细小的；器量小的,,
phase,,n.,阶段；相位,,
phenomenon,,n.,现象,,
philosopher,,n.,哲学家,,
philosophical,,adj.,"哲学的, 达观的",,
philosophy,,n.,哲学；哲理；人生观,,
phone,,n.,电话，电话机,,
photo,,n.,照片，相片,,
photograph,,n.,照片，相片,,
photographer,,n.,摄影师,,
photography,,n.,摄影术,,
phrase,,n.,短语；习惯用语,,
physical,,adj.,身体上的,,
physician,,n.,医生，内科医生,,
physicist,,n.,物理学家,,
physics,,n.,物理，物理学,,
pianist,,n.,钢琴家,,
piano,,n.,钢琴,,
pick,,n.,镐，鹤嘴锄,,
picky,,adj.,挑剔的,,
picnic,,n.,郊游，野餐 v. 野餐,,
picture,,n.,画，图片 v. 画,,
picturesque,,adj.,如画的； 别致的； 生动的,,
pie,,n.,（西点）馅饼,,
piece,,n.,块；碎片 v. 拼合,,
pierce,,v.,剌穿,,
pig,,n.,猪，小猪，野猪,,
pigeon,,n.,鸽子,,
pile,,n.,堆 v. 堆叠，累积,,
pill,,n.,药丸，丸剂,,
pillar,,n.,柱，柱子；栋梁,,
pillow,,n.,枕头,,
pilot,,n.,飞行员；领航员,,
pin,,n.,针，饰针 v. 别住,,
pinch,,v.,捏，拧，掐掉,,
pine,,n.,松树；松木,,
pink,,n.,粉红色 adj. 粉红色的,,
pint,,n.,品脱,,
pioneer,,v.,开拓，开发,,
pipe,,n.,管子，导管；烟斗,,
piracy,,n.,海盗行为； 抢劫行为； 剽窃行为,,
pirate,,n.,海盗,,
pistol,,n.,手枪,,
pit,,n.,坑，地坑；煤矿,,
pitch,,n.,沥青,,
pity,,n.,遗憾；怜悯 v. 同情,,
place,,n.,地方，地点；住所,,
plague,,v.,使困扰,,
plain,,n.,平原 adj. 清楚的,,
plan,,n.,计划，打算 v. 计划；打算,,
plane,,n.,飞机；平面,,
planet,,n.,行星,,
planetary,,n.,行星的,,
plant,,n.,工厂,,
plantation,,n.,种植园,,
plastic,,adj.,塑料的,,
plate,,n.,盘 v. 电镀,,
platform,,n.,站台；讲台；平台,,
play,,v.,玩，游戏；演奏,,
player,,n.,游戏的人；比赛者,,
playground,,n.,操场，运动场,,
pleasant,,adj.,令人愉快的，舒适的,,
please,,v.,使高兴，请满意,,
pleasing,,adj.,令人高兴的， 愉快的,,
pleasure,,n.,愉快，快乐；乐事,,
pledge,,n.,保证，誓言,,
plentiful,,adj.,丰富的，富裕的,,
plenty,,pron.,丰富，充足，大量,,
plot,,n.,小块土地 v. 密谋,,
plough,,n.,犁 v. 犁，耕,,
plow,,v.,"耕, 犁",,
plug,,n.,塞子；插头 v. 塞,,
plunge,,v.,使投入；使陷入,,
plural,,adj.,复数的 n. 复数,,
pluralism,,n.,多重性； 兼职， 兼任,,
plus,,prep.,加，加上 adj. 正的,,
pocket,,n.,衣袋 adj. 袖珍的,,
poem,,n.,诗，韵文，诗体文,,
poet,,n.,诗人,,
poetic,,adj.,诗歌的,,
poetry,,n.,诗，诗歌，诗作,,
point,,n.,点；要点；细目；分,,
pointless,,adj.,无意义的,,
poison,,v.,使中毒,,
poisonous,,adj.,有毒的，有害的,,
polar,,adj.,极地的,,
pole,,n.,杆，柱,,
police,,n.,警察；警察当局,,
policeman,,n.,警察,,
policy,,n.,政策，方针,,
polish,,v.,磨光；使优美,,
polite,,adj.,有礼貌的；有教养的,,
political,,adj.,政治的，政治上的,,
politician,,n.,政治家；政客,,
politics,,n.,政治，政纲；政治学,,
poll,,n.,民意调查,,
pollutant,,n.,污染物质,,
pollute,,v.,弄脏，污染，沾污,,
pollution,,n.,污染,,
pond,,n.,池塘,,
pool,,n.,游泳池；水塘，水池,,
poor,,adj.,贫穷的；贫乏的,,
pop,,v.,突然出现，跳出,,
popular,,adj.,流行的；民众的,,
popularity,,n.,普及， 流行； 声望,,
popularize,,vt.,普及,,
populate,,v.,"构成人口, 居住于",,
population,,n.,人口；全体居民,,
populous,,adj.,人口稠密的,,
pork,,n.,猪肉,,
port,,n.,港，港口,,
portable,,adj.,轻便的；手提的,,
porter,,n.,搬运工,,
portion,,n.,一部分；一份,,
portrait,,n.,肖像，画像,,
pose,,v.,摆姿势，装腔作势 n. 姿势,,
position,,n.,职位,,
positive,,adj.,积极的；确定的,,
possess,,v.,占用，拥有（财产）,,
possession,,n.,有，所有；占有物,,
possessive,,adj.,占有的；所有的；所有格的；占有欲强的 n. 所有格,,
possibility,,n.,可能；可能的事,,
possible,,adj.,可能的；可能存在的,,
possibly,,adv.,可能地；也许,,
post,,n.,柱，桩，杆 v. 贴出,,
postage,,n.,邮费，邮资,,
postcard,,n.,明信片,,
poster,,n.,海报，广告；招贴,,
postgraduate,,n.,研究生,,
postman,,n.,邮递员,,
postpone,,v.,延迟，推迟，延缓,,
posture,,vi.,摆出姿势， 装模作样 n. 姿势，姿态；看法，态度,,
pot,,n.,锅；壶，罐，盆,,
potato,,n.,马铃薯，土豆,,
potential,,n.,潜力 adj. 有可能的；潜在的,,
potentiality,,n.,"(用复数)潜能,可能性",,
pound,,n.,磅；英磅,,
pour,,v.,灌，倒；倾泻,,
poverty,,n.,贫穷，贫困,,
powder,,n.,粉末；药粉；火药,,
power,,n.,能力；力；权；幂,,
powerful,,adj.,有权威的；强有力的,,
practicable,,adj.,能实行的；适用的,,
practical,,adj.,实践的；实用的,,
practicality,,n.,"实用性,实际",,
practically,,adv.,实际上；几乎,,
practice,,n.,练习；实践；业务,,
practise,,v.,练习，实习，训练,,
praise,,v.,赞扬，赞美,,
pray,,v.,祈祷；请求,,
prayer,,n.,祷告， 祈祷； 祷文； 祈求， 祈望,,
preach,,v.,说教，布道；鼓吹,,
precaution,,n.,预防；警惕,,
precautionary,,adj.,预防的,,
preceding,,adj.,在前的；在先的,,
precious,,adj.,珍贵的，宝贵的,,
precise,,adj.,精确的，准确的,,
precisely,,adv.,正好,,
precision,,n.,精确，精密，精密度,,
predict,,v.,预言，预测，预告,,
predictable,,adj.,可预料的,,
prediction,,n.,预言，预告；预报,,
preface,,n.,序言，前言，引语,,
prefer,,v.,更喜欢,,
preferable,,adj.,更可取的，更好的,,
preference,,n.,偏爱,,
preferential,,adj.,优先的；选择的,,
preferentially,,adv.,优先地,,
pregnancy,,n.,怀孕,,
pregnant,,adj.,怀孕的,,
prejudice,,n.,偏见 v. 使有偏见，使有成见,,
preliminary,,adj.,预备的，初步的,,
premier,,adj.,首要的， 首位的， 首次的 n. 总理，首相,,
preparation,,n.,准备，预备；制备,,
preparatory,,adj.,预备的,,
prepare,,v.,做准备,,
preposition,,n.,前置词，介词,,
prescribe,,v.,开处（方）；命令,,
prescription,,n.,处方,,
presence,,n.,出席，到场；在,,
present,,adj.,现在的 n. 目前,,
presentation,,n.,提供， 显示； 外观， 图像； 授予， 赠送； 报告， 介绍； 表演,,
presently,,adv.,一会儿；目前,,
preservation,,n.,保存，保留,,
preservative,,n.,防腐剂,,
preserve,,v.,保护,,
presidency,,n.,总统任期,,
president,,n.,总统；（某组织的）最高权力人,,
presidential,,adj.,总统的,,
press,,v.,压，按；按，揿；催促,,
pressure,,n.,压力；〔工作或生活中的〕压力；压，按,,
presumably,,adv.,大概， 可能， 据推测,,
pretend,,v.,假装,,
pretty,,adj.,漂亮的，标致的,,
prevail,,v.,流行，盛行,,
prevalence,,n.,流行，普遍,,
prevalent,,adj.,流行的；盛行的,,
prevent,,v.,预防,,
preventable,,adj.,可预防的,,
prevention,,n.,预防，阻止，妨碍,,
preventive,,adj.,预防性的,,
preview,,n.,预映， 预演； 预告,,
previous,,adj.,之前的,,
previously,,adv.,事先,,
price,,n.,价格，价钱；代价,,
priceless,,adj.,无价的，难以用价格衡量的,,
pride,,n.,骄傲；自豪 v. 自夸,,
priest,,n.,神父， 牧师,,
primarily,,adv.,主要地，首先,,
primary,,adj.,主要的，基本的,,
prime,,adj.,首要的 n. 青春,,
primitive,,adj.,原始的；简单的；简单的，简陋的,,
prince,,n.,王子；亲王,,
princess,,n.,公主；王妃,,
principal,,adj.,主要的 n. 负责人,,
principle,,n.,原则，原理,,
print,,v.,印刷 n. 印刷的文字,,
printer,,n.,印刷工；印花工,,
prior,,adj.,在先的；优先的,,
priority,,n.,优先，优先权,,
prison,,n.,监狱；监禁,,
prisoner,,n.,囚犯,,
privacy,,n.,隐私,,
private,,adj.,私人的,,
privilege,,n.,特权，优惠,,
privileged,,adj.,有特权的,,
prize,,n.,奖赏，奖金 v. 珍视,,
probability,,n.,可能性；概率,,
probable,,adj.,很可能的；大概的,,
probably,,adv.,或许，大概,,
problem,,n.,问题；习题，问题,,
problematic,,adj.,"问题的, 有疑问的",,
procedure,,n.,程序,,
proceed,,v.,进行；继续进行,,
process,,n.,过程，进程；；工序；工艺流程 v. 处理,,
procession,,n.,队伍，行列,,
processor,,n.,加工业者；处理机,,
proclaim,,vt.,宣告， 宣布， 声明； 显示,,
proclamation,,n.,公告；宣布；宣告；公布,,
produce,,v.,产生；生产；展现,,
product,,n.,产品；产物；（乘）积,,
production,,n.,生产；总产量,,
productive,,adj.,富有成效的,,
productivity,,n.,生产力,,
profession,,n.,职业,,
professional,,adj.,专业的,,
professor,,n.,教授,,
proficiency,,n.,熟练，精通,,
proficient,,adj.,熟练的，精通的,,
profile,,n.,侧面；人物简介；轮廓，形象；姿态，引人注目的状态 vt. 为…描绘； 写…的传略,,
profit,,n.,利润；益处 v. 得益,,
profitable,,adj.,有利可图的，有益的,,
profound,,adj.,深厚的,,
program,,n.,程序；节目单,,
programmer,,n.,程序设计员,,
programming,,n.,〔计算机的〕程序编写，程序设计；程序；；〔电视或广播〕节目；电视[广播]节目策划，编排,,
progress,,n.,前进；进展；进步,,
progression,,n.,"行进, 级数",,
progressive,,adj.,进步的；向前进的,,
prohibit,,v.,禁止，阻止，防止,,
prohibition,,n.,禁止；禁令，禁律,,
prohibitive,,adj.,"禁止的, 抑制的",,
prohibitively,,adv.,过分地，非常地,,
project,,n.,工程；课题、作业,,
projection,,n.,发射,,
projector,,n.,投影仪；探照灯,,
prolong,,vt.,拉长， 延长,,
prominence,,n.,"突出, 显著",,
prominent,,adj.,杰出的；突出的，凸起的,,
promise,,n.,诺言 v. 允诺,,
promising,,adj.,有希望的，有前途的,,
promote,,v.,促进，提升；推销,,
promotion,,n.,促销,,
promotional,,adj.,促销的,,
prompt,,adj.,迅速的；立刻的；及时的 v. 促使；激励,,
pronoun,,n.,代词,,
pronounce,,v.,发…的音；宣布,,
pronunciation,,n.,发音，发音法,,
proof,,n.,证据；证明；校样,,
proper,,adj.,适合的；合乎体统的,,
property,,n.,财产，资产；性质,,
proportion,,n.,比例，部分,,
proportional,,adj.,比例的；相称的,,
proposal,,n.,提议,,
propose,,v.,提议；求婚,,
proposition,,n.,提议，主题,,
prose,,n.,散文,,
prospect,,n.,前景；前途,,
prospective,,adj.,预期的；未来的,,
prosper,,v.,繁荣,,
prosperity,,n.,繁荣,,
prosperous,,adj.,繁荣的，昌盛的,,
protect,,v.,保护，保卫，警戒,,
protection,,n.,保护,,
protective,,adj.,保护的，防护的,,
protein,,n.,蛋白质，朊,,
protest,,v.,抗议,,
protocol,,n.,礼仪， 礼节； 草案， 议定书,,
proud,,adj.,骄傲的；自负的〔含贬义〕；自豪的,,
prove,,v.,证明；结果是,,
proverb,,n.,谚语，格言，箴言,,
provide,,v.,提供；装备，供给,,
provided,,conj.,以…为条件,,
providing,,conj.,倘若,,
province,,n.,省；领域，部门,,
provincial,,adj.,省的；地方性的；偏狭的 n. 粗野的人；乡下人；外地人,,
provision,,n.,供应；预备；存粮,,
provocation,,n.,激怒， 刺激； 挑衅， 挑拨,,
provocative,,adj.,挑衅的， 煽动的， 刺激的； 挑逗的,,
provoke,,v.,激起，挑起,,
psychological,,adj.,心理上的,,
psychologist,,n.,心理学家,,
psychology,,n.,心理学；心理,,
pub,,n.,酒馆；客栈,,
public,,adj.,公众的 n. 公众,,
publication,,n.,出版；出版物；公布,,
publicity,,n.,公众的注意， 名声； 宣传， 宣扬,,
publicize,,v.,宣布,,
publicly,,adv.,"公然地, 舆论上",,
publish,,v.,出版；发表；公布,,
pull,,v.,拉，拖 n. 拉，拉力,,
pulse,,n.,脉搏；脉动；脉冲,,
pump,,n.,泵 v. 用抽机抽,,
punch,,v.,用拳猛击 n. 冲压机,,
punctual,,adj.,准时的,,
punish,,v.,罚，惩罚，处罚,,
punishment,,n.,"惩罚, 处罚",,
pupil,,n.,学生，小学生,,
purchase,,n.,买，购买 v. 买,,
pure,,adj.,纯粹的；纯洁的,,
purify,,v.,提纯，精炼（金属）,,
purity,,n.,纯净， 纯洁， 纯正,,
purple,,n.,紫色 adj. 紫的,,
purpose,,n.,目的；意图,,
purposeful,,adj.,有目的的；有决心的,,
purse,,n.,钱包，小钱袋；手袋,,
pursue,,v.,追求,,
pursuit,,n.,追求,,
push,,v.,推；鼓励；敦促；逼迫,,
put,,v.,放，摆；使处于,,
puzzle,,v.,迷惑 n. 难解之事，谜,,
puzzling,,adj.,令人困惑的,,
qualification,,n.,资格(证明)，合格证书,,
qualify,,v.,使……有资格,,
qualitative,,adj.,质的；定性的,,
quality,,n.,品质,,
quantify,,v.,确定…的数量,,
quantitative,,adj.,量的；定量的,,
quantity,,n.,量，数量,,
quarrel,,n.,争吵，吵架，口角,,
quarrelsome,,adj.,"喜欢吵架的,好争论的",,
quarter,,n.,四分之一；一刻钟,,
quarterly,,,adj&adv. 季度的（地）,,
queen,,n.,女王；王后；王后,,
question,,n.,问题；疑问,,
questionnaire,,n.,调查表，征求意见表,,
queue,,n.,行列 v. 排队等候,,
quick,,adj.,快的；敏捷的,,
quiet,,adj.,安静的；寂静的,,
quit,,v.,放弃,,
quite,,adv.,完全；相当；的确,,
quiz,,n.,智力竞赛，问答比赛；小测验 vt. 考查， 盘问,,
quota,,n.,配额,,
quotation,,n.,引文,,
quote,,v.,引用，引证；报价,,
rabbit,,n.,兔子,,
race,,n.,比赛，竞赛，竞争,,
racial,,adj.,种族的；人种的,,
racially,,adv.,种族上地,,
racism,,n.,种族主义， 种族歧视,,
rack,,n.,搁物架；行李架,,
radar,,n.,雷达，无线电探测器,,
radiation,,n.,辐射；辐射能,,
radical,,adv.,根本的，基本的；激进的，激进派的 n. 激进分子,,
radically,,adv.,完全地，彻底地,,
radio,,n.,无线电；收音机,,
radioactive,,adj.,放射性的,,
radius,,n.,半径,,
rag,,n.,破布，碎布，抹布,,
rage,,vi.,狂吹； 汹涌； 激烈进行； 发怒， 发火 n. 狂怒，盛怒；风靡一时的事物，时尚,,
raid,,,n&vt. 袭击； 突入查抄， 突入搜捕； 劫掠,,
rail,,n.,横条，横杆；铁轨,,
railroad,,n.,铁路,,
railway,,n.,铁路，铁道,,
rain,,n.,雨，雨水 v. 下雨,,
rainbow,,n.,虹，彩虹,,
rainy,,adj.,下雨的，多雨的,,
raise,,v.,提高；筹款；抚养,,
rally,,v.,集合， 团结； 恢复， 重新振作 n. 集会；公路汽车赛,,
range,,n.,范围 v. 在范围内变化,,
rank,,v.,具有…等级[地位] n. 衔，阶层,,
rapid,,adj.,快的,,
rapidity,,n.,快，迅速；陡，险峻,,
rare,,adj.,罕有的，少见的,,
rarely,,adv.,很少，难得,,
rarity,,n.,稀有,,
rat,,n.,老鼠，耗子,,
rate,,n.,比率，速率,,
rather,,adv.,相当；宁可，宁愿,,
rating,,n.,等级， 品级， 评定结果； 收视率， 收听率,,
ratio,,n.,比，比率,,
rational,,adj.,神智清楚的,,
raw,,adj.,未煮过的；未加工的,,
ray,,n.,光线；射线，辐射线,,
reach,,v.,抵达；伸出；达到,,
react,,v.,对……作出反应,,
reaction,,n.,反应；反作用力,,
reactionary,,adj.,保守的，反动的；反动主义的；反对改革的 n. 反动分子；反动派；保守派,,
read,,v.,读，看懂,,
reader,,n.,读者；读物，读本,,
readily,,adv.,乐意地， 欣然地； 容易地； 很快地， 立即,,
reading,,n.,读书；读，阅读,,
ready,,adj.,准备好的；愿意的,,
real,,adj.,真的；现实的,,
realism,,n.,现实主义,,
realistic,,adj.,现实的，实际的,,
reality,,n.,现实；真实,,
realization,,n.,（理想等的）实现,,
realize,,v.,认识到；实现,,
really,,adv.,真正地；实在,,
realm,,n.,领域；王国，国土,,
reap,,v.,收割，收获,,
rear,,n.,后部，后面；背面,,
rearrange,,v.,重新安排,,
reason,,n.,理由；理性 v. 推理,,
reasonable,,adj.,合情合理的；公道的,,
reassess,,v.,重新评估,,
rebel,,v.,造反 n. 造反者,,
rebellion,,n.,叛逆,,
rebellious,,adj.,反抗的，难控制的,,
rebuild,,v.,重建， 改造； 复原,,
recall,,v.,回想；叫回；收回,,
receipt,,n.,收条，收据；收到,,
receive,,v.,得到；收到；接待,,
receiver,,n.,收受者，收件人,,
recent,,adj.,新近的，最近的,,
recently,,adv.,最近，新近,,
reception,,n.,接待；反响,,
receptionist,,n.,接待员,,
receptive,,adj.,"善于接受的,能容纳的",,
recession,,n.,衰退,,
recharge,,v.,再充电,,
recipient,,n.,接受者， 接收者,,
recitation,,n.,背诵；朗诵；详述；背诵的诗,,
recite,,v.,背诵， 朗诵； 列举， 一一说出,,
reckon,,vt.,认为， 估计； 指望， 盼望； 测算， 测量,,
recognition,,n.,承认；认出，识别,,
recognize,,v.,认识，认出；承认,,
recommend,,v.,推荐；劝告；使受欢迎,,
recommendation,,n.,推荐，介绍；劝告,,
record,,n.,记录；履历 v. 记录,,
recorder,,n.,录音机；记录者,,
recover,,v.,恢复；重新获得；寻回,,
recovery,,n.,重获；痊愈；恢复,,
recreation,,n.,娱乐活动， 消遣,,
recreational,,adj.,休养的； 娱乐的,,
recruit,,v.,招募，吸收 n. 新兵，新成员,,
recruitment,,n.,"征募新兵, 补充",,
recyclable,,adj.,可回收利用的,,
recycle,,v.,循环，再利用,,
red,,adj.,红色的 n. 红色,,
reduce,,v.,减少,,
reduction,,n.,减少，减小，缩减,,
refer,,v.,谈到,,
reference,,n.,参考；提及,,
refine,,v.,改善；精炼,,
refinement,,n.,"精致, 文雅",,
refinery,,n.,精炼厂，提炼厂,,
reflect,,v.,反映,,
reflection,,n.,映象；反射；反映,,
reflective,,adj.,反映的，反射的；深思熟虑的,,
reflexion,,n.,映象；反映；反射,,
reform,,v.,改革，改良 n. 改革，改良,,
refrain,,v.,抑制，避免,,
reframe,,v.,再构造(图画、照片等),,
refresh,,v.,使清新；恢复精神,,
refreshing,,adj.,恢复活力的,,
refreshment,,n.,（精力的）恢复，爽快,,
refrigeration,,n.,"冷藏, 致冷",,
refrigerator,,n.,冰箱，冷藏库,,
refuel,,v.,（给）加油，加燃料,,
refugee,,n.,难民,,
refusal,,n.,拒绝,,
refuse,,v.,拒绝,,
regard,,v.,把…看作,,
regarding,,prep.,关于,,
regardless,,adv.,不顾一切地,,
region,,n.,地区，地带；领域,,
regional,,adj.,"整个地区的,地域性地",,
register,,n.,登记，注册 v. 登记，注册,,
registration,,n.,注册，登记,,
regret,,v.,懊悔；抱歉 n. 懊悔,,
regrettable,,adj.,"可惜的, 遗憾的",,
regular,,adj.,有规律的，经常的,,
regularity,,n.,规则性；整齐，端正,,
regularly,,adv.,定期地，有规律地,,
regulate,,v.,管理,,
regulation,,n.,管理；规则,,
regulator,,n.,"调整者,调整器",,
regulatory,,adj.,"管理的, 控制的",,
reinforce,,v.,加强，强化,,
reject,,v.,拒绝，驳回,,
rejection,,n.,拒绝,,
relate,,v.,使联系；叙述,,
relation,,n.,关系，联系；家属,,
relationship,,n.,关系；联系,,
relative,,adj.,相对的 n. 亲戚,,
relativity,,n.,相对性；相对论,,
relax,,v.,使松弛,,
relaxation,,n.,"松弛, 放宽",,
relay,,v.,接替，转播,,
release,,v.,释放；发布,,
relevance,,n.,"中肯, 适当",,
relevant,,adj.,有关的，切题的,,
reliability,,n.,可靠性,,
reliable,,adj.,可靠的，可信赖的,,
reliance,,n.,依靠， 依赖,,
relief,,n.,减轻；救济；援救,,
relieve,,v.,解除，减轻，缓解,,
religion,,n.,宗教信仰；宗教,,
religious,,adj.,宗教的；虔诚的,,
reluctance,,n.,勉强，不情愿,,
reluctant,,adj.,不愿意的，勉强的,,
rely,,v.,依赖，依靠；信赖,,
remain,,v.,剩下，余留；保持,,
remainder,,n.,剩余（物）；余数,,
remark,,n.,评论，谈论 v. 评论，谈论,,
remarkable,,adj.,异常的，非凡的,,
remedy,,n.,药物,,
remember,,v.,记得；想起；记住,,
remembrance,,n.,回想，回忆；纪念品；记忆力,,
remind,,v.,提醒，使想起,,
reminder,,n.,提醒物；暗示,,
remonstrate,,v.,抗议,,
remote,,adj.,相隔很远的；冷淡的,,
removal,,n.,移动；移走；除掉；搬迁,,
remove,,v.,消除，移除,,
render,,v.,给予,,
renew,,v.,〔中止后〕重新开始，继续,,
renewable,,adj.,可再生的,,
renewal,,n.,"更新, 恢复",,
renovate,,v.,更新；修复；革新；刷新,,
rent,,n.,租金 v. 出租,,
rental,,n.,租金,,
repair,,v.,修理，修补 n. 修理，修补,,
reparable,,adj.,可修缮的；可补偿的；可挽回的,,
repave,,v.,再铺，重新铺砌,,
repay,,v.,偿还；报答,,
repeat,,v.,重说，重做 n. 重演，重现,,
repeatedly,,adv.,重复地；一再,,
repetition,,n.,重复，反复,,
repetitive,,adj.,重复的， 反复性的,,
replace,,v.,代替,,
replacement,,n.,代替,,
reply,,v.,回答，答复 n. 回答，答复,,
report,,v.,报告；汇报,,
reporter,,n.,记者，通讯员,,
represent,,v.,代表,,
representation,,n.,描写；陈述；代表,,
representative,,n.,代表,,
reproduce,,v.,复制,,
reproduction,,n.,繁殖,,
reproductive,,adj.,生殖的，再生的,,
republic,,n.,共和国，共和政体,,
republican,,adj.,共和政体的；共和党的 n. 共和党人,,
reputation,,n.,名气，名声，名誉,,
request,,n.,要求,,
require,,v.,要求，命令,,
requirement,,n.,需要；要求,,
rescue,,v.,营救，援救,,
researcher,,n.,"研究者,调查者",,
resemblance,,n.,相似，相似性,,
resemble,,v.,像，相似,,
resent,,v.,对…不满，怨恨,,
resentment,,n.,"怨恨,愤恨",,
reservation,,n.,预定,,
reserve,,v.,留出，预定,,
reserved,,adj.,保留意见的；矜持的,,
reservoir,,n.,水库；蓄水池,,
reside,,v.,居住，驻扎；属于,,
residence,,n.,居住；驻扎；住处,,
resident,,n.,居民,,
residential,,adj.,居住的， 住宅的； 寄宿的， 住在住所的,,
resign,,v.,辞职,,
resignation,,n.,听从，屈从，顺从,,
resist,,v.,抵抗，抗拒,,
resistance,,n.,抵御，抵抗；抵抗力,,
resistant,,adj.,抵抗的；抵制的,,
resolute,,adj.,坚定的,,
resolution,,n.,坚决，坚定；决定,,
resolve,,v.,解决；下决心,,
resort,,vi.,求助，凭借；诉诸于 n. 诉诸,,
resource,,n.,资源； 财力； 应付办法， 谋略,,
resourceful,,adj.,机智的,,
respect,,n.,尊敬；尊重；问候；方面 vt. 尊敬； 尊重,,
respectable,,adj.,可敬的；人格高尚的,,
respectful,,adj.,有礼貌的，尊重的,,
respective,,adj.,各自的，各个的,,
respectively,,adv.,各自地,,
respond,,v.,作答；响应,,
respondent,,n.,回答者； 响应者； 被告,,
response,,n.,反应,,
responsibility,,n.,责任,,
responsible,,adj.,负责的，有责任的,,
responsive,,adj.,响应的； 敏感的， 易受影响的,,
rest,,v.,使休息，使轻松；把…寄托于 n. 休息，静止；休息时间；剩余部分；支架,,
restaurant,,n.,餐馆；[经] 饭店,,
restless,,adj.,不安定的，焦虑的,,
restock,,v.,重新进货，再储存,,
restoration,,n.,"恢复, 归还",,
restore,,v.,修复,,
restrain,,v.,抑制，遏制；限制,,
restraint,,n.,抑制；遏制；克制,,
restrict,,v.,限制，限定,,
restriction,,n.,限制，限定,,
restrictive,,adj.,限制性的,,
result,,vi.,发生； 结果 n. 结果；成果；比分,,
resultant,,adj.,作为结果而发生的,,
resume,,v.,重新开始；恢复,,
resumption,,n.,恢复；重新开始；取回；重获；恢复硬币支付,,
retail,,n.,零售 v. 零售,,
retailer,,n.,零售商,,
retain,,v.,"保留,留用",,
retention,,n.,保留， 保持,,
retire,,v.,退休；退职；就寝,,
retirement,,n.,退休,,
retrain,,v.,再教育；再训练,,
retreat,,v.,退避，后退；撤退,,
return,,v.,返回；报答 n. 返回；归还；回球 adj. 报答的；回程的；返回的,,
reunion,,n.,团聚,,
reveal,,v.,揭露，揭示,,
revelation,,n.,被提示的真相， 新发现； 揭示， 透露， 显示,,
revenge,,n.,报仇,,
revenue,,n.,收入,,
reversal,,n.,"翻转, 倒转, 反转",,
reverse,,n.,相反情况；正相反 a. 相反的,,
reversible,,adj.,可逆的， 可翻转的； 正反两用的； 可恢复原状的,,
review,,n.,回顾 v. 复习,,
reviewer,,n.,"批评家,评论家",,
revise,,v.,修订,,
revision,,n.,"修订,修正,修订本",,
revolt,,n.,反抗；造反 v. 反抗；造反,,
revolution,,n.,革命,,
revolutionary,,adj.,革命的 n. 革命者,,
revolve,,v.,（使）旋转,,
reward,,n.,报答，奖赏 v. 报答，奖赏,,
rewarding,,adj.,有意义的,,
rhythm,,n.,韵律，格律；节奏,,
rhythmic,,adj.,"节奏的, 合拍的",,
rib,,n.,肋，肋骨,,
ribbon,,n.,缎带，丝带；带,,
rice,,n.,稻；米饭 v. 把…捣成米糊状,,
rich,,adj.,富有的；肥沃的；昂贵的 n. (Rich)人名；(丹)里克；(捷)里赫；(英、西)里奇；(葡、法)里什,,
rid,,v.,使摆脱，使去掉,,
riddle,,v.,解谜；给出谜；充满于 n. 谜语；粗筛；谜一般的人、东西、事情等,,
ride,,v.,骑马；乘车；依靠；漂浮 n. 骑；乘坐；交通工具；可供骑行的路；（乘坐汽车等的）旅行；乘骑；（乘车或骑车的）短途旅程；供乘骑的游乐设施,,
rider,,n.,"骑手, 附文, 扶手",,
ridge,,n.,岭，山脉；脊；垄,,
ridicule,,v.,嘲弄，挖苦 n. 嘲弄，挖苦,,
ridiculous,,adj.,荒谬的，可笑的,,
rifle,,n.,步枪，来复枪,,
right,,,"a&ad. 对(的),右(的) n. 权利 v. 扶直,纠正",,
rigid,,adj.,刚硬的；僵硬的,,
rigorous,,adj.,严格的,,
ring,,n.,拳击台,,
riot,,n.,暴乱,,
riotous,,adj.,狂暴的,,
rip,,v.,撕，扯破，划破,,
ripe,,adj.,熟的；时机成熟的,,
ripen,,v.,成熟,,
rise,,v.,上升；增强；起立；高耸 n. 上升；高地；增加；出现,,
risk,,n.,风险，危险；冒险,,
risky,,adj.,危险的,,
rival,,n.,对手,,
rivalry,,n.,竞争， 竞赛； 对抗,,
river,,n.,河，江,,
road,,n.,公路，马路；道路；手段 vt. （狗）沿臭迹追逐（猎物） adj. （美）巡回的,,
roar,,v.,吼叫；呼喊 n. 吼,,
roast,,v.,烤，炙；烘,,
rob,,vt.,抢劫， 盗窃,,
robbery,,n.,抢劫,,
robot,,n.,机器人；自动机,,
rock,,n.,岩石；摇滚乐；暗礁 v. 摇动；使摇晃,,
rocket,,n.,火箭 v. 猛增,,
rocky,,adj.,"岩石的,稳固的",,
rod,,n.,杆，竿，棒,,
role,,n.,"作用,角色",,
roll,,v.,滚动；转动,,
roller,,n.,滚筒，滚轴；滚柱,,
roman,,n.,古罗马人 adj. 罗马的,,
romance,,n.,传奇；浪漫文学,,
romantic,,adj.,浪漫的,,
roof,,n.,屋顶；最高处，顶部；最高限度 v. 给…盖屋顶，覆盖,,
room,,n.,房间；空间；余地；机会；房间里所有的人 v. 为…提供住处；租房，合住；投宿，住宿；留…住宿,,
root,,n.,根；根源；词根；祖先 v. 生根；根除,,
rope,,n.,绳，索 vt. 用绳捆,,
rose,,n.,玫瑰；粉红色；蔷薇（花）；粉红色的葡萄酒 adj. 玫瑰花的；玫瑰色的；粉红色的；带有玫瑰香味的 vt. 使成玫瑰色，使（面颊）发红；使有玫瑰香味 vi. 起义( rise的过去式)；升起；（数量）增加；休会,,
rosy,,adj.,"蔷薇色的, 玫瑰红色的",,
rotary,,adj.,旋转的，转动的,,
rotate,,v.,旋转,,
rotation,,n.,旋转，转动,,
rotten,,adj.,腐烂的，发臭的,,
rough,,adj.,表面不平的；粗略的,,
round,,n.,圆；循环；一回合；圆形物 adj. 圆的；完全的；大概的；肥胖的 adv. 在周围；迂回地；朝反方向；挨个 v. 完成；围捕；绕行；弄圆 prep. 附近；绕过；大约；在…周围,,
rouse,,v.,唤醒，唤起；惊起,,
route,,n.,路，路线,,
routine,,n.,例行公事 adj. 日常的,,
routinely,,adv.,例行公事地,,
row,,n.,（一）排，（一）行,,
royal,,adj.,王的；皇家的,,
royalty,,n.,皇家，王族，皇族,,
rub,,vt.,擦， 摩擦,,
rubber,,n.,橡胶；橡皮；合成橡胶；按摩师 adj. 橡胶制成的 v. 涂橡胶于；用橡胶制造,,
rubbish,,n.,垃圾，废物；废话 adj. 毫无价值的,,
rude,,adj.,粗鲁的,,
rug,,n.,小地毯；毛毯,,
ruin,,v.,毁坏 n. 毁灭；废墟,,
ruinous,,adj.,破坏性的，毁灭性的；零落的,,
rule,,v.,裁决，裁定,,
ruler,,n.,尺；统治者；[测] 划线板，划线的人,,
ruling,,n.,裁定,,
rumor,,n.,谣言；传闻 v. 谣传；传说,,
rumour,,n.,谣传， 谣言,,
run,,v.,"跑,运转,经营",,
runway,,n.,"飞机跑道, 斜坡跑道, 河道",,
rural,,adj.,农村的，田园的,,
rush,,v.,冲，奔；催促,,
rust,,n.,锈 v. 生锈，氧化,,
sack,,n.,袋，麻袋；开除,,
sacrifice,,n.,牺牲；献祭 v. 牺牲；献祭,,
sacrificial,,adj.,供奉的， 献祭的， 牺牲的,,
sad,,adj.,难过的；悲哀的，令人悲痛的；凄惨的，阴郁的（形容颜色）,,
sadden,,v.,悲哀,,
saddle,,n.,鞍子，马鞍,,
sadness,,n.,"悲哀, 悲伤",,
safe,,adj.,安全的；可靠的；平安的 n. 保险箱；冷藏室；纱橱,,
safety,,n.,安全；保险；安全设备；保险装置；安打,,
sail,,n.,帆；船 v. 航行,,
sailor,,n.,水手， 海员,,
saint,,n.,圣人,,
sake,,n.,缘故，理由,,
salad,,n.,色拉， 凉拌菜,,
salary,,n.,薪金， 薪水,,
sale,,n.,"出售,卖出",,
salesman,,n.,售货员， 推销员,,
salt,,n.,盐；风趣，刺激性 adj. 咸水的；含盐的，咸味的；盐腌的；猥亵的 v. 用盐腌；给…加盐；将盐撒在道路上使冰或雪融化,,
salty,,adj.,咸的,,
same,,adj.,相同的 pron. 同样 adv. 同样地,,
sample,,n.,样品；标本,,
sanction,,vt.,批准，认可 n. 批准， 认可； 约束因素， 约束力； 国际制裁,,
sand,,n.,沙；沙地；沙洲；沙滩；沙子 v. 撒沙于；以沙掩盖；用砂纸等擦平或磨光某物；使撒沙似地布满；给…掺沙子,,
sandwich,,v.,夹入，挤进,,
satellite,,n.,人造卫星；卫星,,
satisfaction,,n.,满足，愉快,,
satisfactory,,adj.,令人满意的，良好的,,
satisfy,,v.,"满足,使满意",,
saturday,,n.,星期六,,
sauce,,n.,调味汁， 作料,,
saucer,,n.,茶托，浅碟,,
sausage,,n.,香肠，腊肠,,
save,,v.,节省,,
saving,,n.,节省， 节约； 储蓄金， 存款,,
saw,,n.,锯子 v. 锯，锯开,,
say,,v.,比如说[用于举例],,
scale,,n.,规模；比例,,
scan,,v.,细看；浏览；扫描,,
scandal,,n.,丑事， 丑闻； 流言蜚语； 反感， 愤慨,,
scanner,,n.,[计] 扫描仪；扫描器；光电子扫描装置,,
scar,,n.,瘢痕,,
scarce,,adj.,缺乏的， 不足的； 稀少的， 罕见的,,
scarcely,,adv.,几乎不；仅仅,,
scarcity,,n.,缺乏,,
scare,,v.,吓， 使害怕； 受惊吓， 感到害怕 n. 惊恐，恐慌,,
scary,,adj.,引起惊慌的,,
scatter,,v.,撒；散播；使消散,,
scene,,n.,场面；情景；景象；事件,,
scenery,,n.,风景；舞台布景,,
scenic,,adj.,"舞台的, 景色优美的 n. 风景照片",,
scent,,n.,香味,,
schedule,,n.,日程表,,
scheme,,n.,计划，规划；诡计,,
scholar,,n.,学者（尤指文学方面）,,
scholarly,,adj.,"学者气质的, 学者风度的",,
scholarship,,n.,奖学金,,
scholastic,,adj.,学校的；学者的；学术的（等于scholastical） n. 学者；学生；墨守成规者；经院哲学家,,
school,,n.,"学校,学院 v. 教育",,
science,,n.,科学；技术；学科；理科,,
scientific,,adj.,科学（上）的,,
scientist,,n.,科学家,,
scissors,,n.,剪刀，剪子,,
scold,,v.,责骂， 训斥,,
scope,,n.,范围,,
score,,n.,得分，比数；成绩,,
scout,,n.,侦察员，侦察机,,
scrape,,v.,刮；擦 n. 刮；擦伤；擦痕,,
scratch,,n.,抓，划痕,,
scream,,vi.,尖叫，呼啸 n. 尖叫声,,
screen,,v.,筛查,,
screw,,n.,螺旋，螺丝 v. 拧紧,,
script,,n.,剧本， 广播稿； 书写用的字母； 笔迹， 手迹,,
scripture,,n.,《圣经》；圣书,,
sea,,n.,海；海洋；许多；大量,,
seal,,n.,印记；封蜡 v. 封,,
search,,v.,搜寻；调查；探求 n. 搜寻；探究，查究,,
season,,n.,时期；季节；赛季 v. 给…调味；使适应,,
seasonal,,adj.,"季节的,周期性的",,
seat,,n.,座位；所在地；职位 v. 使…坐下；可容纳…的；使就职,,
second,,v.,支持,,
secondary,,adj.,第二的；次要的,,
secrecy,,n.,"秘密,保密",,
secret,,adj.,"秘密的,机密的 n. 秘密",,
secretary,,n.,秘书；书记；大臣,,
secretive,,adj.,秘密的；偷偷摸摸的；促进分泌的,,
section,,n.,切片；一段；部分，部门,,
sector,,n.,部门， 部分； 防御地段， 防区； 扇形,,
secure,,v.,确保……安全,,
security,,n.,安全，安保,,
seed,,n.,种（子），籽；起因，萌芽,,
seedling,,n.,幼苗,,
seek,,v.,寻找，探索；试图,,
seem,,v.,好像， 似乎,,
seemingly,,adv.,表面上看,,
segment,,n.,部分， 片段； 瓣,,
seize,,v.,抓住,,
seldom,,adv.,很少，罕见,,
select,,adj.,精选的， 挑选出来的； 优等的， 第一流的 vt. 选择，挑选,,
selection,,n.,选择，挑选,,
selective,,adj.,"选择的,精选的",,
self,,n.,"自己,自我",,
selfish,,adj.,自私的,,
selfless,,adj.,无私的,,
sell,,v.,销售；推销；出卖；欺骗 n. 销售；失望；推销术,,
semester,,n.,学期,,
semiconductor,,n.,半导体,,
seminar,,n.,研究班， 研讨会,,
senate,,n.,参议院，上院,,
senator,,n.,参议员,,
send,,v.,"发送,派遣",,
senior,,n.,老年人,,
sense,,n.,"感官；感觉；理解力；判断力；意义 v. 觉得,意识到",,
sensible,,adj.,明智的,,
sensitive,,adj.,敏感的,,
sensitivity,,n.,敏感（性）；灵敏性,,
sensor,,n.,传感器，灵敏元件,,
sentence,,n.,判决 v. 判决,,
separate,,adj.,分离的；个别的,,
separately,,adv.,分别地，另行,,
separation,,n.,"分离,分开",,
september,,n.,九月,,
sequence,,n.,次序,,
sequential,,adj.,序列的； 连续的； 随之而来的,,
series,,n.,连续，系列；丛书,,
serious,,adj.,"严肃的,认真的,严重的",,
servant,,n.,仆人，佣人；公务员；雇工,,
serve,,v.,为…服务；招待,,
service,,n.,服务，服侍；服役；仪式 adj. 服务性的；耐用的；服现役的 v. 维修，检修；保养,,
session,,n.,开会，会议,,
set,,n.,集（合）,,
setback,,n.,挫折， 倒退， 失败,,
setting,,n.,背景，环境,,
settle,,v.,安排；安放；调停,,
settlement,,n.,解决；殖民，殖民地,,
seven,,num.,"七,七个",,
seventy,,num.,七十,,
severe,,adj.,严重的,,
severity,,n.,严重性,,
sew,,v.,缝制，缝纫,,
sex,,n.,性；性别；性行为；色情 v. 引起…的性欲；区别…的性别,,
sexism,,n.,性别偏见， 性别歧视,,
sexual,,adj.,性的， 两性的； 性别的,,
shade,,n.,阴凉处,,
shadow,,n.,阴影；影子；幽灵；庇护；隐蔽处 v. 遮蔽；使朦胧；尾随；预示 adj. 影子内阁的,,
shady,,adj.,阴凉的,,
shake,,v.,动摇；摇动；震动；握手 n. 摇动；哆嗦,,
shallow,,adj.,浅的；浅薄的 n. 浅滩， 浅水处,,
shame,,v.,使羞愧；玷辱,,
shameful,,adj.,可耻的；不道德的,,
shape,,n.,形状；模型；身材；具体化 v. 形成；塑造，使成形；使符合,,
share,,v.,分享，分担；分配 n. 份额；股份,,
sharp,,adj.,急剧的；锋利的；强烈的；敏捷的；刺耳的 adv. 急剧地；锐利地；突然地 n. 尖头；骗子；内行 vt. 磨快；把音调升高 vi. 打扮；升音演奏,,
sharpen,,v.,削尖， 磨快； 使敏锐； 变得清晰,,
shave,,v.,剃，刮,,
shear,,v.,剪；剥夺,,
shed,,v.,流出；散发；脱落,,
sheep,,n.,羊，绵羊；胆小鬼,,
sheer,,adv.,垂直地，陡峭地 vi. 急转向， 偏离 adj. 完全的，十足的；陡峭的，垂直的；极薄的，透明的,,
sheet,,n.,被单；纸张；薄板,,
shelf,,n.,搁板，架子,,
shell,,n.,壳，贝壳；外壳，框架；炮弹 vt. 剥…的壳； 炮击,,
shelter,,n.,隐蔽处；掩蔽，庇护,,
shield,,n.,盾；防护物 v. 保护,,
shift,,v.,替换，转移 n. 转换,,
shine,,v.,发出光；反射光，闪耀；出类拔萃，表现突出；露出；照耀；显露；出众 n. 光亮，光泽；好天气；擦亮；晴天；擦皮鞋；鬼把戏或诡计,,
shiny,,adj.,发光的；磨光的,,
ship,,v.,运送，乘船；以船运送 n. 船；舰；太空船,,
shipment,,n.,装载的货物；装货,,
shirt,,n.,衬衫；汗衫，内衣,,
shiver,,v.,颤抖，哆嗦 n. 冷颤,,
shock,,v.,感到震惊,,
shoe,,n.,鞋；蹄铁；外胎 v. 给……穿上鞋；穿……鞋,,
shoot,,v.,发射；射中 n. 芽,,
shop,,n.,商店；店铺 v. 购物,,
shore,,n.,滨，岸,,
short,,adj.,短的；不足的；矮的，低的 n. 短；缺乏；短路；短裤 adv. 不足；突然；唐突地,,
shortage,,n.,不足，缺少，不足额,,
shortcoming,,n.,短处， 缺点,,
shortcut,,n.,捷径，近路,,
shortly,,adv.,立刻；简短地,,
shot,,n.,发射；弹丸；射门,,
should,,v.,应该；竟然会,,
shoulder,,v.,承担；挑起,,
shout,,v.,呼喊；喊叫；大声说 n. 呼喊；呼叫,,
shower,,n.,阵雨；（一）阵；淋浴,,
showmanship,,n.,主持演出的技巧,,
shriek,,v.,尖声喊叫 n. 尖叫声,,
shrimp,,n.,（小）虾，河虾，褐虾,,
shrink,,v.,起皱； 收缩； 退缩， 畏缩,,
shrug,,,n&v. 耸肩,,
shut,,v.,关闭；停业；幽禁 n. 关闭 adj. 关闭的；围绕的,,
shuttle,,n.,航天飞机,,
shy,,adj.,害羞的；畏缩的，胆怯的 v. 投；畏缩；惊退；厌恶 n. 投掷；惊跳,,
sick,,adj.,有病的；恶心的,,
side,,n.,边，面，侧 v. 支持,,
sideways,,adv.,向侧面,,
siege,,n.,包围，围攻，围困,,
sigh,,vi.,叹气， 叹息 n. 叹息,,
sight,,n.,景象；名胜，风景,,
sightseeing,,n.,观光,,
sign,,n.,符号；招牌 v. 签名,,
signal,,n.,信号 v. 发信号，打信号；示意,,
signature,,n.,签名,,
significance,,n.,意义，意味；重要性,,
significant,,adj.,重要的,,
silence,,n.,沉默 v. 使沉默,,
silent,,adj.,寂静无声的；沉默的,,
silicon,,n.,硅（旧名矽）,,
silk,,n.,蚕丝，丝，丝织品,,
silly,,adj.,傻的，愚蠢的,,
silver,,n.,银；银币；银器,,
silvery,,adj.,"含银的,银色光泽的",,
similar,,adj.,相似的,,
similarity,,n.,类似，相似；类似点,,
similarly,,adv.,类似地，相似地,,
simple,,adj.,单纯的；迟钝的,,
simplicity,,n.,简单,,
simplify,,v.,简化,,
simply,,adv.,简单地；朴素地,,
sin,,vi.,犯戒律， 犯过失 n. 罪，罪孽,,
sincere,,adj.,真诚的；真挚的,,
sincerity,,n.,真诚，诚意；真实,,
sing,,v.,唱歌；歌颂；鸣叫；呼号 n. 演唱；鸣声；呼啸声,,
singer,,n.,歌手,,
single,,adj.,单一的；独身的；单程的 n. 单程票；,,
singular,,adj.,单数的；非凡的,,
sink,,n.,（厨房内的）洗涤槽,,
sip,,v.,小口地喝，抿，呷 n. 小口喝， 一小口的量,,
sir,,n.,先生；（用于姓名前）爵士；阁下；（中小学生对男教师的称呼）先生；老师,,
sister,,n.,姐，妹；护士长；修女，女教士,,
sit,,v.,坐；位于 n. (Sit)人名；(东南亚国家华语)硕；(罗)西特,,
site,,n.,场所，地址,,
situate,,v.,位于，坐落在,,
situation,,n.,情况,,
six,,num.,"六,六个",,
sixteen,,num.,十六,,
sizable,,adj.,相当大的,,
size,,n.,大小；尺寸 adj. 一定尺寸的 v. 依大小排列,,
skate,,v.,滑冰；滑过 n. 溜冰；冰鞋,,
skeleton,,n.,骨骼，骷髅；骨架,,
sketch,,n.,略图；速写；概略,,
ski,,n.,滑雪橇 v. 滑雪 adj. 滑雪（用）的,,
skill,,n.,"技能,技巧",,
skilled,,adj.,有技能的，熟练的,,
skillful,,adj.,灵巧的，娴熟的,,
skim,,v.,掠过，擦过；略读,,
skin,,n.,皮肤；外皮 v. 剥皮,,
skip,,v.,跳过,,
skirt,,n.,裙子 v. 绕过，回避；位于…边缘,,
sky,,n.,"天,天空",,
skyrocket,,v.,突升，猛涨,,
skyscraper,,n.,摩天大楼,,
slam,,v.,使劲关；砰地放下,,
slap,,vt.,掴，掌击，拍；啪的一声放 n. 掴， 掌击， 拍,,
slave,,n.,奴隶,,
slavery,,n.,奴隶制度,,
sleep,,v.,睡，睡觉 n. 睡眠,,
sleepiness,,n.,"想睡,瞌睡",,
sleepy,,adj.,"困乏的,欲睡的",,
sleeve,,n.,袖子，袖套,,
slender,,adj.,细长的；微薄的,,
slice,,n.,薄片，切片；部分,,
slide,,v.,滑 n. 滑,,
slight,,adj.,轻微的，微小的 v. 侮慢；轻视，冷落,,
slightly,,adv.,轻微地,,
slim,,adj.,苗条的；薄的；少的 v. 减轻体重， 变苗条,,
slip,,v.,滑跤，滑落，溜；下降，跌落；悄悄放进 n. 疏漏， 差错,,
slipper,,n.,拖鞋 vt. 用拖鞋打,,
slippery,,adj.,滑的；模糊的，不明确的，,,
slit,,n.,裂缝 v. 切开，撕开,,
slogan,,n.,标语， 口号； 广告语,,
slope,,n.,倾斜；斜面 v. 倾斜,,
slow,,adj.,"慢的,不活跃的 v. (down)(使)放慢,减速",,
smart,,adj.,聪颖的，机灵的,,
smash,,v.,粉碎，打烂；狠打，猛击；破灭，失败；猛撞，猛冲 n. 破碎 ； 猛击， 猛撞； 轰动的演出， 巨大的成功,,
smell,,v.,嗅，闻；有…气味 n. 气味，嗅觉；臭味,,
smile,,v.,微笑 n. 微笑；笑容；喜色,,
smog,,n.,烟雾,,
smoke,,n.,烟；抽烟；无常的事物 v. 冒烟，吸烟；抽烟；弥漫,,
smoky,,adj.,"冒烟的, 烟状的",,
smooth,,adj.,光滑的,,
snack,,n.,零食，小吃,,
snake,,n.,蛇；阴险的人 v. 迂回前进,,
snap,,v.,咔嚓折断，啪地绷断；吧嗒一声；猛咬；厉声说话，怒声责骂 adj. 仓促的， 突然的 n. 吧嗒声；快照,,
snow,,n.,雪，积雪；下雪 v. 降雪,,
snowy,,adj.,"雪的, 多雪的",,
so-called,,adj.,所谓的， 号称的,,
soak,,v.,浸，泡,,
soap,,n.,肥皂 v. 将肥皂涂在……上；对……拍马屁（俚语）,,
soar,,v.,猛增,,
soccer,,n.,英式足球，足球,,
sociable,,adj.,社交的；好交际的；友善的 n. 联谊会,,
social,,adj.,社会的； 交际的， 社交的,,
socialism,,n.,社会主义,,
socialist,,n.,社会主义者,,
socialize,,v.,交往，联谊,,
sociologist,,n.,社会学家,,
sociology,,n.,社会学,,
sock,,n.,短袜；一击 v. 重击；给……穿袜 adv. 正着地；不偏不倚地 adj. 非常成功的,,
soda,,n.,碳酸钠， 纯碱； 汽水， 苏打水,,
sofa,,n.,长沙发，沙发,,
soft,,adj.,软的，柔软的；温柔的，温和的；软弱的；笨的 adv. 柔软地；温和地 n. 柔性；柔软的东西；柔软部分,,
soften,,v.,使软化，变温和,,
software,,n.,软件,,
soil,,v.,弄脏,,
solar,,adj.,太阳的，日光的,,
soldier,,n.,"士兵,军人",,
sole,,n.,脚底；鞋底，袜底,,
solely,,adv.,单独地，唯一地,,
solemn,,adj.,严肃的，庄重的；庄严的；隆重的,,
solicitor,,n.,律师， 法律顾问,,
solid,,adj.,扎实的，坚实的,,
solidify,,v.,凝固,,
soluble,,adj.,可溶的；可以解决的,,
solution,,n.,解决，解答，解决办法,,
solve,,v.,解决,,
solvent,,adj.,有溶解力的； 有偿付能力的 n. 溶剂,,
somebody,,pron.,某人，有人,,
somehow,,adv.,由于某种原因,,
someone,,pron.,"有人, 某人",,
something,,pron.,"某事,某物 adv. 有点,大约",,
sometime,,adv.,在某一时候；从前,,
sometimes,,adv.,不时，有时，间或,,
somewhat,,adv.,有点,,
somewhere,,adv.,"某处, 在某处",,
son,,n.,儿子；孩子（对年轻人的称呼）；男性后裔,,
song,,n.,歌曲；歌唱；诗歌；鸣声,,
soon,,adv.,"不久,很快",,
sophisticated,,adj.,复杂的；世故的,,
sophistication,,n.,"老练, 精明",,
sore,,adj.,痛的；恼火的 n. 疮,,
sorrow,,n.,悲痛，悲哀，悲伤,,
sorrowful,,adj.,使人伤心的；悲伤的,,
sort,,n.,种类；类别 v. 整理,,
soul,,n.,灵魂；心灵；精神；鬼魂 adj. 美国黑人文化的,,
sound,,adj.,健康的；完好的,,
soup,,n.,汤，羹；马力 v. 加速；增加马力,,
sour,,adj.,酸的；脾气坏的,,
source,,n.,来源,,
south,,n.,南方，南边；南部 adv. 在南方，向南方 adj. 南的，南方的,,
southeast,,adj.,东南的；来自东南的 n. 东南；东南地区 adv. 来自东南,,
southeastern,,adj.,东南方的,,
southern,,adj.,南的；南方的 n. 南方人,,
southwest,,n.,西南方 adj. 西南的 adv. 往西南；来自西南,,
southwestern,,adj.,"西南的, 来自西南的",,
souvenir,,n.,纪念品,,
sow,,v.,播（种）,,
space,,n.,空间；太空；距离 v. 留间隔,,
spacecraft,,n.,航天器，宇宙飞船,,
spaceship,,n.,[航] 宇宙飞船,,
spacious,,adj.,宽敞的,,
spade,,n.,铲，铁锹,,
span,,n.,持续时间；跨距,,
spare,,adj.,空闲的,,
sparingly,,adv.,"节俭地, 保守地",,
spark,,n.,火花，火星,,
sparkle,,vi.,发光，闪耀，闪烁；活跃，焕发 n. 闪光， 闪耀， 闪烁； 活力， 生气,,
spatial,,adj.,空间的，占据空间的,,
speak,,v.,说话；演讲；表明；陈述,,
speaker,,n.,演讲者；扬声器；说话者；说某种语言的人,,
special,,adj.,特殊的，特别的,,
specialist,,n.,专家,,
specialization,,n.,"特殊化, 专门化",,
specialize,,v.,专业从事,,
species,,n.,种， 类,,
specific,,adj.,特定的，具体的,,
specifically,,adv.,特别地， 特定地； 明确地， 具体地,,
specification,,n.,说明,,
specify,,v.,指定，具体说明,,
specimen,,n.,样本，标本，样品,,
spectacular,,adj.,壮观的，引人注目的 n. 壮观的演出； 惊人之举,,
speculate,,v.,推测， 推断； 投机， 做投机买卖,,
speculation,,n.,"思索, 做投机买卖",,
speculative,,adj.,"推测的, 思索的,投机的",,
speech,,n.,演讲；讲话；[语] 语音；演说,,
speed,,v.,超速，加速；加速，迅速前行；兴隆 n. 速度，速率；迅速，快速；昌盛，繁荣,,
speedy,,adj.,"快的, 迅速的",,
spell,,v.,拼，拼写；意味着；招致；拼成；迷住；轮值 n. 符咒；一段时间；魅力,,
spelling,,n.,拼字， 拼法， 拼写法,,
spend,,v.,度过，消磨（时光）；花费；浪费；用尽 n. 预算,,
sphere,,n.,球体；范围,,
spherical,,adj.,球形的，球面的,,
spider,,n.,蜘蛛,,
spill,,v.,使溢出,,
spin,,v.,使旋转；纺 n. 旋转,,
spirit,,n.,"精神；情绪,心情",,
spiritual,,adj.,精神的， 心灵的； 宗教的,,
spit,,v.,吐唾沫，吐出 n. 唾沫， 唾液,,
spite,,,3、释义:n. 不顾；恶意，怨恨 v. 刁难，欺侮,,
splash,,v.,溅泼；泼水 n. 溅泼声,,
splendid,,adj.,壮丽的； 极好的,,
split,,v.,被劈开；劈开,,
spoil,,v.,损坏，糟蹋；宠坏,,
spokesman,,n.,发言人,,
sponsor,,v.,赞助,,
spontaneity,,n.,自发性,,
spontaneous,,adj.,自发的,,
spoon,,n.,匙，勺子；一杓的量 v. 用匙舀；使成匙状,,
spoonful,,n.,一匙,,
sport,,n.,运动；游戏；娱乐；运动会；玩笑 v. 游戏 adj. 运动的,,
sportsman,,n.,运动员,,
spot,,n.,点，斑点；地点，处所；少量 vt. 认出， 发现； 玷污,,
spouse,,n.,配偶,,
spray,,n.,浪花；喷雾 v. 喷,,
spread,,v.,扩散；传播,,
spring,,v.,跳，跃 n. 泉；跳跃,,
spur,,n.,刺激物 v. 刺激,,
spy,,vi.,当间谍；暗中监视 n. 间谍 vt. 看见， 发现,,
square,,n.,正方形；广场,,
squeeze,,v.,压，榨,,
stability,,n.,稳定；稳定性,,
stabilize,,v.,使稳固，使安定,,
stable,,adj.,稳定的，不变的,,
stack,,n.,堆，垛 v. 堆积,,
stadium,,n.,运动场， 体育场,,
staff,,n.,全体职员，员工；工作人员；参谋,,
stage,,n.,阶段；舞台,,
stain,,v.,沾污；给…着色,,
stainless,,adj.,不锈的；纯洁的,,
stair,,n.,楼梯,,
staircase,,n.,楼梯,,
stake,,n.,风险,,
stale,,adj.,乏味的，没有新意的,,
stamp,,n.,邮票；印记；标志；跺脚 v. 铭记；标出；盖章于…；贴邮票于…；用脚踩踏,,
stand,,v.,站立；位于；停滞 n. 站立；立场；看台；停止,,
standard,,n.,标准；水准；旗；度量衡标准 adj. 标准的；合规格的；公认为优秀的,,
standardize,,v.,使标准化,,
standpoint,,n.,立场,,
staple,,adj.,主要的； 经常需要的 n. 订书钉，U形钉；主食；主要产品 vt. 用订书钉订,,
star,,n.,"星,明星 v. 以星状物装饰,变成演员",,
stare,,,n&vi. 盯， 凝视,,
start,,v.,开动，着手；开设,,
startle,,v.,吃惊,,
startup,,n.,启动，开办,,
starvation,,n.,"饥饿, 饿死",,
starve,,v.,挨饿， 饿死,,
state,,n.,状态， 情况；国， 州 vt. 陈述， 说明；规定,,
statement,,n.,陈述， 声明； 结算单， 报表,,
statesman,,n.,国务活动家， 政治家,,
static,,adj.,静的；静态的,,
station,,n.,车站；驻地；地位；身份 v. 配置；安置；驻扎,,
stationary,,adj.,固定的， 静止不动的,,
statistic,,n.,统计数值， 统计资料； 统计学,,
statistical,,adj.,统计的，统计学的,,
statistics,,n.,统计学；数据,,
statue,,n.,塑像，雕像，铸像,,
status,,n.,地位,,
stay,,v.,停留；坚持；暂住；停下 n. 逗留；停止；支柱,,
steadily,,adv.,"稳定地,坚定地",,
steady,,adj.,稳定的，逐步的,,
steak,,n.,大块牛肉；牛排,,
steal,,v.,偷窃,,
steam,,n.,蒸汽 v. 蒸发；蒸,,
steamer,,n.,轮船，汽船,,
steel,,n.,钢，钢铁,,
steep,,adj.,陡峭的；急剧升/降的,,
steer,,v.,驾驶,,
stem,,n.,茎，（树）干 v. 起源,,
step,,n.,步，脚步；步骤；步伐；梯级 v. 踏，踩；走,,
stereotype,,n.,老套，固定模式,,
stick,,v.,刺，戳；伸出；粘贴 n. 棍；手杖；呆头呆脑的人,,
sticky,,adj.,粘的,,
stiff,,adj.,硬的；僵直的,,
stiffen,,v.,弄硬；加强,,
still,,adv.,仍然；更；静止地 adj. 静止的，不动的；寂静的，平静的；不起泡的 n. 寂静；剧照；蒸馏室 conj. 仍然；但是；尽管如此 v. 蒸馏；使…静止；使…平静下来,,
stimulant,,n.,[药] 兴奋剂；刺激物；酒精饮料 adj. 激励的；使人兴奋的,,
stimulate,,v.,刺激,,
stimulation,,n.,"激励,刺激",,
stimulus,,n.,刺激,,
sting,,v.,刺；刺痛 n. 刺,,
stir,,v.,搅动；煽动，激起,,
stock,,n.,股票；库存,,
stocking,,n.,长（筒）袜,,
stomach,,n.,胃；腹部；胃口 v. 忍受；吃下,,
stone,,n.,果核，（水果的）硬核,,
stony,,adj.,"多石的, 无情的",,
stool,,n.,凳子；粪便；厕所 v. 长新枝；分檗,,
stoop,,v.,俯身；弯身 n. 曲背；驼背,,
stop,,v.,停止；堵塞；断绝 n. 停止；车站；障碍；逗留,,
storage,,n.,贮藏；贮藏量,,
store,,n.,商店；贮藏；贮存品,,
storey,,n.,（层）楼,,
storm,,n.,爆发 v. 猛攻,,
stormy,,adj.,"暴风雨的, 激烈的, 暴怒的",,
story,,n.,故事；小说；新闻报道；来历；假话 vt. 用历史故事画装饰 vi. 说谎,,
stove,,n.,炉头；炉子,,
straight,,adj.,直的；连续的；笔直的；正直的；整齐的；异性恋的 adv. 直接地；不断地；立即；坦率地 n. 直；直线；直男，直女，异性恋者,,
straighten,,v.,把…弄直；挺起来,,
straightforward,,adj.,直接的,,
strain,,v.,扭伤，拉伤,,
strange,,adj.,陌生的；奇怪的,,
stranger,,n.,陌生人；新来者,,
strap,,n.,带子 v. 捆扎,,
strategic,,adj.,对全局有重要意义的， 关键的； 战略的,,
strategy,,n.,策略，战略,,
straw,,n.,稻草；麦杆；吸管,,
stream,,v.,流出， 涌出 n. 河，溪流；一股，一串,,
street,,n.,街道,,
strength,,n.,兵力；强度,,
strengthen,,v.,加强，巩固,,
stress,,n.,压力；重音,,
stressful,,adj.,充满著压力的，充满著紧张的,,
stretch,,v.,伸展；伸 n. 伸展,,
strict,,adj.,严格的,,
stride,,v.,大踏步走 n. 大步,,
strike,,n.,罢工,,
striking,,adj.,显著的， 突出的； 惹人注目的， 容貌出众的,,
string,,n.,线，细绳；一串,,
strip,,v.,剥去；除去 n. 条，带,,
stripe,,n.,条纹，条子,,
strive,,v.,努力，奋斗，力求,,
stroke,,n.,中风；打，击；鸣声,,
strong,,adj.,坚强的；强壮的；牢固的；擅长的 adv. 强劲地；猛烈地 n. (Strong)人名；(英)斯特朗,,
structural,,adj.,结构的，构造的,,
structure,,n.,结构,,
struggle,,v.,搏斗,,
student,,n.,学生；学者,,
studio,,n.,画室， 摄影室； 播音室， 录音室， 摄影棚,,
stuff,,n.,东西 v. 装，填，塞,,
stuffy,,adj.,不透气的，闷热的,,
stupid,,adj.,愚蠢的；麻木的；乏味的 n. 傻瓜，笨蛋,,
style,,n.,风格；时尚；类型；字体 v. 设计；称呼；使合潮流,,
stylish,,adj.,"时髦的, 漂亮的, 流行的",,
subdivision,,n.,分支; 分部,,
subject,,n.,题目； 学科； 主语 vt. 使隶属,,
subjective,,adj.,主观的， 个人的,,
submarine,,adj.,水下的 n. 潜水艇,,
submerge,,v.,浸没；潜入水中,,
submission,,n.,屈服， 服从； 提交， 呈递； 提交物； 看法， 意见,,
submit,,v.,提交,,
subsequent,,adj.,随后的，后来的,,
subsidize,,v.,提供补贴,,
substance,,n.,物质；实质；本旨,,
substantial,,adj.,大量的,,
substitute,,n.,代替者 v. 代替,,
subtract,,v.,减，减去，去掉,,
subtraction,,n.,减少,,
suburb,,n.,郊区， 郊外， 近郊,,
suburban,,adj.,郊区的,,
subway,,n.,地道；地下铁路,,
succeed,,v.,成功；接替；继…之后,,
succeeding,,adj.,以后的， 随后的,,
success,,n.,成就，成功；成功的事物，有成就的人,,
successful,,adj.,圆满的；顺利的；成功的,,
succession,,n.,连续；继任，继承,,
successive,,adj.,连续的；接连的,,
successor,,n.,继承人，继任者,,
suck,,v.,吸，吮，啜,,
sudden,,adj.,突然的，意外的；快速的 n. 突然发生的事,,
suddenly,,adv.,突然地,,
suffer,,v.,受苦；遭受（痛苦）,,
sufficient,,adj.,足够的,,
sugar,,n.,糖；食糖；甜言蜜语 v. 加糖于；粉饰,,
suggestion,,n.,建议， 意见； 细微的迹象； 暗示,,
suggestive,,adj.,"提示的,暗示的",,
suicide,,,n&v. 自杀,,
suit,,n.,起诉，诉讼 v. 适合,,
suitable,,adj.,适当的；相配的,,
suitcase,,n.,手提箱，衣箱,,
sulfur,,n.,硫（磺），硫黄,,
sulphur,,n.,硫（磺），硫黄,,
sum,,n.,金额；总数,,
summarize,,v.,概括，概述，总结,,
summary,,adj.,概括的， 概要的； 实时的， 即决的 n. 摘要，概要，一览,,
summer,,n.,夏天，夏季 adj. 夏季的,,
summit,,n.,最高点， 峰顶； 最高级会议,,
sun,,n.,太阳 v. 使晒,,
sunday,,n.,星期日；礼拜日,,
sunlight,,n.,日光， 阳光,,
sunrise,,n.,日出； 朝霞,,
sunset,,n.,日落； 晚霞,,
sunshine,,n.,日光， 阳光,,
super,,adj.,特级的；极好的 n. 特级品，特大号；临时雇员,,
superb,,adj.,极好的； 高质量的,,
superficial,,adj.,肤浅的,,
superior,,adj.,上级的，较高的 n. 上级，长官,,
superiority,,n.,优越（性），优势,,
supermarket,,n.,超级市场,,
supervise,,v.,监督，监视,,
supervision,,n.,监督,,
supervisor,,n.,督导,,
supper,,n.,晚餐，晚饭；夜宵,,
supplement,,n.,增补物，补充物 v. 增补，补充,,
supplementary,,adj.,增补的， 补充的,,
supplier,,n.,"供应者, 补充者",,
supply,,,n&vt. 供给， 供应,,
support,,vt.,支撑；支持；供养；证实 n. 支持， 支撑物， 支持者,,
supporter,,n.,"支持者, 赡养者",,
supportive,,adj.,支持的,,
suppose,,v.,料想，以为；假定；期望,,
supposedly,,adv.,"推测地, 大概",,
supposition,,n.,"假定, 想象",,
supremacy,,n.,"地位最高的人,至高,霸权",,
supreme,,adj.,最高的；最大的,,
sure,,adj.,"对有把握 ad的确, 当然",,
surf,,v.,冲浪,,
surface,,n.,表面；表层；外观 adj. 表面的，肤浅的 v. 浮出水面,,
surge,,vi.,蜂拥而出；洋溢，奔放；汹涌，奔腾 n. 大浪， 波涛； 高涨； 汹涌,,
surgeon,,n.,外科医生,,
surgery,,n.,外科，外科手术,,
surgical,,adj.,手术的,,
surpass,,v.,超过,,
surplus,,adj.,过剩的， 多余的 n. 过剩，剩余，盈余,,
surprise,,v.,"使诧异,使惊异,使感到意外 n. 诧异,惊异",,
surrender,,v.,交出；投降,,
surround,,vt.,围， 围绕； 圈住,,
surrounding,,adj.,附近的；四周的,,
surroundings,,n.,周围的事物，环境,,
survey,,v.,调查；审视，仔细考虑 n. 调查；勘测，测量，测绘,,
survival,,n.,幸存,,
survive,,v.,幸免于；活下来,,
survivor,,n.,生还者； 残存物,,
suspect,,v.,怀疑，猜想 n. 嫌疑犯,,
suspend,,v.,吊，悬；推迟,,
suspense,,n.,担心， 焦虑； 悬念， 不确定,,
suspension,,n.,暂停， 中止； 暂令停止参加， 暂时剥夺； 悬架， 悬置机构； 悬浮液； 悬， 挂， 吊,,
suspicion,,n.,怀疑，疑心，猜疑,,
suspicious,,adj.,怀疑的；可疑的,,
sustain,,n.,维持,,
sustainable,,adj.,可持续的,,
swallow,,v.,咽下，吞下,,
sway,,v.,影响,,
swear,,v.,宣（誓）；诅咒,,
sweat,,v.,使出汗；流出；使干苦活；剥削；藉出汗减轻；焦急地期待 n. 汗；水珠；焦急；苦差使,,
sweater,,n.,厚运动衫，毛线衫,,
sweep,,v.,扫；刮起；扫过,,
sweet,,adj.,甜的,,
swell,,v.,膨胀；增长；隆起,,
swift,,adj.,迅速的,,
swim,,v.,游泳；漂浮；浸；眩晕 n. 游泳；漂浮；眩晕 adj. 游泳时穿戴的,,
swimmer,,n.,游泳者,,
swing,,v.,摇摆；回转 n. 摇摆,,
switch,,v.,转变，改变,,
sword,,n.,剑，刀,,
symbol,,n.,象征，标志,,
symbolic,,adj.,符号的； 象征性的,,
symbolize,,v.,象征,,
sympathetic,,adj.,同情的,,
sympathize,,v.,同情；同感，共鸣,,
sympathy,,n.,同情心,,
symptom,,n.,症状,,
synthetic,,adj.,合成的，人造的,,
system,,n.,系统； 制度， 体制； 方法， 做法； 身体,,
systematic,,adj.,有系统的；有计划的,,
systematical,,adj.,有系统的， 有计划的,,
systematically,,adv.,系统地，有规则地,,
table,,n.,桌子；表格；平地层 v. 制表；搁置；嵌合 adj. 桌子的,,
tablet,,n.,碑；药片；写字板；小块；平板电脑 vt. 用碑牌纪念；将(备忘录等)写在板上；将…制成小片或小块,,
tackle,,v.,处理,,
tag,,n.,标签；附加语,,
tail,,n.,"尾巴 v. 跟踪,尾随",,
tailor,,v.,调整使适应,,
takeoff,,n.,起飞,,
tale,,n.,故事；传说,,
talent,,n.,才能；天才；人才,,
talented,,adj.,有才能的,,
talk,,v.,讲话；谈论,,
tall,,adj.,高的；长的；过分的；夸大的 adv. 夸大地 n. (Tall)人名；(马里、阿拉伯)塔勒；(芬、罗、瑞典)塔尔；(英)托尔；(土)塔勒,,
tame,,adj.,驯服的；顺从的,,
tangible,,adj.,可触摸的， 可感知的； 明确的， 确凿的； 有形的， 实际的,,
tank,,n.,油箱，水箱,,
tap,,n.,轻叩 v. 轻叩,,
tape,,v.,系，捆,,
target,,n.,目标 vt. 把…作为目标； 瞄准,,
task,,n.,任务，工作,,
taste,,n.,味觉；品味,,
tasteless,,adj.,无味的,,
tax,,n.,税，税款；负担 vt. 对…征税； 使负担重， 使费尽力气,,
taxi,,v.,乘出租车；滑行 n. 出租汽车,,
tea,,n.,茶叶；茶树；茶点 vt. 给…沏茶 vi. 喝茶；进茶点,,
teach,,v.,"讲授,教授",,
teacher,,n.,教师；导师,,
team,,v.,协作，合作,,
tear,,n.,眼泪 v撕(裂),,
technical,,adj.,技术的,,
technician,,n.,技术员，技师,,
technique,,n.,技巧，手艺；技术，技能,,
technological,,adj.,科技的,,
technology,,n.,工艺学； 工艺， 技术,,
tedious,,adj.,单调沉闷的,,
teenager,,n.,青少年,,
telecommunications,,n.,通信， 电信,,
telegram,,n.,电报,,
telephone,,n.,（美）电话；电话机；电话耳机 v. 打电话,,
telescope,,n.,望远镜,,
telescopic,,adj.,"望远镜的,[眼科] 远视的",,
television,,n.,电视(机),,
tell,,v.,"告诉,讲述",,
teller,,n.,"讲话的人, 告诉的人",,
temper,,n.,韧度；心情，情绪 vt. 调和， 使缓和； 【冶】使回火,,
temperature,,n.,温度；体温,,
temple,,n.,圣堂，神殿，庙宇,,
temporarily,,adv.,临时,,
temporary,,adj.,暂时的，临时的,,
tempt,,v.,引诱，诱惑；吸引,,
temptation,,n.,诱惑，引诱,,
tempting,,adj.,诱人的，吸引人的,,
ten,,num.,"十,十个",,
tend,,v.,照管，照料，护理,,
tendency,,n.,倾向；趋向，趋势,,
tender,,adj.,嫩的；脆弱的,,
tense,,n.,时态，时,,
tension,,n.,紧张,,
tent,,n.,帐篷,,
term,,n.,"学期;期限,期间;(pl.)条件,条款;术语",,
terminal,,n.,终点站，航空站,,
terrible,,adj.,可怕的；极度的,,
terribly,,adv.,可怕地，非常,,
terrific,,adj.,极妙的； 极大的； 令人恐惧的,,
terrify,,v.,使恐怖，使惊吓,,
territorial,,adj.,领土的,,
territory,,n.,领土，领域,,
terror,,n.,恐怖，惊骇,,
terrorism,,n.,恐怖主义,,
terrorist,,n.,恐怖分子,,
test,,,"n&vt. 试验,测试",,
text,,n.,"正文,课文",,
textbook,,n.,教科书，课本,,
textile,,n.,纺织品,,
thank,,v.,感谢,,
thanksgiving,,n.,感恩节,,
theater,,n.,电影院，戏院，剧场；戏剧；手术室,,
theatrical,,adj.,戏剧性的,,
theft,,n.,盗窃，偷窃（行为）,,
theme,,n.,主题， 题目,,
themselves,,pron.,他(她、它)们自己,,
theoretical,,adj.,理论（上）的,,
theory,,n.,理论,,
therapeutic,,adj.,"治疗的, 治疗学的 n治疗剂, 治疗学家",,
therapist,,n.,临床医学家,,
therapy,,n.,疗法 治疗,,
thereby,,adv.,因此，从而，由此,,
therefore,,adv.,因此，所以,,
thermometer,,n.,温度计，寒暑表,,
thesis,,n.,论文；论题，论点,,
thick,,adv.,厚厚地 adj. 厚的，密的，浓的；不清楚的，口音重的,,
thickness,,n.,厚（度）；密（度）,,
thief,,n.,小偷，贼,,
thin,,,a&ad. 薄、细、瘦(的),,
thing,,n.,"东西,事情",,
thinking,,adj.,深思的， 有理性的 n. 想法，意见，见解,,
third,,num.,"第三,三分之一",,
thirst,,n.,渴， 口渴；渴望， 热望,,
thirsty,,adj.,渴的； 渴望的,,
thirteen,,n.,十三；十三岁；十三个 num. 十三 adj. 十三的；十三个的,,
thirty,,n.,三十年代 num. 三十 adj. 三十个的,,
thorough,,adj.,彻底的；详尽的,,
though,,conj.,"尽管,虽然 adv. 可是",,
thoughtful,,adj.,体贴的；沉思的,,
thousand,,n.,一千；一千个；许许多多 adj. 成千的；无数的,,
thread,,n.,线；丝；螺纹；头绪,,
threat,,n.,威胁，恐吓；凶兆,,
threaten,,v.,威胁,,
thrive,,v.,兴旺，繁荣，旺盛,,
throat,,n.,咽喉，喉咙；嗓音,,
through,,prep.,因为，由于,,
throughout,,prep.,遍及 adv. 到处,,
throw,,v.,投；抛；掷 n. 投掷；冒险,,
thrust,,v.,插，刺 n. 猛冲，猛刺；推进,,
thumb,,v.,示意要求搭车 n. 拇指,,
thunder,,n.,雷 v. 打雷；吼出,,
thunderous,,adj.,"打雷的, 雷鸣般的",,
thursday,,n.,星期四,,
thus,,adv.,如此，这样；因而,,
tick,,vi.,发出滴答声 n. 记号，勾号；滴答声 vt. 给…标记号,,
ticket,,n.,（交通违章）罚款传票,,
tidal,,adj.,"潮汐的, 定时涨落的",,
tide,,n.,潮水,,
tidy,,adj.,整洁的；整齐的,,
tie,,v.,系；约束；打结；与…成平局 n. 领带；平局；鞋带；领结；不分胜负,,
tiger,,n.,老虎；凶暴的人,,
tight,,adj.,紧的；密封的；绷紧的；麻烦的；严厉的；没空的；吝啬的 adv. 紧紧地；彻底地 n. (Tight)人名；(英)泰特,,
tighten,,v.,使变紧,,
till,,n.,[地理][水文] 冰碛；放钱的抽屉；备用现金 prep. 直到 conj. 直到为止 v. 耕种；犁,,
timber,,n.,木材， 原木； 大木料， 栋木,,
time,,n.,时间；钟点，时刻；次，回,,
timely,,adj.,及时的；适时的,,
tin,,n.,锡；罐头,,
tiny,,adj.,微小的,,
tip,,v.,轻击；给小费,,
tire,,v.,疲劳，累；厌倦,,
tired,,adj.,疲倦的；厌倦的，厌烦的 v. 疲倦；对…腻烦（tire的过去分词形式）,,
tiresome,,adj.,使人厌倦的，讨厌的,,
tissue,,n.,薄绢；薄纸；组织,,
title,,n.,标题， 题目； 称号， 头衔； 权利， 权益,,
to,,prep.,(表示方向)到；向；(表示间接关系)给,,
toast,,n.,烤面包 v. 烘，烤,,
tobacco,,n.,烟草，烟叶；烟草制品；抽烟,,
today,,n.,"今天,现今",,
toe,,n.,脚趾；足尖,,
toilet,,n.,厕所，盥洗室，浴室,,
token,,n.,辅币；象征,,
tolerable,,adj.,可忍受的， 可容忍的； 尚好的， 过得去的,,
tolerance,,n.,宽容，容忍,,
tolerant,,adj.,容忍的；有耐力的,,
tolerate,,v.,忍受，容忍，宽恕,,
toll,,v.,敲 n. 过路费，过桥费；伤亡人数，损失,,
tomato,,n.,西红柿,,
tomorrow,,n.,明天；未来 adv. 明天；未来地（等于to-morrow）,,
ton,,n.,吨；很多，大量,,
tone,,n.,音；腔调；声调,,
tongue,,n.,舌头；语言 v. 舔；斥责；用舌吹,,
tonight,,adv.,在今晚 n. 今晚,,
tonnage,,n.,"登记吨位, 排水量",,
tooth,,n.,牙齿,,
toothache,,n.,牙痛，牙疼,,
top,,n.,"顶部,顶端",,
topic,,n.,题目， 论题， 话题,,
topical,,adj.,有关时事的,,
torch,,n.,手电筒；火炬，火把,,
torture,,n.,拷问；折磨 v. 拷打,,
toss,,v.,翻来覆去,,
total,,adj.,总的 v. 合计，总共,,
touch,,v.,触摸；触动；感动 n. 触,,
tough,,adj.,困难的,,
tour,,n.,旅行，旅游 v. 旅游，游历,,
tourism,,n.,"旅游业, 观光",,
tourist,,n.,旅游者，观光者,,
toward,,prep.,"向,朝,接近",,
towel,,n.,毛巾，手巾,,
tower,,n.,塔 v. 屹立，高耸,,
town,,n.,城镇，市镇；市内商业区,,
toy,,n.,玩具；小装饰品；不值钱的东西 v. 玩弄；调情；随随便便地对待 adj. 作为玩具的；玩物似的,,
trace,,n.,痕迹,,
track,,n.,足迹 v. 追踪，〔循着踪迹、气味等〕找寻,,
tractor,,n.,拖拉机；牵引车,,
trade,,n.,贸易；职业 v. 交易,,
trademark,,n.,商标， 牌号； 特征， 标记,,
tradition,,n.,传统， 惯例,,
traditional,,adj.,传统的， 惯例的； 口传的， 传说的,,
traffic,,n.,交通，通行；交通量,,
tragedy,,n.,惨事，惨案；悲剧,,
tragic,,adj.,悲惨的；悲剧的,,
trail,,n.,小径；痕迹 v. 跟踪,,
train,,v.,"训练,培训",,
trainer,,n.,训练者,,
trait,,n.,性格,,
tram,,n.,电车轨道；煤车 v. 用煤车运载,,
transaction,,n.,交易，业务，事务,,
transcript,,n.,成绩单；抄本，副本；文字记录,,
transfer,,v.,转换，调换 n. 转换，调换,,
transform,,v.,改变,,
transformation,,n.,变化；改造；转变,,
transformer,,n.,变压器,,
transistor,,n.,晶体管,,
transit,,n.,运输， 载运,,
translate,,v.,翻译；转化；解释；转变为；调动,,
translation,,n.,翻译； 译文， 译本,,
transmission,,n.,传送；传动；发射,,
transmit,,v.,传送，传达；发射,,
transmitter,,n.,"转送者,传导物,发射机",,
transparent,,adj.,透明的；易识破的,,
transplant,,v.,移植（器官、皮肤等）；移植，移种（植物）,,
transport,,v.,运输 n. 运输,,
transportation,,n.,运输,,
trap,,n.,陷阱；诡计 v. 诱骗,,
trash,,n.,垃圾，废物；拙劣的文学作品；没用的人，社会渣滓，败类 vt. 捣毁， 破坏,,
travel,,,"n&v. 旅行,移动,传播",,
tray,,n.,托盘，碟；（浅）盘,,
treasure,,v.,珍爱,,
treat,,v.,对待；处理 n. 款待,,
treatment,,n.,治疗；对待,,
treaty,,n.,条约；协议，协定,,
tree,,n.,树；木料；树状物 v. 把赶上树,,
tremble,,v.,颤抖,,
tremendous,,adj.,巨大的,,
trend,,n.,倾向,,
trial,,n.,审判；试，试验,,
triangle,,n.,三角（形）,,
triangular,,adj.,三角的；三者间的,,
trick,,n.,诡计；窍门 v. 哄骗,,
trifle,,v.,玩忽；闲混；嬉耍,,
trigger,,v.,引发，引起,,
trim,,adj.,整齐的 v. 使整齐,,
trip,,v.,绊倒；远足；犯错误；轻快地走 n. 旅行；绊倒；差错,,
triple,,adj.,三部分的，三方的；三倍的，三重的 v. 增至三倍,,
triumph,,n.,胜利,,
triumphant,,adj.,得胜的；得意洋洋的,,
trolley,,n.,手推车；有轨电车,,
troop,,n.,军队；一群，大量,,
tropical,,adj.,热带的,,
trouble,,n.,麻烦；烦恼；故障；动乱 v. 麻烦；使烦恼；折磨,,
troublesome,,adj.,令人烦恼的；麻烦的,,
trousers,,n.,裤子，长裤,,
truck,,n.,"卡车, 敞棚货车",,
truly,,adv.,真正地； 忠实地,,
trumpet,,n.,喇叭，小号,,
trunk,,n.,树干；大衣箱，皮箱,,
trust,,n.,信任 v. 相信；委托,,
truth,,n.,事实；真理；真实性,,
try,,,"v&n. 尝试,试验",,
tube,,n.,管；电子管，显像管,,
tuesday,,n.,星期二,,
tuition,,n.,学费,,
tumor,,n.,瘤,,
tune,,n.,调子 v. 调音,,
tunnel,,n.,隧道，坑道，地道,,
turbine,,n.,叶轮机，汽轮机,,
turkey,,n.,火鸡；笨蛋；失败之作,,
turn,,v.,转动，使旋转；转弯；翻过来；兑换 n. 转弯；变化；(损害或有益于别人的)行为，举动，举止,,
tutor,,v.,当…导师， 当…家庭教师 n. 导师；家庭教师，私人教师,,
twelve,,num.,十二,,
twentieth,,num.,"第二十,二十分之一",,
twenty,,num.,"二十,二十个",,
twice,,adv.,"两次, 两倍",,
twin,,adj.,孪生的 n. 孪生儿,,
twist,,v.,扭曲，使弯曲,,
type,,n.,型，类型 v. 打字,,
typewriter,,n.,打字机,,
typical,,adj.,典型的，代表性的,,
typist,,n.,打字员,,
tyre,,n.,轮胎，车胎,,
ugly,,adj.,丑陋的； 可怕的,,
ultimate,,adj.,最后的，最终的,,
ultimately,,adv.,最后，最终,,
umbrella,,n.,伞， 雨伞,,
unaffordable,,adj.,买不起的，负担不起的,,
unbearable,,adj.,无法忍受的,,
uncertain,,adj.,不确定的,,
uncertainty,,n.,"无常, 不确定",,
uncle,,n.,"伯父,叔父,援助者",,
unconscious,,adj.,不省人事的,,
uncover,,v.,揭开…的盖子,,
underestimate,,v.,低估,,
undergo,,v.,承受,,
undergraduate,,n.,大学在校生,,
underground,,adv.,在地下，往地下；秘密地，不公开地 adj. 地下的；秘密的，不公开的 n. 地铁； 地下组织,,
underline,,v.,强调,,
undermine,,v.,逐渐削弱; 逐渐动摇,,
underneath,,,"prep,adv. 在下面，在底下",,
understand,,v.,理解；懂；获悉；推断；省略,,
understanding,,adj.,体谅的， 宽容的， 通情达理的 n. 理解，理解力；谅解；协议；相互理解，融洽,,
undertake,,v.,承担,,
undertaking,,n.,任务，事情,,
undervalue,,v.,低估,,
underwear,,n.,衫衣，内衣，贴身衣,,
undo,,v.,解开，打开；取消,,
undoubtedly,,adv.,无疑,,
uneasy,,adj.,心神不安的，忧虑的,,
unemployed,,adj.,"失业的, 未被利用的",,
unemployment,,n.,失业；失业人数,,
unexpected,,adj.,想不到的，意外的,,
unfortunately,,adv.,不幸地,,
uniform,,adj.,一样的 n. 制服,,
uniformity,,n.,"一致,均匀",,
unintended,,adj.,意想不到的,,
union,,n.,协会；联合,,
unique,,adj.,独特的，唯一的,,
unit,,n.,单位；单元；部件,,
unite,,v.,联合,,
unity,,n.,单一；统一；团结,,
universal,,adj.,宇宙的，全世界的；普遍的,,
universe,,n.,宇宙， 世界； 领域， 范围,,
university,,n.,(综合)大学,,
unknown,,adj.,不知道的；未知的,,
unless,,conj.,除非，如果不,,
unlike,,adj.,不同的 prep. 不象…,,
unlikely,,adj.,未必的，未必可能的,,
unload,,v.,卸（货）,,
unrest,,n.,不安定，动荡,,
unusual,,adj.,不平常的， 少有的； 独特的， 与众不同的,,
unwilling,,adj.,不愿意的,,
up-to-date,,adj.,直到最近的， 现代的； 跟上时代的,,
upbringing,,n.,养育，培养，教养,,
update,,v.,更新；使现代化,,
upgrade,,v.,升级,,
upon,,prep.,在之上,,
upper,,adj.,上面的；地位较高的,,
upright,,adj.,垂直的；正直的,,
upset,,v.,弄翻，打翻，倾覆,,
upstairs,,adv.,在楼上，向楼上；上楼；往楼上 adj. 楼上的 n. 楼上,,
upward,,adj.,上升的；向上的,,
urban,,adj.,都市的，住在都市的,,
urbanization,,n.,城市化,,
urbanize,,v.,"使都市化, 使文雅",,
urge,,v.,催促；推进 n. 冲动,,
urgency,,n.,"紧急, 紧急的事",,
urgent,,adj.,紧急的,,
usage,,n.,使用，对待；惯用法,,
useful,,adj.,"有用的,有益的",,
useless,,adj.,"无用的, 无效的",,
user,,n.,使用者,,
usual,,adj.,通常的，惯例的；平常的,,
utility,,n.,公用事业〔如煤气、电力等〕,,
utilization,,n.,利用,,
utilize,,v.,利用,,
utmost,,adj.,最大的 n. 极限,,
utter,,adj.,完全的，彻底的,,
utterly,,adv.,完全地，彻底地,,
vacancy,,n.,"空白, 空缺",,
vacant,,adj.,空的；未被占用的,,
vacation,,n.,假期， 休假,,
vacuum,,n.,真空；真空吸尘器,,
vague,,adj.,模糊的；含糊的,,
vain,,adj.,徒劳的；自负的,,
valid,,adj.,有效的,,
validate,,v.,"[律]使有效, 使生效",,
validity,,n.,有效性；真实性,,
valley,,n.,(山)谷;流域,,
valuable,,n.,贵重物品，财宝,,
value,,v.,重视,,
van,,n.,大篷车，运货车,,
vanish,,v.,消失,,
vanity,,n.,"虚荣心,浮华",,
vapor,,n.,蒸汽,,
vapour,,n.,汽，蒸气,,
variable,,adj.,易变的 n. 变量,,
variant,,adj.,不同的， 变异的 n. 变体，变形,,
variation,,n.,变化，变动；变异,,
variety,,n.,多样,,
various,,adj.,各种各样的，不同的,,
vary,,v.,不同；变化,,
vast,,adj.,巨大的；大量的,,
vegetable,,n.,蔬菜；植物；植物人 adj. 蔬菜的；植物的,,
vegetarian,,n.,素食主义者,,
vehicle,,n.,车辆,,
veil,,v.,以面纱遮掩；遮盖,,
velocity,,n.,速度,,
vendor,,n.,卖主；小贩；供应商；[贸易] 自动售货机,,
venture,,n.,冒险 v. 敢于,,
verb,,n.,动词,,
verbal,,adj.,口头的； 用言辞的， 用文字的； 动词的,,
verification,,n.,确认，查证；核实,,
verify,,v.,证实，查证；证明,,
version,,n.,版本,,
versus,,prep.,（比赛等中）对,,
vertical,,adj.,垂直的，竖式的,,
very,,adv.,很，非常；完全 adj. 同一的，正是的，恰好的,,
vessel,,n.,船，飞船；管；容器,,
veteran,,n.,老兵；老手,,
veto,,n.,否决，否决权；禁止,,
via,,prep.,通过,,
vibrate,,v.,使颤动,,
vice,,n.,罪恶；恶习,,
victim,,n.,牺牲者， 受害者,,
victimize,,vt.,使受害， 使牺牲,,
victory,,n.,胜利,,
video,,adj.,录像的；电视的 n. 录像,,
view,,v.,看待,,
viewpoint,,n.,观点， 看法， 见解,,
vigor,,n.,"精力, 活力",,
vigorous,,adj.,朝气蓬勃的,,
village,,n.,村庄；村民；（动物的）群落,,
villager,,n.,村民,,
vinegar,,n.,醋,,
violate,,v.,违反,,
violation,,n.,违反,,
violence,,n.,猛烈， 激烈； 暴力,,
violent,,adj.,暴力的；强暴的；猛烈的；狂暴的,,
violet,,n.,紫罗兰,,
violin,,n.,小提琴,,
violinist,,n.,"小提琴演奏者, 小提琴家",,
virtual,,adj.,虚拟的,,
virtually,,adv.,几乎，差不多,,
virtue,,n.,善；美德；优点,,
virtuous,,adj.,有道德的， 品行端正的， 品德高的； 〈贬〉自命清高的， 自以为是的,,
virus,,n.,病毒,,
visa,,n.,签证,,
visibility,,n.,能见度,,
visible,,adj.,看得见的,,
vision,,n.,视力；想象力；梦幻,,
visit,,v.,拜访,,
visitor,,n.,"访问者,客人,来宾,参观者",,
visual,,adj.,视觉的，视力的,,
visualize,,v.,想象,,
vital,,adj.,重要的,,
vitality,,n.,活力； 生机， 元气,,
vitally,,adv.,极其重要地,,
vitamin,,n.,维生素，维他命,,
vivid,,adj.,生动的；鲜艳的,,
vocabulary,,n.,词汇,,
vocation,,n.,职业，行业,,
vocational,,adj.,职业的,,
voice,,n.,"声音;嗓音；意见,发言权;语态",,
volcanic,,adj.,"火山的,猛烈的",,
volcano,,n.,火山,,
volleyball,,n.,排球,,
volt,,n.,伏特，伏,,
voltage,,n.,电压,,
volume,,n.,音量；容积；卷，册,,
voluminous,,adj.,"卷数多的,大量的",,
voluntary,,adj.,自愿的，主动的,,
volunteer,,v.,自愿提供； 自愿， 志愿 n. 志愿者；志愿兵,,
vote,,v.,投票，选举,,
voter,,n.,投票者,,
voyage,,n.,航海，航空 v. 航海，航行,,
vulnerability,,n.,"弱点, 攻击",,
vulnerable,,adj.,"脆弱的, 易受影响的",,
wage,,v.,开展（运动）,,
waggon,,n.,四轮运货马车,,
wagon,,n.,四轮马车， 大篷车； 铁路货车， 客货两用车,,
waist,,n.,腰， 腰部,,
wait,,v.,等候；推迟；延缓 n. 等待；等候,,
waitress,,n.,女侍者，女服务员,,
wake,,v.,醒来；唤醒；警觉 n. 尾迹；守夜；守丧,,
waken,,v.,醒来；弄醒,,
walk,,n.,步行，走；散步 v. 散步；走过,,
wall,,n.,墙壁，围墙；似墙之物 v. 用墙围住，围以墙 adj. 墙壁的,,
wallet,,n.,皮夹子,,
wander,,v.,漫游；迷路；离题,,
want,,n.,需要；缺乏,,
ward,,n.,病房，病室；监房,,
ware,,n.,物品；商品，货物,,
warehouse,,n.,仓库，货栈,,
warfare,,n.,战争，战争状态,,
warm,,adj.,温暖的；热情的 v. 同情；激动；变温暖 n. 取暖；加热,,
warmth,,n.,暖和，温暖；热烈,,
warn,,v.,警告，提醒；通知 n. (Warn)人名；(英)沃恩；(德)瓦恩,,
warning,,n.,警告，告诫，鉴诫,,
warrior,,n.,勇士，武士,,
wary,,adj.,机警的,,
wash,,n.,洗涤；洗的衣服；化妆水；冲积物 v. 洗涤；洗刷；冲走；拍打,,
waste,,n.,浪费；废物；荒地；损耗；地面风化物 v. 浪费；消耗；使荒芜 adj. 废弃的；多余的；荒芜的,,
wasteful,,adj.,浪费的,,
watch,,v.,观察；注视；看守；警戒 n. 手表；监视；守护；值班人,,
watchful,,adj.,注意的，警惕的,,
water,,n.,水 v. 使湿，灌溉,,
waterproof,,adj.,不透水的，防水的,,
watertight,,adj.,不漏水的，防水的,,
wave,,n.,波；波涛 v. 波动，挥动，摆动,,
wavy,,adj.,"波状的,不稳的",,
wax,,n.,蜡，蜂蜡,,
way,,n.,（特定的）状态，状况,,
weak,,adj.,[经] 疲软的；虚弱的；无力的；不牢固的,,
weaken,,v.,减少，减弱,,
weakness,,n.,弱点；虚弱；软弱,,
wealth,,n.,财富， 财产； 丰富,,
wealthy,,adj.,富有的， 富裕的,,
weapon,,n.,武器， 兵器,,
wear,,v.,磨损,,
weather,,n.,"天气,气象 v. 风化,经受风雨(侵蚀)",,
weave,,v.,织，编,,
web,,n.,网，网状物,,
wed,,v.,"娶, 嫁, 结婚",,
wedding,,n.,婚礼,,
weed,,n.,杂草，野草 v. 除草,,
week,,n.,"星期,周",,
weekday,,n.,平日，普通日；工作日,,
weekend,,n.,周末，周末休假；周末聚会 adj. 周末的，周末用的 v. 度周末,,
weekly,,adv.,每周 adj. 每周的,,
weep,,v.,哭泣，流泪,,
weigh,,v.,权衡；考虑；称…重量 n. 权衡；称重量,,
weight,,n.,重量，重力；负担；砝码；重要性 v. 加重量于，使变重,,
weird,,adj.,古怪的， 离奇的； 怪诞的， 神秘而可怕的,,
welcome,,,vt& n. 欢迎 a受欢迎的,,
weld,,v.,焊接，熔接 n. 焊接点,,
welfare,,n.,幸福；福利,,
well-known,,adj.,众所周知的， 著名的,,
west,,n.,西；西方；西部 adj. 西方的；朝西的 adv. 在西方；向西方；自西方,,
western,,adj.,西方的，西部的；有西方特征的 n. 西方人；西部片，西部小说,,
westerner,,n.,美国之西部的人,,
wet,,adj.,[气象][物] 潮湿的；有雨的 n. 雨天；湿气 v. 弄湿,,
whale,,n.,鲸,,
what,,adj.,所…的,,
whatever,,adv.,[用于否定句中以加强语气]任何； 无论什么,,
whatsoever,,pron.,无论什么,,
wheat,,n.,小麦,,
wheel,,n.,轮，车轮,,
whenever,,conj.,无论何时，随时,,
whereas,,conj.,然而， 但是， 尽管,,
wherever,,conj.,无论在哪里 adv. 无论什么地方,,
whether,,conj.,"是否,不管,无论",,
whichever,,,pron&adj. 无论哪个， 无论哪些,,
whilst,,conj.,当…的时候,,
whip,,v.,鞭笞；搅打 n. 鞭子,,
whisky,,n.,威士忌酒 adj. 威士忌酒的,,
whisper,,v.,低声地讲,,
whistle,,n.,口哨 v. 吹口哨,,
white,,adj.,白种（人）的,,
whoever,,pron.,谁； 无论谁； 究竟是谁,,
whole,,adj.,"全部的,完整的",,
wholly,,adv.,完全地，全部,,
whom,,pron.,谁,,
whose,,pron.,"谁的,那(些)人的",,
wicked,,adj.,坏的；令人厌恶的,,
wide,,adj.,"宽阔的,广泛的",,
widen,,v.,变宽；加宽,,
widespread,,adj.,普遍的，广泛的,,
widow,,n.,寡妇,,
width,,n.,宽度,,
wife,,n.,妻子，已婚妇女；夫人,,
wild,,adj.,野生的；野蛮的；狂热的；荒凉的 n. 荒野 adv. 疯狂地；胡乱地,,
wilderness,,n.,荒野,,
wildlife,,n.,野生动物,,
willing,,adj.,愿意的，心甘情愿的,,
win,,v.,"(获)胜,赢得",,
wind,,v.,绕，缠绕,,
window,,n.,窗；窗口；窗户,,
windy,,adj.,多风的，刮风的,,
wine,,n.,酒，葡萄酒；紫红色 v. 喝酒,,
wing,,n.,翼，翅膀，翅,,
winner,,n.,"胜利者,优胜者",,
winter,,n.,冬季；年岁；萧条期 v. 过冬 adj. 冬天的；越冬的,,
wipe,,v.,擦；消除；涂上 n. 擦拭；用力打,,
wire,,n.,金属线；电缆,,
wireless,,adj.,无线的 n. 无线,,
wisdom,,n.,智慧， 才智； 名言,,
wise,,adj.,聪明的，有智慧的,,
wish,,n.,"愿望v希望, 想要",,
wit,,n.,智力，才智，智能,,
withdraw,,v.,撤退；收回；撤回,,
withdrawal,,n.,"收回, 撤退",,
withstand,,v.,抵挡，反抗,,
witness,,n.,目击者，目击,,
witty,,adj.,机智的；风趣的,,
wolf,,n.,狼,,
woman,,n.,(pl)women妇女，成年女子,,
wonder,,v.,想知道，好奇,,
wonderful,,adj.,极好的，精彩的，绝妙的；奇妙的；美妙；胜；神妙,,
wood,,n.,木材；木制品；树林 vi. 收集木材 vt. 植林于；给…添加木柴,,
wooden,,adj.,木制的；呆板的,,
wool,,n.,羊毛；毛线，绒线,,
woolen,,adj.,毛线的 n. 毛制品,,
work,,n.,工作；[物] 功；产品；操作；职业；行为；事业；工厂；著作；文学、音乐或艺术作品 v. 使工作；操作；经营；使缓慢前进,,
workforce,,n.,"劳动力,职工总数",,
workman,,n.,工人，劳动者，工匠,,
workshop,,n.,车间，工场；创作室,,
world-wide,,adj.,遍及全球的,,
worldwide,,adv.,全世界范围地,,
worm,,n.,虫，蠕虫,,
worry,,,"n&v. 烦恼, 忧虑",,
worse,,adj.,更坏的；更差的；更恶劣的（bad的比较级）；（病情）更重的（ill的比较级） adv. 更糟；更坏；更恶劣地；更坏地 n. 更坏的事；更恶劣的事,,
worsen,,v.,（使）变得更坏,,
worship,,n.,礼拜；崇拜；崇拜: 爱慕：崇敬 v. 崇拜,,
worst,,adj.,最坏的 adv. 最坏地,,
worth,,adj.,值…的 n. 价值,,
worthless,,adj.,无价值的，无用的,,
worthwhile,,adj.,有价值的,,
worthy,,adj.,值得尊敬的；值得的,,
wound,,n.,创伤，伤 v. 使受伤,,
wrap,,v.,裹，包，捆 n. 披肩,,
wreck,,n.,沉船，失事船 v. 破坏,,
wrinkle,,n.,皱纹 vt. 使起皱纹,,
wrist,,n.,腕，腕关节,,
writer,,n.,作者， 作家,,
writing,,n.,书写， 写； 著作,,
wrong,,adv.,错误地；邪恶地，不正当地 n. 坏事；不公正 adj. 错误的；失常的；不适当的 v. 委屈；无理地对待；诽谤,,
x-ray,,n.,X射线， X光,,
yard,,n.,院子，庭院；场地,,
yawn,,v.,打呵欠 n. 呵欠,,
yearly,,,adj&adv. 每年的,,
yell,,,n&vi. 号叫， 叫喊,,
yellow,,adj.,黄的，黄色的 n. 黄色,,
yesterday,,n.,昨天；往昔 adv. 昨天,,
yet,,adv.,"还,已经 conj. 然而",,
yield,,v.,产生，得出〔结果、答案或资料 n. 产量,,
you,,pron.,"你,你们",,
youngster,,n.,青年， 年轻人， 孩子,,
your,,pron.,"你的,你们的",,
youth,,n.,青春；青年们；青年,,
zero,,num.,"零点, 零度",,
zone,,n.,地区，区域，范围,,
zoo,,n.,动物园,,
zoology,,n.,"动物学, 生态",,
