word,phonetic,pos,meaning,example,example_zh
abandon,,vt.,离弃， 丢弃； 遗弃； 抛弃； 放弃,,
abandonment,,n.,放弃,,
abbreviation,,n.,节略，缩写，缩短,,
abide,,v.,忍受；遵守,,
abnormal,,adj.,反常的， 异常的,,
abnormally,,adv.,不正常地,,
abolish,,v.,废除，取消,,
abolition,,n.,废除,,
abort,,v.,夭折， 中止； 使流产,,
abortion,,n.,流产， 堕胎,,
abreast,,adv.,"并肩地, 并排地",,
abrupt,,adj.,突然的， 意外的； 唐突的， 鲁莽的,,
absence,,n.,缺席， 不在； 缺席的时间， 外出期； 缺乏， 不存在,,
absent,,adj.,不在的,,
absolutely,,adv.,当然,,
absorb,,vt.,吸收； 吸引…的注意， 使全神贯注； 把…并入， 同化,,
absorption,,n.,吸收；专注,,
abstract,'æbstrækt,adj./n.,抽象的；摘要,Beauty is an abstract concept.,美是一个抽象概念。
absurd,,adj.,不合理的，荒唐的,,
abundance,,n.,丰富，充裕,,
abundant,ə'bʌndənt,adj.,丰富的；充裕的,The region has abundant natural resources.,该地区自然资源丰富。
abuse,,n.,虐待 v. 滥用,,
academic,ˌækə'demɪk,adj.,学术的；学院的,Her academic achievements are outstanding.,她的学术成就很突出。
accelerate,ək'seləreɪt,v.,加速；促进,Technology accelerates the pace of change.,技术加速了变化的步伐。
acceptance,,n.,接受， 承认； 容忍,,
access,,v.,取得，获取,,
accessory,,n.,同谋，帮凶 adj. 附属的,,
accident,,n.,意外， 事故,,
accidentally,,adv.,偶然地，意外地,,
acclaim,,v.,称赞；为…喝彩，向…欢呼 n. 欢呼，喝彩；称赞,,
accommodate,ə'kɒmədeɪt,v.,容纳；为……提供住宿；适应,The hotel can accommodate 300 guests.,这家酒店可容纳三百位客人。
accommodation,,n.,住处， 膳宿,,
accompany,,v.,陪同， 伴随； 为…伴奏,,
accomplish,,v.,实现,,
accord,,n.,符合；协议,,
accordance,,n.,一致， 和谐， 符合,,
account,,vi.,说明…的原因； 占… n. 记述；解释；账目,,
accountable,,adj.,应负责的，有责任的,,
accountant,,n.,会计,,
accrue,,v.,积累,,
accumulate,ə'kjuːmjəleɪt,v.,积累；积聚,Dust accumulated on the old books.,旧书上积了灰尘。
accurate,,adj.,精确的,,
accuse,,v.,指控,,
accustom,,v.,使习惯,,
accustomed,,adj.,惯常的， 习惯的,,
achieve,,v.,达到，实现,,
achievement,,n.,完成； 成就， 成绩,,
acid,,adj.,酸的， 酸性的； 尖刻的， 刻薄的 n. 酸,,
acknowledge,ək'nɒlɪdʒ,v.,承认；致谢；确认收到,He acknowledged his mistake at last.,他终于承认了自己的错误。
acquaint,,v.,使认识，使了解,,
acquaintance,,n.,熟人,,
acquire,,vt.,取得， 获得； 学到,,
action,,n.,行动,,
activate,,v.,激活,,
acute,ə'kjuːt,adj.,严重的；敏锐的；急性的,There is an acute shortage of water.,水资源严重短缺。
acutely,,adv.,强烈地,,
adapt,,vt.,使适应； 改编,,
adaptation,,n.,改编版；适应,,
addict,,n.,吸毒上瘾者；对…着迷的人,,
addition,,n.,加， 加法； 附加物,,
additional,,adj.,附加的， 追加的,,
address,,v.,解决,,
adequate,,adj.,足够的； 可以胜任的,,
adhere,əd'hɪə,v.,坚持；遵守；黏附,We must adhere to the rules.,我们必须遵守规则。
adherence,,n.,坚持；依附；忠诚,,
adjacent,,adj.,毗连的；紧接着的,,
adjoin,,v.,贴近，毗连；靠近,,
adjust,,vi.,适应 vt. 调整，调节；校正,,
adjustable,,adj.,可调整的，可校准的,,
administration,,n.,管理；政府,,
admiration,,n.,钦佩；赞美，羡慕,,
admit,,vi.,承认 vt. 承认，供认；准许…进入,,
adolescence,,n.,青春期,,
adolescent,,adj.,青春期的； 青少年的 n. 青少年,,
adopt,,v.,采纳,,
adoption,,n.,收养；采纳，采取,,
adore,,v.,崇拜，爱慕；很喜欢,,
advantage,,n.,优点， 优势； 好处,,
advantageous,,adj.,有利的，有助的,,
advent,,n.,(重要事件等的)到来，来临,,
adventure,,n.,冒险,,
adventurer,,n.,冒险者,,
adversary,,n.,对手， 敌手,,
adverse,,adj.,不利的,,
adversely,,adv.,不利地,,
adversity,,n.,逆境,,
advertise,,v.,登广告,,
advisable,,adj.,可取的； 适当的,,
advocate,'ædvəkeɪt,v./n.,提倡；主张；拥护者,Many experts advocate a healthy diet.,许多专家提倡健康饮食。
aerial,,adj.,空气的；航空的,,
aerospace,,n.,航空航天工业,,
aesthetic,iːs'θetɪk,adj.,审美的；美学的,The building has great aesthetic value.,这座建筑有很高的审美价值。
affection,,n.,喜爱,,
affiliate,,v.,使隶属于,,
affiliation,,n.,隶属关系，单位团体,,
affirm,,v.,断言，证实,,
affirmation,,n.,断言，肯定,,
affix,,v.,"使附于, 粘贴 n[语]词缀",,
afflict,,vt.,使苦恼， 折磨,,
afford,,vt.,担负得起； 提供,,
afloat,,,"a&ad. 飘浮的, 传播的",,
aftermath,,n.,后果， 余波,,
agenda,ə'dʒendə,n.,议程；日程,The first item on the agenda is finance.,议程第一项是财务。
agent,,n.,代理人， 代理商； 政府代表； 动因， 原因； 剂,,
aggravate,,v.,加重，加剧,,
aggravation,,n.,加剧；激怒；更恶化,,
aggregate,,adj.,总计的， 合计的 n. 总数，合计 vt. 总计达， 合计； 使聚集， 使积聚,,
aggressive,,adj.,挑衅的,,
agitate,,v.,煽动，鼓动；宣传,,
agitation,,n.,鼓动，煸动；搅动,,
agonize,,v.,使痛苦,,
agony,,n.,痛苦,,
agreeable,,adj.,惬意的；同意的,,
aid,,v.,援助，有助于,,
aide,,n.,"助手, 副官",,
ail,,v.,生病，使苦恼,,
ailment,,n.,小病,,
air-conditioning,,n.,空调设备， 空调系统,,
airborne,,adj.,"空运的, 空气传播的",,
aisle,,n.,过道， 通道,,
akin,,adj.,同类的,,
alarm,,n.,惊恐，忧虑，警报 vt. 使惊恐， 使担心,,
alas,,int.,唉，哎呀,,
album,,n.,（收存照片或邮票的） 册子,,
alcohol,,n.,酒精， 乙醇,,
alert,,adj.,机警的 v. 提醒,,
algebra,,n.,代数学,,
alien,,adj.,陌生的,,
alienate,,vt.,使疏远， 使不友好， 离间； 转让， 让渡,,
align,,v.,排列，使结盟,,
alignment,,n.,排成直线；结盟，联合,,
allege,,vt.,断言， 宣称， 硬说,,
allegedly,,adv.,据说,,
allergic,,adj.,过敏的,,
allergy,,n.,过敏性反应,,
alleviate,ə'liːvieɪt,v.,减轻；缓解,The medicine alleviated her pain.,药物缓解了她的疼痛。
alliance,,n.,结盟； 联盟,,
allied,,adj.,联合的；联姻的,,
allocate,'æləkeɪt,v.,分配；拨给,The government allocated funds to education.,政府为教育拨款。
allocation,,n.,"分配,安置",,
allot,,vt.,分配， 配给， 拨给,,
allotment,,n.,分配；分配物；养家费；命运,,
allowance,,n.,津贴，补助费,,
alloy,,n.,合金 vt. 将…铸成合金,,
allude,,v.,暗指，提及,,
allure,,,n&v. 诱惑， 吸引,,
allusion,,n.,"提及, 暗示",,
ally,,n.,盟国；同盟者，伙伴,,
aloft,,adv.,"在高处, 在上",,
alongside,,prep.,在…旁边,,
alphabetical,,adj.,按字母表顺序的,,
alter,,vt.,改变， 变更， 变动,,
alteration,,n.,变更，改变,,
alternate,,v.,使交替 adj. 交替的,,
alternative,,n.,代替品,,
alternatively,,adv.,二选一地；非此即彼,,
amass,,v.,积累，积聚,,
amateur,,adj.,业余的 n. 业余爱好者,,
ambassador,,n.,大使，使节,,
ambient,,adj.,周围的，包围着的,,
ambiguity,,n.,模棱两可的话； 歧义,,
ambiguous,æm'bɪɡjuəs,adj.,模棱两可的；含糊的,His answer was deliberately ambiguous.,他的回答故意含糊其辞。
ambition,,n.,野心，报复,,
ambitious,,adj.,有雄心的；热望的,,
amend,ə'mend,v.,修改；修订；改善,The committee amended the plan.,委员会修改了计划。
amendment,,n.,"改善, 改正",,
amiable,,adj.,和蔼可亲的，亲切的 n. (Amiable)人名；(法)阿米亚布勒；(英)阿米娅布尔,,
ammunition,,n.,弹药， 军火,,
ample,,adj.,足够的；宽敞的,,
amplification,,n.,扩大,,
amplify,,vt.,放大， 增强； 扩大； 详述， 进一步阐述,,
amplitude,,n.,振幅；广大；充足,,
amusement,,n.,乐趣；娱乐，消遣,,
analogous,,adj.,类似的， 相似的； 可比拟的,,
analogue,,n.,类似物,,
analogy,ə'nælədʒi,n.,类比；类推,She explained the idea by analogy with music.,她用音乐作类比解释了这个想法。
analyse,,vt.,分析； 分解， 解析,,
analysis,,n.,分析， 分析报告； 分解， 解析,,
analytical,,adj.,分析的,,
ancestor,,n.,祖宗， 祖先； 原型； 先驱,,
ancient,,adj.,古代的,,
anecdotal,,adj.,"轶事的,趣闻的",,
anecdote,,n.,轶事；奇闻；秘史,,
anguish,,n.,痛苦；苦恼 v. 使极度痛苦,,
animate,,v.,鼓舞 adj. 生气勃勃的,,
animation,,n.,"兴奋,活跃",,
ankle,,n.,脚踝,,
annex,,n.,"附件 v. 并吞, 附加",,
anniversary,,n.,周年纪念日,,
announce,,v.,报告…的来到,,
annoy,,vt.,使恼怒； 打搅,,
annual,,adj.,每年的，一年一次的 n. 年报， 年鉴； 一年生的植物,,
annually,,adv.,年年，每年,,
anode,,n.,阳极，正极，板极,,
anonymous,ə'nɒnɪməs,adj.,匿名的；无名的,The donation came from an anonymous giver.,捐赠者不愿透露姓名。
answer,,v.,符合，适合,,
antagonism,,n.,"对抗(状态), 对抗性",,
antagonist,,n.,敌手；[解剖] 对抗肌；[生化] 拮抗物；反协同试剂,,
antagonistic,,adj.,"敌对的,对抗性的",,
antenna,,n.,触角；天线,,
antibiotic,,n.,抗生素,,
anticipate,,v.,期望，预期,,
antique,,adj.,古代的 n. 古物,,
antonym,,n.,反义词,,
anxiety,,n.,焦虑,,
anybody,,n.,重要人物,,
apartment,,n.,公寓,,
apathy,,n.,冷漠,,
ape,,n.,猿 < vt. 模仿,,
apologize,,v.,道歉,,
apology,,n.,道歉， 认错， 谢罪,,
appal,,v.,使惊骇，使恐怖,,
appall,,vt.,使惊骇， 使恐怖,,
appalling,,adj.,可怕的；令人震惊的 v. 使惊愕；惊吓（appal的ing形式）,,
apparatus,,n.,器械， 器具， 仪器； 机构， 组织,,
apparent,,adj.,显然的,,
appeal,,n.,"请求，呼吁,；上诉",,
appearance,,n.,出现， 来到； 外观,,
appease,,vt.,平息， 抚慰； 姑息,,
appendix,,n.,附录；阑尾,,
applaud,ə'plɔːd,v.,鼓掌；称赞,The audience applauded the speaker.,观众为演讲者鼓掌。
applause,,n.,喝彩；夸奖，称赞,,
appliance,ə'plaɪəns,n.,家用电器；器具,This store sells kitchen appliances.,这家店出售厨房电器。
applicable,,adj.,可应用的,,
applicant,,n.,申请者,,
application,,n.,申请， 申请书； 施用， 涂抹； 应用， 实施； 实用性,,
apply,,vi.,应用，实施，使用；适用；申请，请求 vt. 涂， 敷， 施,,
appoint,,v.,任命,,
appraisal,ə'preɪzl,n.,评估；评价,The manager gave a fair appraisal of my work.,经理对我的工作作了公正评价。
appraise,,vt.,估价； 估量； 评价， 评定,,
appreciable,,adj.,可察觉的,,
appreciation,,n.,欣赏；感激,,
appreciative,,adj.,表示赞赏的，感谢的,,
apprentice,,n.,学徒 v. 当学徒,,
approach,,n.,方法,,
appropriate,,adj.,适当的,,
appropriation,,n.,挪用,,
approval,,n.,赞成， 同意； 认可， 批准,,
approve,,v.,赞同,,
approximately,,adv.,大约,,
apt,,adj.,恰当的；聪明的,,
aptly,,adv.,适当地,,
arbitrary,'ɑːbɪtrəri,adj.,任意的；专断的,The decision seemed completely arbitrary.,这个决定似乎完全随意。
arbitrate,,v.,仲裁；公断,,
arc,,n.,弧，弓形物；弧光,,
arch,,n.,拱门 v. （使）拱起,,
architect,,n.,建筑师；创造者,,
archive,,n.,档案馆，档案室；档案,,
arctic,,adj.,北极的 n. 北极,,
ardent,,adj.,热心的， 热情洋溢的,,
arena,,n.,表演场地， 竞技场； 活动场所,,
argue,,vi.,争论，争辩，辩论 vt. 主张； 说服,,
arise,,v.,出现,,
aristocracy,,n.,贵族（政治）,,
aristocrat,,n.,贵族,,
aristocratic,,adj.,"贵族政治的,贵族的",,
arm,,v.,装备，武装,,
armor,,n.,盔甲， 装甲； 保护物,,
arouse,,v.,唤起,,
arrange,,v.,安排， 准备； 整理,,
arrangement,,n.,整理， 排列； 安排； 准备工作,,
array,,v.,（美观地）排列 n. 陈列,,
arrest,,vt.,逮捕，拘留；停止，阻止；吸引 n. 逮捕， 拘留， 扣留,,
arrogant,,adj.,傲慢无礼的,,
artery,,n.,动脉； 干线， 要道,,
articulate,ɑː'tɪkjələt,adj./v.,口齿清晰的；清楚表达,She is an articulate speaker.,她讲话口齿伶俐。
artifact,,n.,人造物品,,
artificial,,adj.,人造的；虚伪的,,
artillery,,n.,火炮， 大炮； 炮兵,,
ascend,ə'send,v.,上升；攀登,The plane ascended quickly.,飞机迅速上升。
ascertain,,vt.,查明，确定，弄清,,
ascribe,ə'skraɪb,v.,把……归因于,She ascribed her success to hard work.,她把成功归因于努力。
ashore,,adv.,在岸上，上岸,,
aspect,,n.,方面,,
aspiration,,n.,强烈的愿望； 志向， 抱负,,
aspirational,,adj.,渴望成功的的,,
aspire,,v.,(to，after)渴望，追求，有志于,,
ass,,n.,傻瓜，蠢笨的人；驴,,
assassin,,n.,刺客，暗杀者,,
assassinate,,v.,刺杀，暗杀,,
assassination,,n.,刺杀， 暗杀,,
assault,ə'sɔːlt,n./v.,袭击；攻击,He was charged with assault.,他被指控袭击。
assemble,ə'sembl,v.,集合；组装；聚集,The students assembled in the hall.,学生们在大厅集合。
assert,,v.,主张，断言,,
assertion,,n.,断言，声明；主张，要求；坚持；认定,,
assertive,,adj.,断定的； 过分自信的,,
assess,,vt.,对估价； 评价， 评论,,
assessment,,n.,评估，评价,,
asset,'æset,n.,资产；宝贵的人或物,Her language skills are a great asset.,她的语言技能是宝贵财富。
assign,,vt.,指派， 分配； 布置； 指定,,
assignment,,n.,任务； 指定的作业； 分配， 指派,,
assimilate,,v.,同化,,
assimilation,,n.,同化， 同化作用； 消化,,
assistance,,n.,协助， 援助,,
associate,,v.,把…联系在一起；使联合，结合；交往 [ə'səuʃiət] adj. 副的 n. 伙伴，同事,,
association,,n.,联系,,
assortment,,n.,"分类,混合物",,
assume,,v.,假定，认为,,
assumption,ə'sʌmpʃn,n.,假设；假定,Your argument rests on a false assumption.,你的论点建立在错误假设上。
assurance,,n.,保证,,
assure,,vt.,使确信； 确保， 向…保证,,
astonishment,,n.,惊奇，惊讶,,
astronomical,,adj.,天文数字的,,
astronomy,,n.,天文学,,
asylum,,n.,庇护；收容所，救济院,,
athlete,,n.,运动员， 体育家,,
athletic,,adj.,强壮的；擅长运动的；运动的，运动员的,,
athletics,,n.,体育运动,,
atlas,,n.,地图集,,
atmosphere,,n.,气氛；大气（层）,,
atom,,n.,原子,,
atrocious,,adj.,凶恶的，残暴的,,
atrocity,,n.,暴行；凶恶，残暴,,
attach,,vt.,缚， 系， 贴， 附加； 使依恋， 使喜爱； 使附属； 认为有,,
attachment,,n.,爱慕；附件；连接物,,
attack,,,n&vt. 攻击， 进攻； 突然发作,,
attain,ə'teɪn,v.,达到；获得,She attained her goal through persistence.,她靠坚持实现了目标。
attempt,,vt.,尝试， 试图， 努力,,
attendance,,n.,到场；出席人数,,
attendant,,n.,服务人员,,
attitude,,n.,态度， 看法； 姿势,,
attorney,,n.,代理人；辩护律师,,
attract,,vt.,吸引， 引起…注意,,
attractive,,adj.,有吸引力的， 引起注意的,,
attribute,,v.,归因于,,
auction,,,n&vt. 拍卖,,
audience,,n.,正式会见；拜会,,
audit,,v.,审计；[审计] 查账 n. 审计；[审计] 查账,,
augment,,v.,增加；增大 n. 增加；增大,,
authentic,ɔː'θentɪk,adj.,真实的；正宗的；可信的,The restaurant serves authentic Sichuan food.,这家餐厅提供正宗川菜。
author,,n.,创造者，创始人,,
authoritative,,adj.,有权威性的， 可信的； 专断的， 命令式的,,
authorities,,n.,当局,,
authority,,n.,权威；当局,,
authorization,,n.,授权,,
authorize,,vt.,授权， 批准,,
autobiographical,,adj.,自传的,,
autobiography,,n.,自传,,
automate,,v.,使自动化,,
automatic,,adj.,自动的,,
automatically,,adv.,自动地；不经思考地,,
autonomous,,adj.,自治的； 独立自主的,,
autonomy,ɔː'tɒnəmi,n.,自治；自主权,The region enjoys a high degree of autonomy.,该地区享有高度自治。
auxiliary,,adj.,辅助的,,
avail,,v.,有益于，有用 n. 效用,,
availability,,n.,有效（性）；可得性,,
available,,adj.,可获得的，可利用的,,
avenge,,vt.,复仇， 报仇； 向…报仇,,
aversion,,n.,厌恶；讨厌的人,,
avert,,vt.,防止， 避免； 转移,,
aviation,,n.,飞行（术）,,
avoid,,vt.,避免， 躲开； 撤销,,
awake,,v.,认识到,,
award,,n.,奖，奖品；判定 vt. 授予， 给予； 判给， 裁定,,
aware,,adj.,知道的， 意识到的,,
awareness,,n.,意识,,
awesome,,adj.,"令人敬畏的,令人赞叹的；极好的",,
awful,,adj.,威严的；令人崇敬的,,
awkward,,adj.,尴尬的；棘手的；笨拙的,,
axial,,adj.,轴的；轴向的,,
axis,,n.,轴，轴线,,
axle,,n.,（轮）轴，车轴，心棒,,
baby,,n.,一家中年龄最小的人,,
bachelor,,n.,未婚男子；学士,,
background,,n.,出身背景， 经历； 背景资料； 背景， 底子,,
backup,,n.,后补，援助,,
bacon,,n.,咸猪肉，熏猪肉,,
bacteria,,n.,细菌,,
bacterium,,n.,细菌,,
badge,,n.,"标记, 徽章",,
baffle,,v.,使迷惑，困惑,,
bait,,n.,饵；引诱物,,
balcony,,n.,阳台；楼厅，楼座,,
bald,,adj.,秃头的；无毛的,,
ballet,,n.,芭蕾,,
bamboo,,n.,竹；竹杆，竹棍,,
band,,n.,乐队；群，伙；带；条纹；波段 vt. 用带绑扎,,
bandage,,n.,绷带，包带,,
bandit,,n.,土匪，盗匪，歹徒,,
bang,,v.,猛击， 猛撞； 发出砰的一声， 砰砰地响； 砰地敲 n. 巨响；枪声；猛击,,
bank,,v.,把钱存入银行,,
banker,,n.,银行家,,
bankrupt,,adj.,破产的 v. 使破产,,
banquet,,n.,宴会，盛会，酒席,,
barely,,adv.,几乎不，仅仅,,
bargain,,vi.,讨价还价 n. 特价商品；协议，交易,,
barge,,n.,驳船；大型游船,,
barley,,n.,大麦,,
barn,,n.,谷仓；牲口棚,,
barometer,,n.,气压计，睛雨表,,
baron,,n.,男爵；贵族；巨商,,
barren,,adj.,贫瘠的；不孕的,,
barricade,,n.,路障，栅栏，障碍 vt. 设路障于， 挡住,,
barrier,,n.,障碍，阻碍,,
baseball,,n.,棒球运动；棒球,,
basement,,n.,地下室；地窖；底层,,
basin,,n.,内海；盆地；流域,,
basis,,n.,基础， 根据； 原则,,
bass,,n.,鲈鱼；男低音；低音部；椴树 adj. 低音的,,
batch,,n.,一批， 一组， 一群； 一批生产量,,
batter,,v.,连续猛击 n. 面糊,,
battery,,n.,电池,,
battle,,n.,激战，战役,,
bazaar,,n.,集市，廉价商店,,
bead,,n.,有孔小珠；水珠；露珠,,
beak,,n.,"鸟嘴, 喙",,
beam,,v.,发光，发热；开怀大笑,,
bearing,,n.,方位；（机器的）承座；轴承；忍受,,
bed,,n.,河床，（湖）底,,
beetle,,n.,甲虫,,
beforehand,,adv.,预先；提前地,,
behave,,vi.,表现，举止；运转，做出反应 vt. 检点自己的行为,,
behavior,,n.,行为， 举止， 表现,,
belly,,n.,肚子， 腹部,,
bemoan,,v.,抱怨；惋惜,,
bend,,v.,使屈从，屈从,,
beneficial,,adj.,有利的， 有益的,,
benefit,,vi.,得益 n. 利益，恩惠；救济金，保险金，津贴 vt. 有益于,,
benevolence,,n.,仁慈；善行,,
benevolent,,adj.,慈善的； 善心的,,
benign,,adj.,良性的；和蔼的，亲切的；吉利的 n. (Benign)人名；(俄)贝尼根,,
beset,,v.,困扰；镶嵌；围绕,,
besiege,,v.,"围困,围攻",,
bestow,,v.,把…赠与,,
betray,,vt.,背叛， 出卖； 失信于， 辜负； 泄露； 暴露， 显露,,
between,,adv.,当中，中间,,
beverage,,n.,饮料,,
beware,,v.,谨防，当心,,
bewilder,,v.,迷惑，把…弄糊涂,,
beyond,,adv.,在更远处， 再往后 prep. 在…的那边，远于；迟于；越出,,
bias,'baɪəs,n./v.,偏见；使有偏见,The report shows a clear bias.,这份报告有明显偏见。
bibliography,,n.,参考书目； 书目,,
bid,,v.,报价；命令,,
bilateral,,adj.,有两边的； 双边的,,
biochemistry,,n.,生物化学,,
biodiversity,,n.,生物多样性,,
biography,,n.,传记,,
bipartisan,,adj.,两党的,,
bishop,,n.,（基督教的）主教,,
bitter,,adj.,痛苦的,,
bitterness,,n.,苦味，辛酸，苦难,,
bizarre,,adj.,古怪的；奇怪的,,
blackmail,,n.,勒索，敲诈；勒索所得之款 v. 勒索，敲诈,,
blacksmith,,n.,铁匠，锻工,,
blame,,v.,谴责,,
blank,,adj.,空白的；茫然的，无表情的 n. 空白； 空白表格,,
blast,,n.,管乐器的声音,,
blaze,,v.,使燃烧，燃烧,,
bleach,,v.,漂白，变白,,
bleak,,adj.,荒凉的,,
bleed,,vi.,出血，流血；泌脂 vt. 勒索…的钱,,
blind,,n.,百叶窗；窗帘；遮帘,,
blink,,vi.,眨眼睛；闪亮，闪烁 n. 眨眼睛； 一瞬间,,
block,,n.,阻塞；障碍物,,
blond,,n.,白肤金发碧眼的人,,
bloom,,v.,开花，茂盛,,
blossom,,vi.,开花； 发展， 长成 n. 花,,
blouse,,n.,女衬衫,,
blue,,adj.,伤心的；下流的,,
blueprint,,n.,蓝图，设计图,,
bluff,,n.,"断崖,诈骗 adj. 绝壁的 v. 诈骗",,
blunder,,v.,犯大错 n. 大错,,
blunt,,adj.,钝的；率直的，直言不讳的 vt. 使迟钝； 使减弱； 使钝,,
blur,,v.,变模糊 n. 模糊，模糊的东西,,
blush,,v.,脸红，害臊 n. 脸红,,
board,,n.,董事会,,
boast,,v.,自夸,,
body,,n.,物体,,
boiler,,n.,锅炉,,
bolster,,n.,垫子 v. 支持,,
bonus,,n.,奖金， 红利； 额外给予的东西,,
booklet,,n.,小册子,,
boom,,n.,繁荣,,
boost,buːst,v./n.,促进；提高；推动,The good news boosted our confidence.,好消息增强了我们的信心。
booth,,n.,小房间， 公用电话亭， 岗亭； 售货棚， 货摊,,
border,,vi.,近似， 与…接壤 n. 边，边缘，边界 vt. 给…加上边，围；邻接,,
bore,,n.,讨厌的人；麻烦事,,
boring,,adj.,令人厌烦的， 乏味的， 无聊的,,
botanical,,adj.,植物学的,,
botany,,n.,植物学,,
bother,,v.,困扰,,
bounce,,v.,弹起，反弹，颠跳 n. 弹， 反弹,,
bound,,adj.,应当的；必定的,,
bouquet,,n.,花束； 香味， 芬芳,,
bourgeois,,adj.,中产阶级的；庸俗的；资产阶级的,,
bowel,,n.,肠； 内部， 深处,,
box,,n.,（法庭的）专席,,
boycott,,v.,联合抵制 n. 抵制行动，受抵制时期,,
brace,,n.,支柱 v. 拉紧，撑牢,,
bracket,,n.,括号；等级段，档次；壁架，托架 vt. 把…置于括号内； 把…归入同一类,,
branch,,n.,分支，分公司,,
brand,,v.,在…上打烙印,,
breach,,n.,破坏，违反；破裂，不和；缺口，裂口 vt. 攻破， 在…造成缺口； 破坏， 违反,,
breakdown,,n.,崩溃，倒塌，失败,,
breakfast,,v.,吃早餐,,
breakthrough,,n.,突破性进展,,
breed,,v.,繁殖；导致,,
breezy,,adj.,轻松愉快的,,
brew,,vi.,冲泡；酝酿，行将发生 vt. 酿造；冲泡 n. 冲泡的饮料,,
bribe,,v.,贿赂,,
bride,,n.,新娘,,
bridegroom,,n.,新郎,,
bridge,,v.,架桥于…之上；缩小,,
bridle,,n.,马笼头；马勒 v. 束缚；抑制,,
brief,,adj.,简短的，短暂的 vt. 向…介绍基本情况，做…的提要 n. 概要， 摘要,,
briefcase,,n.,公文包， 公事包,,
brigade,,n.,旅；大部队；队列 v. 把…编成旅；把…编成队,,
brightness,,n.,明亮，辉煌，聪明,,
brilliant,,adj.,才华横溢的；极好的,,
brink,,n.,边缘， 边沿,,
brisk,,adj.,轻快的， 生气勃勃的； 兴隆的， 繁忙活跃的； 寒冷而清新的,,
broaden,,v.,放宽，变阔,,
brochure,,n.,小册子,,
bronze,,n.,青铜色,,
brood,,v.,沉思，郁闭地沉思,,
bruise,,v.,使碰伤，擦伤,,
brutal,,adj.,残酷的,,
bubble,,vi.,冒泡， 起泡， 沸腾 n. 泡，泡沫，水泡，气泡；幻想的计划,,
buck,,v.,反对 n. 美元,,
bud,,vi.,发芽， 萌芽 n. 花蕾，叶芽,,
buddhism,,n.,佛教，释教,,
budget,,n.,预算；〔政府的〕,,
buffalo,,n.,水牛；水陆坦克,,
buffer,,n.,缓冲器,,
bug,,n.,虫子；臭虫,,
bugle,,n.,军号，喇叭,,
bulk,,v.,变得越来越大； 使更大 n. 物体，体积；大批,,
bull,,n.,买空的证券投机商,,
bulletin,,n.,告示，公告，公报,,
bully,,n.,恃强欺弱者 vt. 威吓， 欺负,,
bump,,v.,颠簸,,
burden,,n.,负担,,
bureaucracy,bjʊə'rɒkrəsi,n.,官僚主义；官僚机构,Too much bureaucracy slows progress.,过多的官僚作风拖慢进展。
burglar,,n.,夜盗，窃贼,,
burial,,n.,埋葬,,
burner,,n.,煤气头,,
bushel,,n.,蒲式耳（容量单位）,,
bust,,vi.,爆裂，坏掉 vt. 打破，打碎 n. 胸像， 半身像； 胸部， 胸围,,
butt,,n.,大酒桶，桶,,
buzz,,v.,（蜂等）嗡嗡叫,,
bypass,,n.,旁通管 v. 绕过,,
cabin,,n.,小屋； 船舱， 机舱,,
cabinet,,n.,橱， 柜； 内阁,,
cable,,n.,电缆,,
cafeteria,,n.,自助餐厅,,
calcium,,n.,钙,,
calculate,,v.,计算， 推算； 计划， 打算,,
calculation,,n.,计算,,
calculus,,n.,微积分；结石,,
calibration,,n.,校准；标定，刻度,,
calorie,,n.,卡路里,,
campaign,,n.,活动,,
can,,v.,装罐头,,
cancel,,v.,取消,,
cancer,,n.,癌， 癌症， 肿瘤,,
candidate,,n.,候选人， 投考者， 申请求职者,,
cane,,n.,（藤等）茎；手杖,,
cannon,,n.,加农炮， 大炮， 火炮,,
canoe,,n.,独木舟，皮艇，划子,,
canvas,,n.,帆布； 帆布画布， 油画,,
capability,,n.,能力，才能,,
capable,,adj.,有能力的,,
capacitance,,n.,电容，电容量,,
capacitor,,n.,电容器,,
capacity,,n.,能力；容量,,
cape,,n.,披肩，斗篷；海角,,
capital,,adj.,资金的，资本的,,
capsule,,n.,胶囊； 航天舱， 密封舱,,
caption,,n.,说明文字， 字幕,,
captive,,adj.,被俘虏的,,
capture,,v.,逮捕；捕捉,,
caravan,,n.,"旅行队,商队, 大篷车",,
carbohydrate,,n.,碳水化合物,,
cardinal,,adj.,最重要的； 基本的 n. 红衣主教；【数】基数,,
carpenter,,n.,木匠,,
carpentry,,n.,木工活,,
carry,,v.,刊登,,
carton,,n.,"硬纸盒, 纸板箱",,
cartoon,,n.,动画片；漫画,,
cartridge,,n.,弹药筒,,
carve,,vt.,切， 把…切碎； 雕刻， 刻,,
carving,,n.,雕刻(品),,
cast,,v.,投掷，扔,,
casual,,adj.,偶然的； 非正式的； 临时的， 不定期的； 漠不关心的， 冷淡的,,
casualty,,n.,伤亡人数,,
catalogue,,v.,为…编目录,,
catalyst,,n.,催化剂；刺激因素,,
catastrophe,,n.,大灾难， 灾祸,,
catastrophic,,adj.,"悲惨的, 灾难的",,
category,,n.,种类,,
cater,'keɪtə,v.,迎合；满足需要；提供饮食,The show caters to young audiences.,这档节目迎合年轻观众。
cathedral,,n.,大教堂,,
catholic,,adj.,天主教的 n. 天主教徒,,
caution,,n.,小心 v. 告诫，警告,,
cautious,,adj.,谨慎的,,
cavity,,n.,洞，穴，空腔,,
celebrity,,n.,名人，名流；著名，名声，名望,,
cellar,,n.,地窖， 地下室； 酒窖,,
cement,,v.,粘结,,
cemetery,,n.,墓地， 公墓,,
censor,,v.,审查，检查,,
censorship,,n.,审查制度 <,,
census,'sensəs,n.,人口普查；统计,The census is held every ten years.,人口普查每十年进行一次。
ceramic,,adj.,陶器的 n. 陶瓷器,,
cereal,,n.,谷类，五谷，禾谷,,
certainty,,n.,确实性，确信，确实,,
certification,,n.,证书,,
certify,,v.,保证，证明,,
chain,,n.,连锁店,,
challenge,,n.,艰巨任务,,
chamber,,n.,〔人体内或某些机器中的〕室，腔；会议室；房间,,
champagne,,n.,香槟酒,,
champion,,v.,支持，拥护,,
chancellor,,n.,总理（德、奥等的）；（英）大臣；校长（美国某些大学的）；（英）大法官；（美）首席法官,,
chant,,vt.,反复有节奏地喊叫；吟诵，咏唱 n. 反复有节奏的喊叫； 赞美诗， 圣歌,,
chaos,'keɪɒs,n.,混乱；无序,The city fell into chaos after the storm.,暴风雨后城市陷入混乱。
chapel,,n.,小教堂， 祈祷室,,
character,,n.,角色；某物的特色,,
characteristic,,adj.,特有的，典型的 n. 特性,,
characterize,,v.,表现…的特性,,
charcoal,,n.,炭，木炭；生物炭,,
charge,,n.,负荷；充电 v. 装满,,
charm,,n.,魅力；妩媚 v. 迷人,,
charter,,v.,包租（飞机、船等）,,
chase,,,n&vt. 追逐， 追赶， 追求,,
chatter,,v.,喋喋不休 n. 喋喋不休,,
cheat,,n.,欺诈；骗取,,
check,,v.,检查；阻止,,
cherish,,v.,珍爱；怀有（感情）,,
chestnut,,n.,栗子；栗树；栗色,,
chew,,v.,咀嚼；深思,,
chief,,adj.,主要的，为首的；总的 n. 首领， 长官； 酋长， 族长,,
chill,,v.,感到寒冷；冷藏,,
chip,,n.,薄片，碎片,,
choice,,n.,入选者 adj. 优等的,,
choir,,vi.,合唱 n. 唱诗班，合唱队,,
cholesterol,,n.,胆固醇,,
chop,,n.,一块排骨，肉块,,
chord,,n.,和弦,,
chorus,,v.,合唱，齐声说,,
christ,,n.,救世主（耶稣基督）,,
christian,,adj.,基督教的,,
chronic,'krɒnɪk,adj.,慢性的；长期的,He suffers from chronic back pain.,他患有慢性背痛。
chronically,,adv.,慢性地；持久地,,
chronicle,,v.,记录,,
chunk,,n.,厚片， 大块； 相当大的部分,,
cigar,,n.,雪茄烟，叶卷烟,,
circuit,'sɜːkɪt,n.,电路；环形；巡回,A short circuit caused the blackout.,短路导致停电。
circular,,n.,传单，通报，通函,,
circulation,,n.,发行量,,
circumstance,,n.,情况，环境,,
circus,,n.,马戏；马戏团,,
citation,,n.,引文,,
cite,saɪt,v.,引用；引证,The paper cites many recent studies.,论文引用了许多最新研究。
citizenship,,n.,"公民的身份, 公民的职责和权力",,
civic,,adj.,"市的, 市民的",,
civilian,,n.,平民 adj. 平民的,,
claim,,v.,声称；索取,,
clamp,,v.,夹住，夹紧 n. 夹子,,
clan,,n.,宗族， 家族,,
clap,,n.,拍手喝采声；霹雳声,,
clarify,,v.,澄清，明确,,
clarity,'klærəti,n.,清晰；清楚,Clarity of expression matters in writing.,写作中表达清晰很重要。
clash,,n.,冲突，抵触；碰撞声,,
clasp,,v.,扣住，扣紧，钩住,,
classic,,n.,名著 adj. 不朽的,,
classical,,adj.,古典的， 经典的,,
classification,,n.,分类， 分级， 分类法； 类别， 级别,,
classify,,v.,分类,,
clatter,,n.,得得声，卡嗒声,,
clause,,n.,条款,,
cleanliness,,n.,清洁,,
clearance,,n.,净空， 余隙； 许可， 批准； 票据交换， 清算； 清除， 清理， 出空,,
clearing,,n.,（森林中的）空旷地,,
clench,,v.,捏紧；紧紧握住,,
clergy,,n.,神职人员；牧师；僧侣,,
clerk,,n.,店员； 办事员， 职员,,
client,,n.,顾客；诉讼委托人,,
cliff,,n.,悬崖， 峭壁,,
climate,,n.,气候； 风土， 地带； 风气， 气氛,,
climax,,n.,顶点,,
cling,klɪŋ,v.,紧抓；依附；坚持,The child clung to her mother's hand.,孩子紧紧抓着妈妈的手。
clinic,,n.,诊所，医务室；会诊；会诊时间；门诊时间,,
clip,,v.,剪；剪辑报刊,,
cloak,,v.,掩盖，掩饰；覆盖，笼罩,,
clockwise,,adv.,顺时针方向转地 adj. 顺时针方向转的,,
clog,,v.,堵塞，阻塞 n. 障碍,,
clone,,v.,无性繁殖， 克隆 n. 无性繁殖系，克隆；复制品，翻版,,
closet,,n.,小房间；壁碗橱,,
cloudy,,adj.,混浊的；模糊不清的,,
clown,,n.,（马戏的）小丑，丑角,,
clue,,n.,线索,,
cluster,,n.,串，束，簇；群，组 v. 群聚；聚集,,
clutch,,v.,抓住，掌握，攫,,
coach,,n.,教练,,
coalition,,n.,结合体， 同盟； 结合， 联合,,
coarse,,adj.,粗的， 粗糙的； 粗劣的； 粗俗的,,
coastal,,adj.,海滨的,,
cocaine,,n.,可卡因， 古柯碱,,
cock,,n.,公鸡,,
cocktail,,n.,鸡尾酒； 餐前开胃小吃； 混合物,,
coconut,,n.,椰子,,
code,,n.,代号，密码,,
coefficient,,n.,协同因素；系数，率,,
coexist,,v.,共存,,
coffin,,n.,棺材，灵柩,,
cognition,,n.,认识,,
cognitive,,adj.,认知的,,
coherent,kəʊ'hɪərənt,adj.,连贯的；一致的；有条理的,Write a coherent paragraph on the topic.,围绕主题写一段连贯的文字。
coin,,v.,铸造（硬币）,,
coincide,,v.,相巧合；相符合,,
coincidence,,n.,巧合， 巧事； 一致， 符合,,
coke,,n.,焦炭,,
collaborate,kə'læbəreɪt,v.,合作；协作,The two labs collaborate on research.,两个实验室合作研究。
collaboration,,n.,合作， 协作； 勾结,,
collaborative,,adj.,合作的,,
collapse,,v.,坍塌，崩塌,,
colleague,,n.,同事， 同僚,,
collective,,adj.,共同的,,
collide,,v.,撞击，碰撞,,
collision,,n.,碰撞； 冲突， 抵触,,
colonel,,n.,陆军上校；中校,,
colonial,,adj.,殖民地的，殖民的,,
colonist,,n.,移民；殖民地居民,,
column,,n.,专栏,,
combat,,v.,跟…战斗，格斗,,
combination,,n.,组合，结合,,
combine,,v.,结合，联合；化合 n. 联合企业； 联合收割机,,
combustion,,n.,燃烧,,
comedy,,n.,喜剧；喜剧场面,,
comet,,n.,彗星,,
comic,,adj.,喜剧的，滑稽的 n. 连环漫画； 喜剧演员,,
command,,,n&vt. 命令， 指挥； 控制,,
commemorate,,vt.,纪念， 庆祝,,
commence,kə'mens,v.,开始；着手,The ceremony will commence at nine.,典礼将于九点开始。
commend,,v.,称赞，表扬；推荐,,
commentary,,n.,实况报道， 解说词； 评论， 评论文章,,
commentator,,n.,评论员,,
commerce,,n.,商业,,
commercial,,adj.,商业的， 商务的； 商品化的， 商业性的,,
commission,,n.,委托，委任；委托状,,
commit,,vt.,犯， 干； 使承诺； 把…托付给； 调拨…供使用， 拨出,,
commitment,,n.,承诺,,
committee,,n.,委员会， 全体委员,,
commodity,kə'mɒdəti,n.,商品；日用品,Coffee is a major export commodity.,咖啡是主要的出口商品。
commonplace,,adj.,平凡的 n. 平常话,,
commonsense,,adj.,有常识的,,
commonwealth,,n.,联邦,,
communicate,,v.,通讯， 交际， 交流； 连接， 相通； 传达， 传播； 传染,,
communication,,n.,通讯， 交流， 交际； 通信工具， 交通联系,,
community,,n.,社区， 社会， 公社； 团体， 界； 群落,,
commute,,vi.,乘公交车上下班，经常乘车往返于两地 vt. 减； 折合， 折偿； 上下班交通,,
compact,,adj.,紧密的，紧凑的,,
companion,,n.,同伴， 共事者； 伴侣,,
comparable,,adj.,可比较的；类似的,,
compare,,vt.,比较， 对照； 把…比作,,
comparison,,n.,比较， 对照； 比拟， 比喻,,
compartment,,n.,"车厢, 隔间",,
compassion,,n.,同情， 怜悯,,
compassionate,,adj.,慈悲的；富于同情心的 v. 同情；怜悯,,
compatible,,adj.,兼容的,,
compel,,v.,强迫,,
compelling,,adj.,引人注目的,,
compensate,'kɒmpenseɪt,v.,补偿；弥补,The company compensated the injured worker.,公司赔偿了受伤的工人。
compensation,,n.,补偿，赔偿，赔偿费,,
compete,,vi.,比赛， 竞争， 对抗,,
competence,,n.,能力,,
competent,'kɒmpɪtənt,adj.,有能力的；胜任的,She is competent in three languages.,她能熟练使用三种语言。
competition,,n.,比赛； 竞争,,
competitive,,adj.,竞争的，比赛的,,
competitor,,n.,竞争者，敌手,,
compile,kəm'paɪl,v.,汇编；编纂；编译,He compiled the data into a report.,他把数据汇编成报告。
complacency,,n.,自满，满足,,
complacent,,adj.,自满的；得意的；满足的,,
complain,,vi.,抱怨， 诉苦； 控告， 投诉,,
complaint,,n.,抱怨，投诉,,
complement,'kɒmplɪment,n./v.,补充；补足,The two skills complement each other.,这两种技能互补。
complementary,,adj.,补充的； 辅助的,,
completion,,n.,完成，结束，完满,,
complex,,adj.,由许多部分组成的，复合的；复杂的，难懂的 n. 综合体， 集合体； 情结， 夸大的情绪反应,,
complexion,,n.,肤色， 面色； 局面； 性质,,
complexity,,n.,复杂（性）,,
complicated,,adj.,复杂的,,
complication,,n.,复杂，混乱；并发症,,
compliment,,n.,致意，问候 v. 赞美，祝贺,,
complimentary,,adj.,称赞的；免费的,,
comply,kəm'plaɪ,v.,遵从；服从,All staff must comply with safety rules.,所有员工必须遵守安全规定。
component,,adj.,组成的， 构成的 n. 组成部分，部件，组件,,
compose,,vt.,组成， 构成； 创作， 为…谱曲； 使平静， 使镇静,,
composer,,n.,作曲家,,
composite,,adj.,合成的 n. 合成物,,
composition,,n.,作文,,
compound,,adj.,复合的，化合的 n. 化合物，复合物；复合词 vt. 使恶化， 加重； 使化合， 使合成,,
comprehend,,v.,了解，理解，领会,,
comprehension,,n.,理解， 理解力， 领悟； 理解力测验,,
comprehensive,ˌkɒmprɪ'hensɪv,adj.,全面的；综合的,The book gives a comprehensive overview.,这本书作了全面概述。
compress,,v.,压紧，压缩,,
compression,,n.,压缩，压紧，浓缩,,
compromise,'kɒmprəmaɪz,n./v.,妥协；折中,Both sides reached a compromise.,双方达成了妥协。
compulsory,,adj.,强迫的，义务的,,
compute,,v.,计算， 估算,,
concede,,vi.,让步， 认输 vt. 承认，承认…为真；承认失败；允许，让予,,
conceit,,n.,自负，自高自大,,
conceive,kən'siːv,v.,构想；设想；怀孕,It is hard to conceive of life without water.,很难想象没有水的生活。
concentrate,,v.,浓缩，提浓,,
concentration,,n.,集中； 专注， 专心； 浓缩； 浓度,,
concept,,n.,概念， 观念； 设想,,
conception,,n.,概念，观念，想法,,
concern,,n.,所关切的事；商行,,
concert,,n.,一齐，一致，协作,,
concession,kən'seʃn,n.,让步；特许权,The company made concessions to the workers.,公司向工人做了让步。
concise,,adj.,简明的， 简要的,,
conclude,,vi.,结束， 终了 vt. 推断出，推论出；缔结，议定,,
conclusive,,adj.,得出结论的,,
concrete,'kɒŋkriːt,adj./n.,具体的；混凝土,Give me a concrete example.,给我一个具体例子。
concurrent,,adj.,一致的；同时的,,
condemn,kən'dem,v.,谴责；判刑,The public condemned the unfair decision.,公众谴责这个不公平的决定。
condense,,vt.,使冷凝， 使凝结； 浓缩， 压缩， 简缩,,
conducive,,adj.,有助于…的， 有益于…的,,
conduct,,v.,进行，实行,,
confederate,,n.,"同盟者,同盟国 adj. 同盟的 v. (使)联盟, 联合",,
confer,,v.,授予,,
conference,,n.,会议， 讨论会； 讨论， 商谈,,
confess,,v.,承认,,
confidence,,n.,私房话，秘密，机密,,
confident,,adj.,确信的， 肯定的； 自信的,,
confidential,ˌkɒnfɪ'denʃl,adj.,机密的；保密的,This information is strictly confidential.,这条信息绝密。
configuration,,n.,配置， 布局， 构造,,
confine,,v.,限制,,
confirm,,vt.,证实， 肯定； 确认； 批准,,
confirmation,,n.,证实，确定；确认,,
conflict,,n.,冲突,,
conform,kən'fɔːm,v.,遵守；符合；顺应,Products must conform to safety standards.,产品必须符合安全标准。
conformity,,n.,一致,,
confront,,v.,使面对；使对证,,
confrontational,,adj.,对抗的，有敌意的,,
confusion,,n.,困惑， 糊涂； 混淆； 骚乱,,
congress,,n.,代表大会； 国会， 议会,,
connection,,n.,连接； 联系； 连接物， 连接点； 亲戚,,
connotation,,n.,内涵；含蓄；暗示，隐含意义；储蓄的东西（词、语等）,,
conquer,,v.,征服,,
conqueror,,n.,征服者，胜利者,,
conscientious,,adj.,有良心的，认真负责的,,
conscious,,adj.,意识到的， 自觉的； 神志清醒的； 有意的， 存心的,,
consciousness,,n.,意识；知觉,,
consecutive,,adj.,连续的， 连贯的,,
consensus,kən'sensəs,n.,共识；一致意见,The group reached a consensus on the plan.,小组就计划达成共识。
consent,,n.,同意,,
consequence,,n.,重要（性），重大意义,,
consequent,,adj.,作为结果的；必然的,,
consequently,,adv.,因此， 因而， 所以,,
conservation,,n.,保护,,
conservative,,adj.,保守的,,
conserve,kən'sɜːv,v.,保护；节约；保存,We should conserve water in daily life.,日常生活中我们应节约用水。
considerable,,adj.,相当多的,,
considerate,,adj.,考虑周到的， 体贴的， 体谅的,,
consist,,vi.,由…组成； 在于； 一致,,
consistent,,adj.,一致的,,
console,,v.,安慰,,
consolidate,,v.,巩固；合并,,
conspicuous,,adj.,显著的,,
conspiracy,,n.,阴谋，密谋，共谋,,
constant,,adj.,不断的,,
constituency,,n.,"(选区的)选民, 支持者",,
constituent,,adj.,构成的 n. 选民,,
constitute,'kɒnstɪtjuːt,v.,构成；组成；设立,Women constitute half of the workforce.,女性占劳动力的一半。
constitution,,n.,（人的）体格，素质,,
constrain,kən'streɪn,v.,限制；约束；强迫,Budget cuts constrained the research.,削减预算限制了研究。
constraint,,n.,限制，束缚，约束,,
construct,,vt.,建造； 构思 n. 建筑物； 构想； 观念,,
construction,,n.,建筑,,
consul,,n.,领事,,
consult,,v.,咨询,,
consultancy,,n.,咨询公司,,
consultant,,n.,顾问； 会诊医师， 专科医生,,
consultation,,n.,商议,,
consume,,vi.,消灭， 毁灭 vt. 消费；吃完，喝光,,
consumer,,n.,消费者，用户,,
consumption,,n.,消耗；消费,,
contact,,n.,接触，联系，交往 vt. 与…接触， 与…取得联系,,
contagious,,adj.,传染性的， 会蔓延的,,
contaminate,,v.,污染，弄脏,,
contamination,,n.,污染,,
contemplate,'kɒntəmpleɪt,v.,沉思；考虑；凝视,She contemplated moving abroad.,她考虑搬到国外。
contemplation,,n.,沉思；注视；意图,,
contemporary,,adj.,现代的， 当代的； 同时代的,,
contempt,kən'tempt,n.,轻视；蔑视,He showed contempt for the rules.,他对规则不屑一顾。
contend,,v.,竞争；坚决主张,,
content,,adj.,满意的,,
contention,,n.,争论,,
contest,,n.,竞赛， 争夺 vt. 争夺， 与…竞争； 对…提出质疑， 辩驳,,
contestant,,n.,参赛者,,
context,,n.,上下文；来龙去脉,,
continental,,adj.,大陆的，大陆性的,,
contingent,,adj.,"可能发生的, 附随的 n. 偶然的事情",,
continual,,adj.,连续的； 频频的,,
continuity,,n.,连续， 持续,,
contract,,v.,缩小； 订合同； 感染， 染上 n. 契约， 合同,,
contradict,ˌkɒntrə'dɪkt,v.,反驳；与……矛盾,The two reports contradict each other.,两份报告相互矛盾。
contradiction,,n.,矛盾， 不一致； 否认， 反驳,,
contrary,,adj.,相反的,,
contrast,,v.,使对比；形成对比,,
contribute,,v.,有助于，促成；捐赠,,
contribution,,n.,贡献,,
contrive,,vt.,谋划， 策划； 设法做到； 设计， 想出,,
controversial,,adj.,受到争议的,,
controversy,'kɒntrəvɜːsi,n.,争议；争论,The policy caused great controversy.,这项政策引发了很大争议。
convene,,vi.,开会，集合 vt. 召集,,
convenience,,n.,方便； 便利设施,,
convention,,n.,公约，（换俘等）协定,,
conventional,kən'venʃənl,adj.,传统的；常规的,They prefer conventional teaching methods.,他们偏好传统教学法。
converge,,vi.,会合， 互相靠拢； 聚集， 集中； 趋近,,
convergence,,n.,"集中, 收敛",,
converse,,v.,交谈 n反面说法 a相反的,,
conversion,,n.,转变,,
convert,,v.,转换，改变,,
convey,,v.,传达；传播；转让,,
convict,,v.,证明……有罪,,
conviction,,n.,确信，信服，深信,,
convince,,v.,使……相信,,
convincing,,adj.,令人信服的,,
cooperative,,adj.,合作的 n. 合作社,,
coordinate,,adj.,同等的,,
coordination,,n.,协调；（肌肉的）协调,,
cope,,vi.,应付， 处理,,
coral,,n.,珊瑚(虫),,
cord,,n.,细绳， 粗线， 索； 灯芯绒裤,,
cordial,,adj.,热情友好的， 热诚的,,
cork,,n.,软木，软木塞 vt. 用瓶塞塞住,,
cornerstone,,n.,基石,,
corporal,,adj.,肉体的，身体的 n. 下士,,
corporate,,adj.,法人团体的， 公司的； 全体的， 共同的,,
corps,,n.,队， 部队； 一组,,
corpse,,n.,死尸， 尸体,,
correctly,,adv.,正确地，恰当地,,
correlate,'kɒrəleɪt,v.,相互关联,Sleep is correlated with memory.,睡眠与记忆相关。
correlation,,n.,相关，关联,,
correspondence,,n.,通信；相关；相似,,
corresponding,,adj.,相应的， 符合的,,
corrode,,v.,腐蚀， 侵蚀,,
corrosion,,n.,腐蚀，侵蚀；锈,,
corrupt,,v.,使腐化 adj. 腐败的,,
corruption,,n.,腐败,,
cosmic,,adj.,宇宙的；广大无边的，极大的,,
cosmopolitan,,adj.,"全球的,四海为家的 n世界主义者",,
cosmos,,n.,宇宙,,
costume,,n.,服装,,
cosy,,adj.,舒适的；惬意的 n. 保温罩,,
couch,,n.,睡椅，长沙发椅,,
council,,n.,理事会， 委员会,,
counsel,,v.,建议，忠告,,
counselor,,n.,咨询顾问,,
count,,n.,起拆理由，罪状,,
counter,,adv.,相反地 adj. 相反的,,
counteract,,v.,"抵消, 中和, 阻碍",,
counterfeit,,n.,赝品 a伪造的 v伪造,,
countermeasure,,n.,对策,,
counterpart,,n.,对等物,,
coup,,n.,政变；妙计；出乎意料的行动；砰然的一击 vt. 使…颠倒；使…倾斜 vi. 推倒；倾斜；溢出,,
coupon,,n.,礼券， 优惠券； 配给券， 票证,,
courageous,,adj.,勇敢的，无畏的,,
court,,n.,法院， 法庭； 庭院； 宫廷； 球场,,
courteous,,adj.,有礼貌的，谦恭的,,
courtesy,,n.,礼貌，谦恭,,
cover,,v.,遮盖，遮蔽,,
coverage,,n.,报道,,
coward,,adj.,懦怯的，胆小的,,
cozy,,adj.,舒适的,,
crab,,n.,蟹；蟹肉 v. 捕蟹,,
crack,,v.,发出爆裂声,,
cradle,,n.,摇篮；发源地,,
craft,,n.,手艺 v. 精巧地制作,,
cram,,v.,填塞， 塞满； 匆忙准备， 临时死记硬背,,
crank,,n.,曲柄 v. 用曲柄转动,,
crash,,v.,（发出巨响的） 猛撞,,
crawl,,,n&v. 爬行， 蠕动； 缓慢行进,,
creation,,n.,创造， 创建； 创造的作品， 产物； 宇宙， 天地万物,,
credential,,n.,证书；凭据；国书,,
credible,,adj.,可信的， 可靠的,,
credit,,v.,相信，信任 n. 相信，信任,,
crew,,n.,机组人员,,
cricket,,n.,板球；蟋蟀,,
crime,,n.,罪， 罪行， 犯罪,,
criminal,,adj.,犯罪的 n. 罪犯,,
cripple,,n.,残疾，跛子,,
crisis,,n.,危机；转折点,,
crisp,,adj.,脆的,,
criteria,,n.,标准,,
criterion,kraɪ'tɪəriən,n.,标准；准则,What are the criteria for the award?,评奖标准是什么？
critic,,n.,批评家， 爱挑剔的人,,
critical,,adj.,批评的；关键的,,
criticism,,n.,批评,,
criticize,,vt.,批评， 评论， 非难,,
crooked,,adj.,弯的，歪的；畸形的,,
cropland,,n.,农田,,
cross,,adj.,恼怒的,,
crouch,,v.,"蜷缩, 蹲伏",,
crow,,n.,鸦，乌鸦 v. 啼,,
crowd,,vi.,聚集， 挤， 涌 n. 群，一批 vt. 挤；挤满,,
crucial,'kruːʃl,adj.,至关重要的；关键的,Timing is crucial in this project.,时机对这个项目至关重要。
crude,,adj.,简陋的；天然的,,
cruelty,,n.,残酷；残酷行为,,
cruise,,v.,巡航，巡航于…,,
crumble,,vi.,崩溃， 瓦解 vt. 弄碎,,
crunch,,,vi&n. 嘎吱嘎吱地响(声),,
crush,,v.,压碎，压榨,,
crust,,n.,面包皮；硬外皮,,
crystallize,,v.,结晶； 变得清晰而明确； 使具体化,,
cubic,,adj.,立方体的；立方的,,
cuckoo,,n.,杜鹃，布谷鸟,,
cucumber,,n.,黄瓜,,
cuisine,,n.,烹饪； 烹调法， 烹调风格,,
culminate,,vi.,告终,,
culmination,,n.,顶点；高潮,,
cult,,n.,"祭仪, 礼拜式",,
cultivate,'kʌltɪveɪt,v.,培养；耕作；陶冶,Reading cultivates the mind.,阅读陶冶心灵。
culture,,n.,文化， 文明； 教养； 培养； 培养菌,,
cumulative,'kjuːmjələtɪv,adj.,累积的；渐增的,Small changes have a cumulative effect.,小变化会产生累积效应。
cunning,,adj.,狡猾的，狡诈的,,
curb,,v.,限制，控制,,
curly,,adj.,卷曲的；有卷毛的,,
currency,,n.,货币,,
current,,adj.,当前的，通用的；流行的，流传的 n. 潮流； 电流； 趋势， 倾向,,
currently,,adv.,当前,,
curriculum,kə'rɪkjələm,n.,课程；课程体系,Music is part of the school curriculum.,音乐是学校课程的一部分。
curse,,v.,诅咒，咒骂，天谴 n. 祸害， 祸根； 咒骂， 诅咒， 咒语,,
curtail,,vt.,缩短， 缩减， 削减,,
custom,,n.,海关,,
customary,,adj.,通常的；照惯例的,,
cute,,adj.,漂亮的， 娇小可爱的； 聪明伶俐的， 精明的,,
cutter,,n.,用于切割的器械,,
cycle,,,n&v. 自行车、 摩托车； 循环,,
cylinder,,n.,圆筒；柱（面）；汽缸,,
cynical,,adj.,愤世嫉俗的， 怀疑的,,
damn,,v.,谴责,,
dare,,v.,勇敢，敢于做,,
dart,,vi.,猛冲，飞奔 vt. 投射 n. 飞镖， 飞镖游戏； 急驰， 飞奔,,
database,,n.,数据库,,
datum,,n.,资料；数据；已知数,,
dazzle,,v.,使目眩；使倾倒,,
deadline,,n.,最后期限,,
deadly,,adv.,非常， 极度地 adj. 致死的，致命的；不共戴天的；极度的，十足的,,
deafen,,v.,使聋,,
deal,,v.,买卖毒品,,
dealer,,n.,商人；毒品贩；发牌者,,
dean,,n.,（大学）院长，系主任,,
debate,,,n&v. 争论， 辩论,,
debris,,n.,残骸，碎片,,
debut,,n.,初次登台；处女作 vt. 面世， 首次推出,,
decade,,n.,十年， 十年期,,
decay,,v.,使腐朽，使腐烂,,
deceive,dɪ'siːv,v.,欺骗；蒙蔽,Don't be deceived by appearances.,不要被外表欺骗。
decency,,n.,得体；宽容，大方；正派，合乎礼仪，体面；,,
decent,,adj.,像样的；正派的，规矩的,,
decidedly,,adv.,明确地，坚决地,,
decimal,,adj.,小数的，十进制的,,
decisive,,adj.,决定性的,,
declaration,,n.,宣布，宣言,,
decline,,v.,拒绝,,
decode,,v.,解码,,
decompose,,v.,腐败；分解,,
decorate,,vt.,装饰， 装潢， 修饰,,
decorative,,adj.,装饰的；可作装饰的,,
decrease,,v.,减少 n. [dI'kriːs],,
decree,,n.,法令，政令,,
dedicate,'dedɪkeɪt,v.,献身；致力于；题献,He dedicated his life to science.,他毕生致力于科学。
dedication,,n.,"贡献, 奉献",,
deduce,,vt.,推论， 推断， 演绎,,
deduct,,v.,减去， 扣除,,
deduction,,n.,扣款,,
deductive,,adj.,演绎的， 推论的,,
deem,,v.,认为,,
deepen,,vt.,（使色泽等）加浓,,
default,,n.,不履行义务 v. 不履行义务,,
defeat,,,n&vt. 战胜， 挫败,,
defect,,n.,缺点,,
defendant,,n.,被告,,
defensive,,adj.,防守的，防御的,,
defer,,v.,推迟， 延期,,
deferential,,adj.,恭敬的， 恭顺的,,
defiance,,n.,违抗； 藐视,,
deficiency,dɪ'fɪʃnsi,n.,缺乏；不足；缺陷,Iron deficiency can cause tiredness.,缺铁会导致疲劳。
deficient,,adj.,不足的，缺乏的,,
deficit,'defɪsɪt,n.,赤字；亏损；不足,The country has a trade deficit.,该国存在贸易逆差。
define,,v.,规定；立（界限）,,
definite,,adj.,一定的，确切的,,
definitely,,adv.,一定地， 明确地,,
definition,,n.,定义， 释义， 定界； 清晰， 鲜明,,
definitive,,adj.,最可靠的， 权威性的； 决定性的,,
deflect,,v.,（使）偏斜,,
deflection,,n.,偏斜，歪斜；偏差,,
deforestation,,n.,砍伐森林,,
deform,,v.,损坏…的形状,,
deformation,,n.,损坏；变形；畸形,,
defy,,v.,违背，违抗,,
degenerate,,vi.,衰退，堕落，蜕化 adj. 衰退的，堕落的 n. 堕落者,,
degeneration,,n.,退化，变质,,
degradation,,n.,降级；退化；衰变,,
degrade,,v.,使降低；使堕落,,
delegate,,n.,代表，委员，特派员,,
deliberate,dɪ'lɪbərət,adj./v.,故意的；深思熟虑的；仔细考虑,It was a deliberate attempt to mislead.,那是蓄意误导。
deliberately,,adv.,故意地；审慎地,,
delicate,,adj.,细微的；精细的,,
deliver,,v.,递送；发表演讲,,
delude,,v.,欺骗；哄骗；诱惑；【罕用】迷惑；逃避；使失望,,
delusion,,n.,欺骗； 哄骗,,
demand,,vt.,要求，需要；询问 n. 要求， 需要,,
democracy,,n.,民主,,
demographic,,adj.,人口统计学的,,
demonstrate,,vt.,说明， 论证； 表露,,
demonstration,,n.,展示；游行,,
denationalize,,v.,使非国有化,,
denial,,n.,否定；拒绝相信,,
denote,dɪ'nəʊt,v.,表示；意味着,The red sign denotes danger.,红色标志表示危险。
denounce,,v.,谴责，声讨；告发,,
density,,n.,密度,,
dentist,,n.,牙科医生,,
deny,,v.,否认,,
dependant,,n.,受赡养者,,
depict,dɪ'pɪkt,v.,描绘；描述,The painting depicts a country scene.,这幅画描绘了乡村景色。
depiction,,n.,"描写, 叙述",,
deplete,,v.,"耗尽, 使衰竭",,
depletion,,n.,损耗,,
deplore,,vt.,悲悼， 哀叹；谴责,,
deploy,,vt.,部署， 调度； 利用,,
deport,,vt.,把…驱逐出境,,
deposit,,v.,存放 n. 存款,,
deposition,,n.,免职，罢免,,
depot,,n.,"贮藏所, 仓库",,
depreciate,,v.,使贬值；贬低；轻视,,
depreciation,,n.,"贬值, 减价",,
depress,,vt.,使沮丧， 使不景气； 按下,,
depression,,n.,消沉；不景气萧条期,,
deprivation,,n.,剥夺，匮乏,,
deprive,dɪ'praɪv,v.,剥夺；使丧失,The war deprived many children of education.,战争使许多孩子失去教育。
deputy,,n.,代理人 adj. 副的,,
derail,,v.,脱轨,,
derivation,,n.,引出；起源；衍生,,
derive,dɪ'raɪv,v.,获得；源自,She derives pleasure from reading.,她从阅读中获得乐趣。
descend,dɪ'send,v.,下降；下来；是……的后代,The plane began to descend.,飞机开始下降。
descendant,,n.,子孙后代,,
descent,,n.,"血统, 后裔",,
describe,,vt.,形容， 描写； 画出,,
descriptive,,adj.,描写的，描述的,,
desert,,v.,放弃，抛弃,,
deserve,,v.,值得,,
design,,vt.,设计；预定，指定 n. 设计， 构想； 图样； 企图,,
designate,'dezɪɡneɪt,v.,指定；指派；标明,The area was designated as a nature reserve.,该地区被划为自然保护区。
designation,,n.,"指示, 指定, 名称",,
desirable,,adj.,吸引人的， 可取的,,
desire,,vt.,想要，渴望 n. 愿望， 欲望,,
desolate,,adj.,荒芜的；孤独的,,
despatch,,v.,派遣；发送；匆匆吃下 n. 派遣；发送（等于dispatch）,,
desperate,,adj.,绝望的，不顾一切的,,
despise,,vt.,鄙视， 看不起,,
despite,,prep.,不管， 不顾,,
dessert,,n.,甜点心,,
destination,,n.,目的地,,
destine,,v.,命定，注定；预定,,
destined,,adj.,命中注定的， 预定的； 以…为目的地的,,
destiny,,n.,命运，天数,,
destruction,,n.,破坏， 毁灭； 消灭,,
destructive,,adj.,破坏性的，毁灭性的,,
detach,,v.,分开；派遣（军队）,,
detached,,adj.,冷静的，超然的,,
detachment,,n.,"冷漠, 脱离",,
detail,,n.,琐碎，小事,,
detain,,v.,扣押，拘留；耽搁,,
detect,,v.,发现,,
detection,,n.,察觉， 发觉； 侦查， 探测,,
detective,,n.,侦探,,
detector,,n.,发觉者，探测器,,
deter,,v.,阻止,,
detergent,,adj.,净化的， 清洁的 n. 清洁剂,,
deteriorate,dɪ'tɪəriəreɪt,v.,恶化；变坏,His health deteriorated rapidly.,他的健康状况迅速恶化。
deterioration,,n.,恶化，退化,,
determine,,v.,决定,,
deterrent,,n.,威慑 a遏制的,,
detrimental,,adj.,不利的；有害的 n. 有害的人（或物）；不受欢迎的求婚者,,
devastate,,v.,毁坏,,
devastation,,n.,"毁坏,荒废",,
develop,,v.,使（底片）显影,,
deviate,'diːvieɪt,v.,偏离；背离,Do not deviate from the main topic.,不要偏离主题。
deviation,,n.,背离，偏离；偏差,,
device,,n.,器械， 装置； 设计； 手段， 策略,,
devise,,vt.,设计， 发明,,
devote,,vt.,将…奉献给， 把…专用,,
devotion,,n.,献身，热诚，专心,,
devour,,v.,吞食；吞灭，毁灭,,
diagnose,'daɪəɡnəʊz,v.,诊断；判断,The doctor diagnosed the illness early.,医生早期诊断了这种病。
dictate,,v.,['dIkteIt] n. 口授； 命令， 规定， 要求,,
dictator,,n.,独裁者，专政者,,
diesel,,n.,柴油发动机，内燃机,,
diet,,n.,日常饮食，日常食物,,
differentiate,,vi.,区分，区别 vt. 区分， 区别； 使不同， 使有差异,,
differentiation,,n.,区别,,
difficult,,adj.,难以满足的,,
diffuse,,v.,扩散， 弥漫； 传播， 散布 adj. 冗长的， 漫无边际的； 四散的， 弥漫的,,
diffusion,,n.,传播，散布,,
digest,,vt.,消化， 领会 n. 文摘,,
dignity,,n.,庄重；尊严；体面,,
dilemma,dɪ'lemə,n.,困境；进退两难,She faced a moral dilemma.,她面临道德困境。
diligence,,n.,勤奋,,
diligent,,adj.,勤勉的， 勤奋的,,
dilute,,v.,稀释，冲淡,,
dilution,,n.,稀释,,
dim,,adj.,暗淡的；愚蠢的,,
dimension,daɪ'menʃn,n.,方面；尺寸；维度,We must consider the social dimension of the issue.,我们必须考虑这个问题的社会层面。
diminish,dɪ'mɪnɪʃ,v.,减少；降低；贬低,The pain gradually diminished.,疼痛逐渐减轻。
dine,,v.,吃饭,,
dinosaur,,n.,恐龙；过时的人或事物,,
dioxide,,n.,二氧化物,,
diploma,,n.,毕业文凭，学位证书,,
diplomat,,n.,外交官， 外交家； 有交际手腕的人， 圆滑的人,,
diplomatic,,adj.,外交的；有策略的,,
directory,,n.,姓名地址录,,
disable,,vt.,丧失能力， 伤残,,
disadvantage,,n.,缺点，不利条件,,
disagreement,,n.,争论；不一致,,
disappear,,v.,消失,,
disappearance,,n.,消失，消散；失踪,,
disapproval,,n.,不赞成,,
disarm,,v.,解除，消除,,
disaster,,n.,灾难， 灾祸， 天灾； 彻底的失败,,
disastrous,,adj.,灾难性的；悲惨的,,
discard,,vt.,丢弃， 抛弃， 遗弃,,
discern,,v.,识别,,
discharge,,v.,释放，排出；卸货 n. 释放， 放电,,
discipline,,n.,训练，管教,,
disclose,dɪs'kləʊz,v.,披露；泄露,The company refused to disclose its profits.,公司拒绝披露利润。
disconnect,,v.,断开,,
discord,,n.,不一致； 不和， 纷争； 不和谐,,
discount,'dɪskaʊnt,n./v.,折扣；打折；不重视,Students get a discount on tickets.,学生购票有折扣。
discourage,,v.,阻止；使气馁,,
discourse,,n.,讲话，演说，讲道,,
discreet,,adj.,谨慎的， 慎重的， 审慎的,,
discrepancy,dɪs'krepənsi,n.,差异；不一致,There is a discrepancy between the two reports.,两份报告有出入。
discrete,,adj.,分离的， 不相关联的,,
discriminate,,v.,歧视；区别,,
discrimination,,n.,歧视,,
disease,,n.,病， 疾病； 不健全， 弊端,,
disengagement,,n.,分离,,
disgrace,,n.,失宠，耻辱，丢脸,,
disguise,,vt.,假扮，化装，伪装；掩盖，掩饰 n. 用来伪装的东西； 伪装， 掩饰,,
disgust,,,n&vt. 厌恶， 憎恶,,
dishonest,,adj.,不诚实的,,
disillusion,,v.,觉醒，使觉醒,,
disintegration,,n.,破裂， 分裂； 瓦解,,
dismantle,,vt.,拆开， 拆卸,,
dismay,,n.,惊慌，沮丧，灰心,,
dismiss,,v.,解雇,,
disorder,,n.,疾病，小病,,
dispatch,,v.,发送，派遣,,
dispensable,,adj.,可有可无的,,
dispense,,v.,"分发, 分配",,
disperse,,v.,（使）分散；驱散,,
displace,,v.,取代,,
displacement,,n.,移置；免职；置换,,
display,,,n&vt. 陈列， 展览； 显示,,
disposable,,adj.,可任意使用的 n. 一次性物品， 不回收物品,,
disposal,,n.,处理；支配,,
dispose,dɪ'spəʊz,v.,处理；处置；使倾向于,Please dispose of the waste properly.,请妥善处理垃圾。
disposition,,n.,性情， 性格； 意向， 倾向； 排列， 部署,,
disproportionately,,adv.,比例不均地，不成比例地,,
disregard,,v.,不管，不顾 n. 忽视,,
disrupt,,vt.,使中断； 扰乱,,
dissatisfaction,,n.,不满，不平,,
dissent,,vi.,不同意，持异议 n. 不同意见， 异议,,
disservice,,n.,危害,,
dissipate,,v.,驱散；消散；浪费,,
dissolve,,v.,解除（婚约等）,,
distill,,vt.,蒸馏， 用蒸馏法提取； 吸取， 提炼,,
distinct,,adj.,清楚的,,
distinction,,n.,区分,,
distinctive,,adj.,与众不同的,,
distinctly,,adv.,显然，清楚地,,
distinguish,,v.,使显出特色，使杰出,,
distort,dɪ'stɔːt,v.,歪曲；扭曲,The report distorted the facts.,报道歪曲了事实。
distortion,,n.,歪曲；畸变,,
distract,dɪ'strækt,v.,分散注意力；使分心,Noise distracts me from study.,噪音让我无法专心学习。
distribution,,n.,分布，分配,,
disturbance,,n.,动乱；干扰,,
diverge,,v.,分岔；分歧,,
diverse,,adj.,各种各样的,,
diversion,,n.,转移；娱乐,,
diversity,,n.,多样性,,
divert,daɪ'vɜːt,v.,转移；使转向；使娱乐,They diverted the river to water the fields.,他们引河水灌溉农田。
dividend,,n.,分红，红利,,
divine,,adj.,神的；敬神的,,
division,,n.,分歧,,
divorce,,n.,离婚，离异 vt. 离婚； 分离， 脱离,,
dizzy,,adj.,头晕眼花的，眩晕的,,
dock,,v.,把…引入船坞,,
doctrine,'dɒktrɪn,n.,学说；主义；信条,The doctrine changed the way people think.,这一学说改变了人们的思维方式。
documentary,,n.,纪录片,,
dodge,,vi.,闪身躲开 vt. 回避，逃避 n. 托辞， 伎俩； 躲闪， 躲避,,
dole,,n.,救济，救济金 vt. 发放， 发给,,
dolphin,,n.,海豚,,
domain,,n.,领域,,
dome,,n.,圆屋顶，拱顶,,
domestic,,adj.,国内的,,
dominant,,adj.,统治的 n. 主因,,
dominate,'dɒmɪneɪt,v.,支配；统治；占主导,One company dominates the market.,一家公司主导着市场。
donate,,vt.,捐赠， 赠送,,
donation,,n.,捐款， 捐赠物； 捐赠， 赠送,,
donor,,n.,捐赠者,,
doom,,n.,厄运，毁灭 v. 注定,,
dorm,,n.,宿舍,,
doubtless,,adv.,无疑地；很可能,,
dough,,n.,生面团,,
dove,,n.,鸽子，斑鸠,,
doze,,v.,打瞌睡；假寐 n. 瞌睡,,
draft,,n.,草稿；汇票；征兵；通风 vt. 起草； 征募,,
drag,,v.,拖，拉；迫使，硬拉；拖着脚步走 n. 累赘； 一吸， 一抽,,
drain,,v.,（水等）流掉,,
drainage,,n.,排水；下水道,,
drama,,n.,戏剧性事件；戏剧性,,
dramatic,,adj.,引人注目的， 激动人心的； 戏剧的,,
dramatically,,adv.,大幅度地；戏剧性地,,
drastic,'dræstɪk,adj.,激烈的；急剧的；严厉的,The government took drastic measures.,政府采取了严厉措施。
drastically,,adv.,激烈地，猛烈地,,
drawback,'drɔːbæk,n.,缺点；不利条件,The main drawback is the high cost.,主要缺点是成本高。
dread,,vt.,担忧，忧虑；惧怕 n. 担忧， 畏惧,,
dreadful,,adj.,可怕的；令人畏惧的,,
drift,,v.,漂流,,
drill,,v.,钻， 打； 训练 n. 钻头；操练，训练,,
dropout,,n.,辍学学生,,
drought,,n.,干旱,,
drown,,v.,溺水,,
drummer,,n.,鼓手,,
dry,,adj.,干巴巴的，枯燥的,,
dual,,adj.,双的， 两重的,,
dub,,vt.,给…起绰号， 把…称为； 为配音， 译制,,
dubious,'djuːbiəs,adj.,怀疑的；可疑的,I am dubious about the plan.,我对这个计划存疑。
duke,,n.,公爵；君主,,
duplicate,,n.,副本，复制品,,
duplication,,n.,复制品,,
dust,,n.,灰尘,,
dutiful,,adj.,恭敬顺从的； 尽职的,,
dwarf,,n.,矮子，侏儒,,
dwell,,v.,居住；凝思，细想,,
dweller,,n.,居住者,,
dwelling,,n.,住处，寓所,,
dynamic,daɪ'næmɪk,adj./n.,动态的；有活力的,The city has a dynamic economy.,这座城市经济充满活力。
dynamics,,n.,动力学,,
dynamo,,n.,发电机,,
dysfunction,,n.,失常,,
eagle,,n.,鹰,,
ear,,n.,（稻麦等的）穗,,
earnings,,n.,工资，收入；收益,,
earthenware,,n.,陶器,,
easter,,n.,复活节,,
eastward,,adv.,向东,,
eccentric,,adj.,古怪的,,
echo,,v.,随声附和，发出回声,,
eclipse,,n.,（日，月）食,,
ecological,,adj.,生态学的,,
ecology,,n.,生态学；个体生态学,,
economic,,adj.,经济的；经济学的 n. 经济学； 经济状况,,
economical,,adj.,节约的； 经济学的,,
economically,,adv.,在经济上；节约地,,
economics,,n.,经济学；经济,,
economy,,n.,经济； 节约， 节省,,
ecosystem,,n.,生态系统,,
edible,,adj.,可以吃的， 可食用的,,
edit,,v.,编校；编辑；剪辑,,
editorial,,n.,社论，期刊的社论,,
educational,,adj.,教育的， 教育性的,,
effective,,adj.,有效的； 有影响的,,
efficiency,,n.,效率； 功效， 效能,,
efficient,,adj.,效率高的； 有能力的,,
ego,,n.,自我， 自己， 自尊,,
egoism,,n.,利己主义，自我主义,,
egyptian,,adj.,埃及的 n. 埃及人,,
eject,,v.,逐出，排斥；喷射,,
elaborate,ɪ'læbərət,adj./v.,精心制作的；详尽说明,She gave an elaborate explanation.,她作了详尽解释。
elaborately,,adv.,复杂地，精心设计地,,
elaboration,,n.,"苦心经营, 详尽的细节",,
elapse,,v.,（时间）过去，消逝,,
elastic,,adj.,有弹性的； 灵活的 n. 松紧带,,
elasticity,,n.,弹力； 弹性,,
elbow,,v.,用肘挤，挤进,,
election,,n.,选举,,
electric,,adj.,电的， 电动的,,
electrical,,adj.,电的； 电气科学的,,
electrician,,n.,电工，电气技师,,
electricity,,n.,电,,
electrify,,vt.,使充电， 使电气化； 使激动， 使兴奋,,
electrode,,n.,电极；电焊条,,
electron,,n.,电子,,
electronic,,adj.,电子的 n. 电子学； 电子设备,,
electronics,,n.,电子学,,
elegant,,adj.,高雅的，雅致的,,
element,,n.,成分， 要素， 元素； 基础， 纲要； 自然力,,
elemental,,adj.,基本的；自然力的,,
elementary,,adj.,基本的， 初级的,,
elevate,,v.,提升；举起,,
elevation,,n.,高度，海拔,,
elicit,ɪ'lɪsɪt,v.,引出；探出,The teacher elicited responses from students.,老师引出学生们的回答。
eligible,'elɪdʒəbl,adj.,有资格的；合格的,Only full-time students are eligible.,只有全日制学生才有资格。
eliminate,ɪ'lɪmɪneɪt,v.,消除；淘汰,The new system eliminates waste.,新系统消除了浪费。
elimination,,n.,消除，淘汰,,
elite,,n.,精英,,
elliptical,,adj.,椭圆的；省略的,,
eloquence,,n.,雄辩；口才，修辞,,
eloquent,,adj.,口才好的，雄辩的,,
emancipate,,v.,"释放, 解放",,
emancipation,,n.,解放；释放,,
embargo,,n.,禁止贸易令；,,
embark,ɪm'bɑːk,v.,开始；着手；登船,She embarked on a new career.,她开始了新职业。
embarrass,,v.,使…陷入困境,,
embassy,,n.,大使馆；大使的职务,,
embed,,vt.,把…嵌入， 扎牢； 使深留脑中,,
embody,,v.,体现,,
embrace,,v.,采纳，接受,,
embroidery,,n.,绣花，刺绣；绣制品,,
emerge,,v.,出现,,
emergency,,n.,紧急情况， 突然事件,,
emigrant,,n.,"移居外国者, 移民",,
emigrate,,v.,永久移居国外,,
emigration,,n.,"移民出境, 侨居",,
eminence,,n.,"出众, 显赫",,
eminent,,adj.,杰出的；有名的；明显的,,
emission,,n.,散发；传播；发出物,,
emotion,,n.,情感， 感情； 激动,,
emphasis,,n.,强调； 重视； 重要性,,
emphasize,,v.,强调,,
empirical,ɪm'pɪrɪkl,adj.,以实验为依据的；经验的,The theory needs empirical support.,该理论需要实证支持。
employment,,n.,工作； 雇用； 使用,,
emulate,,v.,仿真；模仿；尽力赶上；同…竞争 n. 仿真；仿效,,
enact,,v.,制定法律， 颁布； 扮演,,
enactment,,n.,"设定,制定",,
enchant,,v.,迷住；用魔法迷惑,,
enclose,,v.,附上；围住，圈起,,
enclosure,,n.,围场，围栏；围绕,,
encounter,,v.,遭遇,,
encourage,,v.,鼓励,,
encyclopaedia,,n.,百科全书,,
encyclopedia,,n.,百科全书（亦是encyclopaedia）,,
end,,n.,目标，目的,,
endanger,,v.,使……危险,,
endeavor,,v.,努力，尽力 n. 努力，尝试,,
endeavour,,vi.,努力， 尽力； 力图 n. 努力， 尽力； 力图,,
endless,,adj.,无限的，没完没了的,,
endorse,ɪn'dɔːs,v.,赞同；支持；背书,The mayor endorsed the new policy.,市长支持新政策。
endorsement,,n.,支持,,
endow,,v.,资助；赋予,,
endowment,,n.,"捐赠,天资,捐款",,
endurance,,n.,耐久力，持久力,,
endure,,v.,忍受,,
energetic,,adj.,积极的；精力旺盛的,,
energize,,v.,供给…能量,,
enforce,,v.,强迫，迫使,,
engage,,v.,忙于，从事；雇佣,,
engagement,,n.,婚约；约会,,
engine,,n.,引擎， 发动机； 机车,,
enhance,ɪn'hɑːns,v.,提高；增强,Music can enhance learning.,音乐能促进学习。
enlighten,,v.,启发，开导；启蒙,,
enlightenment,,n.,启发， 开导； 开明， 文明,,
enlist,,v.,征募； 从军， 参军； 谋取,,
enormous,,adj.,巨大的,,
enrich,,v.,丰富，使富裕,,
enroll,ɪn'rəʊl,v.,注册；报名；招收,She enrolled in an English course.,她报名参加了英语课程。
enrollment,,n.,入学人数,,
ensue,,vi.,接着发生， 接踵而来， 因而产生,,
entail,,v.,使需要，使必须,,
enterprise,,n.,艰巨的事业；事业心,,
entertainment,,n.,招待，招待会,,
enthusiasm,,n.,热情， 热心， 热忱； 巨大兴趣,,
enthusiastic,,adj.,热情的,,
entitle,ɪn'taɪtl,v.,使有权；给……命名,This ticket entitles you to a free drink.,凭此票可免费获得一杯饮料。
entity,,n.,实体， 独立存在体， 实际存在物,,
entreat,,v.,恳求,,
entrepreneur,,n.,企业家,,
entrepreneurship,,n.,企业管理,,
entry,,n.,入口，通道；条目,,
envelop,,v.,"包封, 遮盖",,
enviable,,adj.,值得羡慕的,,
environment,,n.,环境； 外界； 围绕,,
environmental,,adj.,环境的，环境产生的,,
envisage,,vt.,想象， 设想,,
epic,,n.,"史诗, 伟大事迹",,
epidemic,,n.,流行病,,
episode,'epɪsəʊd,n.,一集；一段经历；插曲,I watched the final episode last night.,我昨晚看了最后一集。
epoch,,n.,（新）时代；历元,,
equality,,n.,等同； 平等； 相等,,
equation,,n.,平衡；反应式,,
equator,,n.,赤道，天球赤道,,
equilibrium,ˌiːkwɪ'lɪbriəm,n.,平衡；均衡,The market reached a new equilibrium.,市场达到新的均衡。
equip,,vt.,装备， 配备； 使有准备,,
equitable,,adj.,"公平的, 公正的",,
equivalent,ɪ'kwɪvələnt,adj./n.,相等的；等价物,One dollar is equivalent to about seven yuan.,一美元约等于七元人民币。
eradicate,,v.,根除,,
eradication,,n.,"连根拔除, 根除",,
erect,,v.,建立,,
erode,ɪ'rəʊd,v.,侵蚀；腐蚀；削弱,Wind and water erode the rocks.,风和水侵蚀岩石。
erosion,,n.,腐蚀，侵蚀；糜烂,,
errand,,n.,差使，差事,,
erroneous,,adj.,错误的,,
erupt,,v.,爆发；喷出,,
eruption,,n.,"爆发,火山灰",,
escalate,'eskəleɪt,v.,升级；加剧,The conflict escalated into war.,冲突升级为战争。
escalator,,n.,电动扶梯,,
escort,,v.,护卫，护送 n. 护卫者，护送车辆,,
essence,,n.,本质，本体,,
essential,,adj.,必须的；本质的,,
establish,ɪ'stæblɪʃ,v.,建立；确立；证实,The university was established in 1905.,这所大学成立于 1905 年。
estate,ɪ'steɪt,n.,房地产；庄园；遗产,He works in the real estate business.,他从事房地产业。
esteem,,v.,尊重,,
esthetic,,adj.,美学的， 审美的； 悦目的， 雅致的,,
estimate,,vt.,估计； 评价 n. 估计； 评价； 看法,,
eternal,,adj.,永久的；不朽的,,
ethnic,'eθnɪk,adj.,民族的；种族的,The city is home to many ethnic groups.,这座城市生活着许多民族。
etiquette,,n.,礼节， 礼仪,,
evacuate,,v.,撤离，疏散；排泄,,
evacuation,,n.,撤离,,
evade,,v.,逃避，回避；避开，躲避；回避,,
evaluate,,v.,评价,,
evaluation,,n.,评价,,
evaporate,,v.,使脱水，发散蒸气,,
evaporation,,n.,蒸发,,
even,,adj.,平稳的，均匀的,,
evenly,,adv.,一致地；平静地,,
everlasting,,adj.,永久的；持久的,,
evidence,,n.,根据， 证据； 证人,,
evident,,adj.,明显的， 明白的,,
evil,,n.,邪恶，罪恶；祸害,,
evoke,ɪ'vəʊk,v.,唤起；引起,The song evoked childhood memories.,这首歌唤起童年回忆。
evolution,,n.,演变；发展；进化,,
evolve,,v.,进化,,
exaggerate,ɪɡ'zædʒəreɪt,v.,夸大；夸张,Don't exaggerate the difficulties.,不要夸大困难。
exaggeration,,n.,夸张； 夸大之词,,
exceed,,v.,超过,,
exceedingly,,adv.,极端地， 非常,,
excel,,v.,胜过，杰出,,
except,,v.,把…除外，除去,,
exception,,n.,例外， 除外,,
exceptional,,adj.,例外的,,
excerpt,,n.,摘录，引用 v. 引用，摘录,,
excess,,n.,过量，过度,,
excessive,,adj.,过度的,,
excessively,,adv.,过分，极端地,,
exchange,,,n&vt. 交换； 交流； 兑换,,
exclaim,,vi.,呼喊， 惊叫,,
exclamation,,n.,呼喊，惊叫；感叹,,
exclude,ɪk'skluːd,v.,排除；不包括,The price excludes delivery.,价格不含运费。
exclusive,ɪk'skluːsɪv,adj.,独家的；专用的；排他的,The hotel offers exclusive services.,这家酒店提供专属服务。
excursion,,n.,（尤指集体）远足，短途旅行,,
excuse,,v.,为…辩解；使免除,,
execute,'eksɪkjuːt,v.,执行；实施；处决,The plan was executed perfectly.,计划执行得很完美。
execution,,n.,实行，执行；处死刑,,
executive,,n.,执行官,,
exemplary,,adj.,可作楷模的， 典范的,,
exemplify,,v.,举例证明（解释）,,
exempt,,adj.,被免除的， 被豁免的 vt. 免除，豁免,,
exert,ɪɡ'zɜːt,v.,施加；运用,He exerted great pressure on the team.,他给团队施加了很大压力。
exertion,,n.,运用,,
exhaust,ɪɡ'zɔːst,v./n.,使筋疲力尽；耗尽；废气,The long trip exhausted us.,长途旅行使我们筋疲力尽。
exhibit,,vt.,显示；陈列，展览 n. 展览品,,
exile,,v.,流放 n. 被流放者,,
existence,,n.,存在；生存,,
exotic,,adj.,异域的，外国的,,
expand,,v.,扩大， 膨胀,,
expansion,,n.,扩张；扩大,,
expect,,v.,料想，认为,,
expectancy,,n.,预料； 期待； 盼望,,
expectation,,n.,期望,,
expedition,,n.,探险，远征,,
expel,,v.,开除，驱逐,,
expend,,vt.,花费， 消费； 消耗,,
expenditure,,n.,费用，花销,,
expense,,n.,花费， 消费， 费用； 开支， 业务费用,,
experimentally,,adv.,实验上，实验性地,,
experimentation,,n.,实验；试验,,
expert,,adj.,熟练的 n. 专家,,
expertise,,n.,专业知识,,
expire,,v.,满期，到期；断气,,
explicit,ɪk'splɪsɪt,adj.,明确的；直率的,The instructions are explicit.,说明很明确。
exploit,ɪk'splɔɪt,v.,利用；剥削；开发,We should exploit solar energy.,我们应开发利用太阳能。
exploration,,n.,考察；勘探；探查,,
explore,,v.,探险， 探索； 仔细查阅， 探究,,
exponent,,n.,"阐述者,倡导者",,
expose,ɪk'spəʊz,v.,暴露；揭露；使接触,Don't expose the film to light.,不要让胶片见光。
exposition,,n.,说明，解释；展览会，博览会,,
expression,,n.,词语； 表达， 表情,,
exquisite,,adj.,精美的， 精致的； 敏锐的， 有高度鉴赏力的； 剧烈的， 感觉强烈的,,
extend,,v.,延伸；延期,,
extensive,,adj.,广阔的； 广泛的,,
extent,,n.,程度,,
external,,adj.,外部的， 外面的,,
extinct,ɪk'stɪŋkt,adj.,灭绝的；绝种的,Many species are in danger of becoming extinct.,许多物种面临灭绝。
extinction,,n.,灭绝,,
extinguish,,v.,熄灭；使消亡,,
extra,,n.,附加物；额外的东西,,
extract,ɪk'strækt,v./n.,提取；摘录,The factory extracts oil from seeds.,工厂从种子中榨油。
extraction,,n.,抽出；提取法,,
extracurricular,,adj.,课外的,,
extraordinarily,,adv.,非常地，特别地,,
extraordinary,,adj.,非同寻常的， 特别的,,
extravagance,,n.,奢侈，浪费；过度；放肆的言行,,
extravagant,,adj.,奢侈的；过度的,,
extreme,,adj.,极端的,,
eyewitness,,n.,目击者,,
fabric,,n.,布料,,
fabricate,,v.,捏造；制作,,
fabrication,,n.,捏造；制作,,
fabulous,,adj.,寓言式的；极为巨大的；极好的,,
facet,,n.,一个方面； 面,,
facilitate,fə'sɪlɪteɪt,v.,促进；使便利,The new road facilitates trade.,新公路促进了贸易。
facility,,n.,设施,,
faction,,n.,派别，宗派，小集团,,
factor,,n.,因素， 因子； 系数,,
faculty,,n.,〔大学的〕全体教员,,
fade,,v.,褪色,,
fair,,adj.,美丽的,,
faith,,n.,信任， 信心； 信仰， 信条,,
fake,,n.,假货,,
fall,,v.,变成，成为，陷入,,
falsehood,,n.,谬误， 虚假； 谎言， 说谎,,
famine,,n.,饥荒； 严重的缺乏,,
fantastic,,adj.,空想的；奇异的,,
fantasy,,n.,想象， 幻想； 想象的产物,,
fascinate,,v.,使着迷,,
fastener,,n.,扣件，钮扣，揿钮,,
fatal,,adj.,致命的,,
fatigue,,n.,疲惫,,
fault,,n.,过失,,
faultless,,adj.,无过失的；无缺点的,,
favor,,v.,恩惠；善意的行为,,
fearless,,adj.,无畏的，大胆的,,
fearlessly,,adv.,无畏地，大胆地,,
feasibility,,n.,可行,,
feasible,'fiːzəbl,adj.,可行的；行得通的,The plan is technically feasible.,该计划技术上可行。
feast,,vi.,尽情地吃， 宴饮； 参加宴会 n. 盛宴，筵席；节日,,
feat,,n.,功绩，壮举；技艺表演 adj. 合适的；灵巧的,,
feature,,n.,特征，特色；面貌；特写，专题节目；故事片 vt. 突出； 由…主演,,
federal,,adj.,联邦的， 联盟的,,
federation,,n.,联合会； 联邦,,
feeble,,adj.,虚弱的， 衰弱的， 无力的； 无效的， 无益的,,
feel,,v.,摸起来,,
fell,,v.,砍倒（树等）；砍伐,,
fellowship,,n.,伙伴关系；联谊会,,
feminine,,adj.,女性的；女子气的,,
femininity,,n.,女性气质,,
feminist,,n.,男女平等主义者,,
fence,,n.,击剑（术），击剑,,
ferrous,,adj.,铁的；亚铁的,,
ferry,,n.,渡船 v. 运送,,
fertile,,adj.,（创造力）丰富的,,
fertility,,n.,多产，肥沃,,
fertilizer,,n.,肥料,,
fiction,,n.,小说； 虚构， 杜撰,,
fierce,,adj.,激烈的,,
fighter,,n.,战斗机；斗争者,,
figure,,n.,数字,,
filament,,n.,细丝；长丝；灯丝,,
fill,,v.,担任（职务）；填补,,
filter,,v.,过滤,,
filth,,n.,污秽，污物；淫猥；淫猥,,
finance,,v.,提供资金,,
financial,,adj.,财政的， 金融的,,
finely,,adv.,精细地；美好地,,
finite,,adj.,有限的；有尽的,,
fireplace,,n.,壁炉,,
firework,,n.,爆竹，花炮，烟火,,
firmness,,n.,坚固，坚定，稳固,,
fiscal,,adj.,财政的,,
fission,,n.,裂开；分裂生殖,,
fitness,,n.,适当，恰当；健康,,
fitting,,adj.,适当的 n. 配件,,
fixture,,n.,固定装置,,
flake,,n.,片，薄片,,
flame,,n.,火焰,,
flank,,n.,肋，肋腹；侧面,,
flannel,,n.,法兰绒,,
flap,,v.,拍打 n. 拍打，拍动,,
flare,,vi.,闪耀，烧旺；突发，突然发怒 n. 闪光信号， 照明弹,,
flask,,n.,瓶,,
flat,,adj.,平的 n. 公寓,,
flatten,,v.,把…弄平；击倒,,
flatter,,v.,奉承，阿谀，谄媚,,
flavor,,n.,口味,,
flavour,,v.,给…调味,,
flaw,,n.,缺点，瑕疵,,
flee,,v.,离开,,
flexible,,adj.,灵活的,,
flight,,n.,溃退，逃跑,,
fling,,v.,（用力）扔，抛,,
flip,,adj.,〈口〉无理的， 轻率的， 轻浮的 vt. 快速翻动，转动 n. 捻掷，轻抛；轻拍,,
float,,v.,漂浮,,
flock,,v.,群集，聚集,,
fluctuate,'flʌktʃueɪt,v.,波动；起伏,Prices fluctuate with the season.,价格随季节波动。
fluctuation,,n.,波动,,
fluently,,adv.,流利地,,
fluorescent,,adj.,荧光的， 发荧光的,,
flush,,n.,脸红；一阵强烈情感；（流露出的）一阵激情,,
flutter,,v.,（鸟）振翼；飘动,,
flux,,n.,流；涨潮；流量,,
fly,,v.,飞跑；逃跑，消失,,
foam,,n.,泡沫塑料；泡沫,,
focus,,v.,聚焦；集中 n. 焦点， 中心,,
foe,,n.,"敌人,危害物",,
foil,,n.,箔，金属薄片；陪衬，衬托 vt. 挫败， 使受挫折,,
fold,,vt.,折叠，合拢 n. 褶， 折叠的部分,,
folklore,,n.,"民间传说, 民俗学",,
follow,,v.,从事（职业），经营,,
follower,,n.,信徒，追随者,,
footnote,,n.,注脚,,
footpath,,n.,小路，人行道,,
force,,vt.,强迫；用力推动，用力打开 n. 军队， 兵力； 暴力， 武力； 力， 力气； 影响力， 效力,,
fore,,adv.,在（或向）船头；在（或向）飞行器头部,,
forecast,'fɔːkɑːst,n./v.,预报；预测,The weather forecast says it will rain.,天气预报说会下雨。
foreign,,adj.,外国的，国外的,,
foremost,,adj.,最好的， 最著名的， 最重要的,,
foresee,,v.,预见，预知，看穿,,
foretell,,v.,预言；预示；预告,,
forfeit,,vt.,被没收，丧失 n. 罚款； 没收物,,
forge,,v.,伪造；锻造,,
formal,,adj.,正规的；庄重的,,
format,,n.,形式,,
formerly,,adv.,以前，从前,,
formidable,,adj.,可怕的；令人敬畏的，令人惊叹的,,
formula,,n.,公式,,
formulate,'fɔːmjuleɪt,v.,制定；阐述；构想,The team formulated a new strategy.,团队制定了新战略。
formulation,,n.,表述方式,,
forsake,,v.,遗弃，抛弃；摒绝，摒弃,,
fort,,n.,要塞，堡垒,,
forthcoming,,adj.,即将来临的,,
fortification,,n.,防御工事,,
fortify,,v.,"增强(体力,结构等) v. 筑防御工事",,
fortnight,,n.,两星期，十四天,,
fortress,,n.,堡垒，要塞,,
forum,,n.,论坛，讨论会,,
forward,,adv.,向前；向将来 v. 转递,,
fossil,,n.,化石,,
foster,'fɒstə,v.,培养；促进；收养,Good habits foster success.,好习惯促进成功。
foul,,adj.,肮脏的；丑恶的,,
foundation,,n.,基金会,,
fowl,,n.,家禽；禽肉,,
fraction,,n.,分数,,
fracture,,n.,破裂；裂痕 v. 破裂,,
fragile,,adj.,脆弱的；体质弱的,,
fragility,,n.,"脆弱, 虚弱",,
fragrance,,n.,芳香， 香味； 香水,,
fragrant,,adj.,香的，芬芳的,,
frail,,adj.,脆弱的,,
frame,,v.,制定，拟定〔计划、体制等〕,,
framework,'freɪmwɜːk,n.,框架；结构；体系,The report provides a framework for discussion.,报告为讨论提供了框架。
franchise,,n.,特许权；选举权；经销权 vt. 特许,,
frankly,,adv.,坦率地,,
frantic,,adj.,疯狂的,,
fraud,,n.,欺诈， 诈骗； 骗子,,
fraudulent,,adj.,欺诈的， 欺骗性的,,
freight,,n.,货运；运费,,
frequency,,n.,频繁，屡次；频率,,
frequent,,adj.,常见的；频繁的,,
fresh,,adj.,新颖的，新奇的,,
freshen,,v.,使显得新鲜,,
fret,,v.,（使）烦恼,,
friction,,n.,摩擦,,
fright,,n.,惊吓，恐怖,,
frighten,,v.,使害怕,,
frightful,,adj.,可怕的；讨厌的,,
fringe,,n.,穗，毛边；边缘,,
fro,,adv.,往，去，回，向后,,
frock,,n.,（女）连衣裙,,
frontier,,n.,边境,,
frown,,v.,皱眉,,
frustrate,,v.,使挫败，使沮丧,,
frustration,,n.,挫败， 挫折， 受挫,,
fuel,,n.,燃料，燃料剂 vt. 给…加燃料； 刺激,,
fulfill,,v.,实现,,
function,,vi.,工作， 运行； 起作用 n. 功能，职务；【数】函数；重大聚会,,
fund,,n.,资金，基金；存款 vt. 为…提供资金,,
fundamental,ˌfʌndə'mentl,adj.,基本的；根本的,Freedom is a fundamental right.,自由是基本权利。
furious,,adj.,生气的；激烈的,,
furnish,,v.,提供,,
furniture,,n.,家具,,
further,,v.,增进,,
furthermore,,adv.,而且， 此外,,
fury,,n.,狂怒，暴怒；猛烈,,
fuse,,n.,保险丝；导火线,,
fusion,,n.,联合， 合并； 核聚变,,
fuss,,n.,小题大做,,
futile,,adj.,无用的；无效的；没有出息的；琐细的；不重要的,,
galaxy,,n.,星系； 银河系， 银河； 一群,,
gallery,,n.,美术馆,,
gamble,,n.,赌博 v. 冒…的险,,
gangster,,n.,匪徒，歹徒，暴徒,,
gap,,n.,差距,,
garage,,n.,车库,,
garbage,,n.,垃圾， 废物； 废话； 无用的资料,,
garlic,,n.,蒜，大蒜,,
garment,,n.,衣服；服装，衣着,,
gasp,,vi.,喘气，倒抽气 vt. 喘着气说出 n. 喘气， 倒抽气,,
gather,,v.,推测，推断,,
gathering,,n.,集会，聚会，聚集,,
gauge,,n.,测量仪表；厚度，直径；规格、尺寸 vt. 估计， 判断； 计量， 度量,,
gaze,,,n&vi. 凝视， 盯， 注视,,
gear,,n.,齿轮，传动装置,,
gender,,n.,性别,,
generalization,,n.,一般化；概括，综合,,
generalize,,v.,概括出,,
generate,,v.,产生,,
generosity,,n.,慷慨，宽宏大量,,
generous,,adj.,慷慨的,,
genetic,,adj.,基因的,,
genius,,n.,天才,,
genre,,n.,体载， 类型,,
genuine,,adj.,真的；由衷的,,
geographical,,adj.,地理的；地区（性）的,,
geology,,n.,地质学,,
geometrical,,adj.,几何学的,,
germ,,n.,细菌，病原菌；幼芽,,
gesture,,n.,姿势，手势,,
gigantic,,adj.,巨大的；巨人似的,,
giggle,,n.,咯咯笑， 傻笑,,
ginger,,n.,姜，生姜,,
given,,adj.,规定的，特定的；假设的，已知的；有癖好的，有倾向的 prep. 考虑到,,
glacier,,n.,冰河， 冰川,,
glamor,,n.,魅力， 诱惑力,,
glamorous,,adj.,有魅力的，迷人的,,
glamour,,n.,魅力， 诱惑力,,
glance,,vi.,看一下 n. 一瞥,,
gland,,n.,腺,,
glare,,vi.,怒目而视；发射强光，发出刺眼的光线 n. 强光； 怒视， 瞪眼； 炫耀， 张扬,,
gleam,,n.,微光 v. 发微光,,
glide,,n.,滑行， 滑动； 滑翔,,
glider,,n.,滑翔机；滑翔导弹,,
glitter,,vi.,闪闪发光，闪耀 n. 闪光， 灿烂的光辉； 耀眼， 辉煌,,
global,,adj.,全球的,,
gloom,,n.,昏暗， 阴暗； 忧郁， 沮丧,,
gloomy,,adj.,忧郁的， 沮丧的； 令人沮丧的； 昏暗的， 阴沉的,,
glorify,,v.,赞美；颂扬（上帝）,,
glory,,n.,光荣，荣誉,,
glossary,,n.,词汇表；术语汇编,,
glow,,vi.,发光； 燃烧 n. 白热光；脸红；激情,,
glue,,v.,粘牢,,
gnaw,,v.,啃，咬断，啮,,
goddess,,n.,女神,,
goodness,,n.,善良，善行，美德,,
gorge,,v.,狼吞虎咽 n. 山峡， 峡谷,,
gorgeous,,adj.,极其漂亮的，极其吸引人的；绚丽的，华丽的,,
gorilla,,n.,大猩猩,,
gospel,,n.,〈圣经·新约〉福音书,,
gossip,,n.,闲谈；碎嘴子；漫笔,,
govern,,v.,管理,,
gown,,n.,长袍,,
grab,,v.,攫取，抓取,,
gracious,,adj.,谦和的,,
gradient,,n.,斜坡,,
graduate,,adj.,研究生的 v. 毕业 n. 毕业生；研究生,,
grain,,n.,谷物， 谷粒， 颗粒； 少量， 微量,,
gramophone,,n.,留声机,,
grand,,adj.,壮丽的，极好的,,
granite,,adj.,花岗岩，花岗石,,
grant,,n.,拨款,,
graphic,,adj.,生动的， 形象的； 绘画的， 文字的， 图表的,,
graphite,,n.,石墨，石墨电极,,
grasp,,v.,理解；抓住,,
grasshopper,,n.,蚱蜢，蝗虫，蚂蚱,,
grassy,,adj.,草多的,,
grateful,,adj.,感激的,,
gratitude,,n.,感激,,
grave,,adj.,严重的,,
gravel,,n.,砂跞；砂砾层；结石,,
graze,,v.,喂草；放牧（牲畜）,,
grease,,n.,动物脂，脂肪,,
greed,,n.,贪心，贪婪,,
greedy,,adj.,贪婪的,,
grid,,n.,输电网,,
grief,,n.,悲哀，悲痛，悲伤,,
grieve,,vi.,感到悲痛，伤心 vt. 使伤心， 为…而伤心,,
grill,,vt.,烧烤；拷问，盘问 n. 烤架,,
grim,,adj.,严厉的,,
grin,,v.,咧着嘴笑,,
grind,,v.,磨碎，碾碎，把...磨成粉,,
grip,,n.,抓住,,
groan,,vi.,呻吟，抱怨；发出呻吟般的声音 n. 呻吟， 抱怨； 呻吟般的声音,,
grocery,,n.,杂货店,,
groove,,n.,槽,,
grope,,v.,（暗中）摸索，探索,,
gross,,adj.,（语言、举止）粗俗的,,
groundless,,adj.,无理由的，无根据的,,
grove,,n.,林子，小树林，园林,,
growl,,v.,（狗等）嗥叫；咆哮,,
grumble,,v.,抱怨，发牢骚,,
grunt,,v.,作呼噜声；咕哝,,
guarantee,,v.,保证,,
guard,,v.,保护,,
guardian,,n.,监护人； 守卫者， 保护者,,
guesstimate,,n.,大概估计，瞎猜估计,,
guilt,,n.,内疚；有罪，犯罪,,
guitar,,n.,吉他，六弦琴,,
gust,,n.,阵风，一阵狂风,,
gutter,,n.,沟，边沟；檐槽,,
habitual,,adj.,习惯的,,
hack,,v.,黑客攻击,,
hail,,v.,向…欢呼，招呼,,
halve,,v.,对分；平摊,,
ham,,n.,火腿,,
hamper,,v.,妨碍，阻碍，牵制,,
handbook,,n.,手册，便览，指南,,
handgun,,n.,手枪,,
handicap,,v.,妨碍，使不利,,
handicraft,,n.,手工艺(品),,
handle,,n.,把手,,
handout,,n.,施舍物，救济品,,
handy,,adj.,方便的；便于使用的,,
harass,,v.,使困扰；使烦恼；反复袭击,,
harassment,,n.,骚扰；烦恼,,
harbour,,v.,怀着（不好的想法、恐惧或希望）；包含，藏有；窝藏,,
hard,,adj.,（酒）烈性的,,
harden,,v.,变硬,,
hardship,,n.,艰难,,
hardy,,adj.,强壮的，耐劳的,,
harmonious,,adj.,和谐的，协调的,,
harmony,,n.,调和； 协调； 和谐,,
harness,,v.,利用，控制,,
harp,,n.,竖琴；天琴座,,
harsh,,adj.,严酷的，严峻的,,
hasten,,v.,加速,,
hasty,,adj.,匆忙的,,
hatch,,v.,孵化,,
hatred,,n.,憎恶， 憎恨， 仇恨,,
haughty,,adj.,傲慢的，轻蔑的,,
haul,,v.,拖曳；拖运,,
haunt,,v.,（鬼魂）经常出没,,
haven,,n.,"港口, 避难所",,
havoc,,n.,混乱， 大破坏,,
hawk,,n.,鹰，隼；“鹰派”人物 vt. 叫卖， 兜售,,
hazard,'hæzəd,n./v.,危险；危害,Smoking is a hazard to health.,吸烟危害健康。
hazardous,,adj.,危险的,,
head,,v.,用头顶（球）；朝...行进,,
heading,,n.,标题，题词，题名,,
headlong,,adv.,头向前地 adj. 头向前的,,
headquarters,,n.,总部,,
heap,,n.,堆， 大量,,
hearth,,n.,壁炉地面；炉边,,
hearty,,adj.,热情友好的；丰盛的,,
heater,,n.,加热器,,
heave,,v.,（用力地）举起；抛,,
heaven,,n.,上帝，神,,
hectic,,n.,脸红；患肺结核 adj. 兴奋的，狂热的；脸上发红；肺病的；忙碌的,,
heel,,n.,脚后跟， 踵； 后跟,,
heighten,,v.,加高，提高；增加,,
heir,,n.,继承人,,
helicopter,,n.,直升飞机,,
helmet,,n.,头盔，钢盔,,
hemisphere,,n.,半球,,
henceforth,,adv.,今后，从今以后,,
herald,,n.,传令官；通报者,,
herb,,n.,草本植物；香草,,
herd,,v.,成群；放牧,,
heritage,,n.,遗产； 继承物； 传统,,
heroin,,n.,[药][毒物] 海洛因，吗啡,,
hesitate,,v.,犹豫,,
hibernate,,v.,冬眠,,
hibernation,,n.,"过冬, 冬眠, 避寒",,
hide,,n.,生皮，兽皮，皮革,,
hierarchy,,n.,等级制度； 统治集团， 领导层,,
highlight,'haɪlaɪt,v./n.,突出；强调；亮点,The report highlights the main problems.,报告突出了主要问题。
hijack,,v.,劫持,,
hike,,v.,作长途徒步旅行,,
hinder,,v.,阻碍,,
hindrance,,n.,障碍，妨碍,,
hinge,,n.,合页，折叶，铰链,,
hip,,n.,臀部，髋,,
hiss,,n.,嘶嘶声 v. 嘶嘶作声,,
historian,,n.,历史学家；编史家,,
historic,,adj.,历史的；历史性的,,
hit,,n.,轰动一时的人（或事）,,
hitherto,,adv.,迄今，到目前为止,,
hive,,n.,"蜂房 v. (使)入蜂箱, 群居",,
hoarse,,adj.,（声音）嘶哑的,,
hockey,,n.,曲棍球,,
hoe,,v.,锄地,,
hoist,,v.,升起，扯起来,,
hollow,,v.,凿空，挖空,,
homely,,adj.,家常的,,
homogeneous,,adj.,同类的,,
honorary,,adj.,荣誉的,,
hook,,v.,（使）钩住，挂住,,
hop,,v.,（人）单足跳,,
horizon,,n.,地平线,,
horn,,n.,角状物；喇叭形物,,
hose,,n.,软管；袜类（包括连裤袜、长筒袜、短袜）,,
hospitality,,n.,友好,,
host,,v.,主持,,
hostage,,n.,人质,,
hostess,,n.,女主人；旅馆女老板,,
hostile,,adj.,有敌意的,,
hostility,,n.,敌意,,
hound,,n.,猎犬,,
house,,n.,议院，会议厅,,
household,,n.,家庭，一家人,,
hover,,v.,徘徊；傍徨；翱翔；盘旋,,
howl,,n.,嚎叫；哀号；吠,,
huddle,,vi.,聚集在一起，挤作一团；把身子蜷成一团，蜷缩 vt. 使聚集在一起 n. 挤在一起的人； 一堆杂乱的东西,,
hug,,v.,搂 n. 紧紧拥抱,,
hull,,n.,外壳，豆荚；薄膜,,
hum,,n.,嗡嗡声 v. 哼曲子,,
humane,,adj.,仁慈的，人道的；高尚的,,
humanist,,n.,"人道主义者, 人文主义者",,
humanistic,,adj.,人文的,,
humanitarian,,adj.,博爱的 n. 慈善家,,
humanity,,n.,人类；人性，人情,,
humble,,adj.,谦逊的；地位低下的；简陋的 vt. 使谦恭； 使卑下,,
humid,,adj.,湿的，湿气重的,,
humidity,,n.,湿气；湿度,,
humiliate,,v.,羞辱；使…丢脸；耻辱,,
humorous,,adj.,幽默的,,
hurl,,v.,猛投,,
hurrah,,int.,好哇，万岁，乌拉,,
hurricane,,n.,飓风，十二级风,,
hurt,,n.,（对感情造成的）伤害，创伤,,
hush,,n.,沉默 int. 嘘！,,
hustle,,v.,催促，赶紧做；猛推，挤，强迫 n. 忙碌， 奔忙； 挤,,
hybrid,,adj.,杂交产生的；混合的，合成的 n. 杂交植物； 混合物， 合成物,,
hydraulic,,adj.,水力的；水力学的,,
hydrocarbon,,n.,烃，碳氢化合物,,
hygiene,,n.,卫生,,
hymn,,n.,赞美诗，圣歌；赞歌,,
hypocrisy,,n.,虚伪；伪善,,
hypocrite,,n.,伪君子；伪善者,,
hypocritical,,adj.,伪善的， 虚伪的,,
hypothesis,haɪ'pɒθəsɪs,n.,假说；假设,The experiment tested the hypothesis.,实验检验了该假说。
hypothetical,,adj.,假说的，臆说的,,
hysterical,,adj.,情绪异常激动的， 歇斯底里般的,,
ice,,v.,使成冰，结冰,,
iceberg,,n.,"冰山,冷若冰霜的人",,
icon,,n.,"图标, 肖像",,
icy,,adj.,冰冷的；冷冰冰的,,
ideal,,adj.,理想的，观念的，空想的 n. 理想， 理想的东西,,
idealism,,n.,唯心主义；理想主义,,
ideally,,adv.,理想地；理论上,,
identical,,adj.,相同的,,
identification,,n.,身份证；认出，鉴定,,
identify,,v.,认出，识别,,
ideological,,adj.,意识形态的,,
ideologically,,adv.,意识形态上地,,
ideology,ˌaɪdi'ɒlədʒi,n.,意识形态；思想体系,The two parties hold different ideologies.,两党意识形态不同。
idiom,,n.,习语， 成语； 风格， 特色,,
idiot,,n.,白痴；傻子,,
idleness,,n.,懒惰；赋闲无事,,
ignite,,v.,引燃，着火,,
ignition,,n.,"点火, 点燃",,
ignorance,,n.,无知，无学，愚昧,,
ignore,,v.,忽视,,
illegal,,adj.,不合法的， 非法的,,
illiterate,,adj.,文盲的 n. 文盲,,
illuminate,ɪ'luːmɪneɪt,v.,照亮；阐明,The lamps illuminate the whole square.,灯光照亮整个广场。
illumination,,n.,"阐明, 启发",,
illusion,,n.,幻想；错觉；假象,,
illustrate,,v.,阐明，说明,,
imaginary,,adj.,想象中的， 假想的,,
imaginative,,adj.,富有想象力的， 爱想象的,,
imbalance,,n.,不平衡,,
imitate,,v.,模仿,,
imitation,,n.,仿制品，伪制物,,
immense,,adj.,巨大的,,
immensely,,adv.,非常，极大地,,
immerse,ɪ'mɜːs,v.,沉浸；使沉浸于,She immersed herself in the novel.,她沉浸在小说中。
immersion,,n.,"沉浸,专心",,
immersive,,adj.,沉浸的，身临其境的,,
immigrant,,n.,移民,,
immigrate,,v.,（使）移居入境,,
immigration,,n.,移民,,
imminent,,adj.,即将来临的,,
immortal,,adj.,不朽的；永生的,,
immune,ɪ'mjuːn,adj.,免疫的；不受影响的,Exercise strengthens the immune system.,锻炼增强免疫系统。
impact,,n.,影响,,
impair,,v.,损害,,
impart,,v.,传授，教授,,
impartial,,adj.,公正的，无偏见的,,
impatient,,adj.,不耐烦的， 急躁的； 热切的， 急切的,,
imperative,,adj.,"必须的,必要的",,
imperial,,adj.,帝国的,,
impetus,,n.,推动， 促进， 刺激； 推动力,,
implement,'ɪmplɪment,v./n.,实施；执行；工具,The school implemented the new policy.,学校实施了新政策。
implication,ˌɪmplɪ'keɪʃn,n.,含义；暗示；影响,The discovery has wide implications.,这一发现意义深远。
implicit,,adj.,不言明的， 含蓄的； 内含的， 固有的； 无疑问的,,
implore,,v.,乞求，恳求，哀求,,
imply,,vt.,暗示， 意指,,
impose,ɪm'pəʊz,v.,强加；征收,The government imposed a new tax.,政府征收了新税。
impress,,v.,盖印，在…打记号,,
imprison,,v.,监禁,,
imprisonment,,n.,"关押,监禁",,
impromptu,,n.,即兴曲；即席演出 adv. 即席地 adj. 即席的,,
improper,,adj.,不适当的；不合理的,,
impulse,,n.,冲动；推动,,
impulsive,,adj.,冲动的,,
impurity,,n.,杂质；不纯,,
inaccessible,,adj.,达不到的，难接近的,,
inaccurate,,adj.,不精密的，不准确的,,
inaction,,n.,不作为,,
inadequate,,adj.,不足的,,
inanimate,,adj.,无生命的,,
inasmuch,,adv.,因为，由于,,
inaugurate,,v.,使就职；开始,,
inborn,,adj.,"天生的,生来的",,
incalculable,,adj.,不可估量的，无法计算的,,
incapable,,adj.,无能力的；无资格的,,
incense,,n.,香，熏香；香气,,
incentive,ɪn'sentɪv,n.,激励；刺激；奖励,Bonuses are a strong incentive for workers.,奖金对工人是强有力的激励。
incidence,,n.,发生率,,
incident,,n.,发生的事， 事件,,
incidentally,,adv.,顺便地，附带,,
inclination,,n.,倾斜，点头；斜坡,,
incline,ɪn'klaɪn,v.,倾向于；倾斜,I incline to the view that he is right.,我倾向于认为他是对的。
inclusive,,adj.,包括的,,
incompatibility,,n.,不兼容,,
incompatible,,adj.,不相容的,,
incompetence,,n.,无能,,
incompetent,,adj.,无能力的，不胜任的,,
incomplete,,adj.,不完全的，未完成的,,
incorporate,,v.,合并,,
incorporation,,n.,合并；组建公司,,
incredible,,adj.,难以置信的，惊人的,,
incumbent,,adj.,现任的；依靠的；负有职责的 n. 在职者；现任者；领圣俸者,,
incur,,v.,引起，导致,,
indebted,,adj.,"受惠的, 负债的",,
indefinite,,adj.,无限期的,,
independence,,n.,独立； 自主； 自立,,
index,,n.,指数；标志，指标,,
indicate,,v.,表明,,
indication,,n.,指出， 指示； 迹象， 暗示,,
indicative,,adj.,指示的,,
indict,,vt.,控诉， 起诉， 控告,,
indifferent,,adj.,冷漠的,,
indigenous,,adj.,"本地的, 天生的",,
indignant,,adj.,愤怒的， 愤慨的， 义愤的,,
indignation,,n.,愤怒，愤慨，义愤,,
indiscriminately,,adv.,不加选择地，不加区分地,,
indispensable,ˌɪndɪ'spensəbl,adj.,不可缺少的；必需的,Water is indispensable to life.,水是生命不可缺少的。
individual,,adj.,特殊的,,
indoor,,adj.,室内的；室内进行的,,
induce,ɪn'djuːs,v.,诱导；引起；劝使,The medicine may induce sleep.,这种药可能引起困倦。
induction,,n.,就职；归纳推理,,
indulge,,v.,放纵,,
indulgent,,adj.,放纵的；宽容的；任性的,,
industrial,,adj.,工业的， 产业的,,
industrious,,adj.,勤奋的,,
ineffective,,adj.,无效的,,
inertia,,n.,惯性；无力,,
inescapable,,adj.,不可避免的,,
inevitable,ɪn'evɪtəbl,adj.,不可避免的,Change is inevitable.,变化是不可避免的。
inevitably,,adv.,不可避免地,,
inexhaustible,,adj.,用不完的，无穷无尽的,,
infant,,n.,婴儿,,
infect,,v.,感染,,
infectious,,adj.,感染的，传染的,,
infer,ɪn'fɜː,v.,推断；推论,We can infer his mood from his face.,我们可以从他的表情推断他的心情。
inference,,n.,推论；推断的结果,,
inferior,,adj.,比……差,,
inferiority,,n.,自卑； 次等,,
infinite,,n.,无限；无穷（大）,,
infinitely,,adv.,无限地，无边地,,
infinity,,n.,无穷大,,
inflation,,n.,通货膨胀,,
inflict,,vt.,把…强加给； 使…遭受， 使…承担,,
influence,,n.,势力，权势,,
influential,,adj.,有影响力的,,
infringe,,v.,侵犯；违反；破坏,,
ingenious,,adj.,精巧制成的；机灵的,,
ingenuity,,n.,创造力,,
ingredient,,n.,配料，成分,,
inhabit,,vt.,居住于， 栖居于,,
inhabitant,,n.,居民， 住户,,
inhale,,v.,吸入,,
inherent,ɪn'hɪərənt,adj.,固有的；内在的,Risk is inherent in the job.,这份工作固有风险。
inherit,,v.,继承,,
inheritance,,n.,继承；遗产,,
inhibit,,vt.,阻止， 妨碍， 抑制,,
inhibition,,n.,"禁止, 阻止",,
initial,,adj.,初步的，最初的,,
initially,,adv.,最初，开始,,
initiate,ɪ'nɪʃieɪt,v.,开始；发起；使入门,The city initiated a recycling program.,该市启动了回收计划。
initiative,,n.,主动性,,
inject,,v.,注射；注满；喷射,,
injection,,n.,注射；注入,,
injustice,,n.,不公正,,
inland,,adj.,国内的；内地的,,
inlet,,n.,水湾；进口,,
innovation,ˌɪnə'veɪʃn,n.,创新；革新,Innovation drives economic growth.,创新推动经济增长。
innumerable,,adj.,无数的，数不清的,,
inorganic,,adj.,无生物的；无机的,,
input,,v.,输入 n. 输入,,
inquire,,v.,询问,,
insane,,adj.,极蠢的， 荒唐的； 精神病的， 精神失常的， 疯狂的,,
insect,,n.,昆虫， 虫,,
insert,,v.,插入，放进,,
insight,,n.,洞察力；洞悉，见识,,
insignificant,,adj.,无意义的；低微的,,
insist,,v.,坚持； 坚持要求； 坚决认为,,
insistent,,adj.,坚持的,,
inspector,,n.,检查员；巡官,,
inspiration,,n.,灵感；妙想；鼓舞,,
inspire,ɪn'spaɪə,v.,鼓舞；启发,His speech inspired the students.,他的演讲鼓舞了学生。
instability,,n.,不稳定性,,
install,,vt.,安装， 设置； 使就职， 任命,,
installment,,n.,分期付款,,
instance,,n.,例子， 实例， 事例,,
instant,,adj.,立即的,,
instantaneous,,adj.,即时的，瞬间的,,
instinct,,n.,本能； 直觉， 生性,,
instinctively,,adv.,本能地,,
institute,,n.,研究所，学会，学院,,
institution,,n.,机构,,
instruct,,vt.,教， 指示； 通知； 教育,,
instructional,,adj.,指导的， 教育的,,
instructor,,n.,指导者，教员,,
instrument,,n.,仪器， 工具； 乐器,,
instrumental,,adj.,器乐的；有帮助的,,
insufficient,,adj.,不足的,,
insulate,,v.,使绝缘，使绝热,,
insulation,,n.,绝缘,,
insulator,,n.,隔离者；绝缘体,,
insurance,,n.,保险； 保险费,,
insurer,,n.,保险公司；承保人,,
intact,ɪn'tækt,adj.,完整无缺的；未受损伤的,The ancient vase remains intact.,古花瓶完好无损。
intake,,n.,吸入；输入能量,,
integral,'ɪntɪɡrəl,adj.,不可或缺的；完整的,Trust is integral to friendship.,信任是友谊不可或缺的部分。
integrate,'ɪntɪɡreɪt,v.,整合；使结合,The app integrates many services.,这款应用整合了许多服务。
integrity,,n.,正直,,
intellect,,n.,理智，智力，才智,,
intellectual,,adj.,智力的 n. 知识分子,,
intelligent,,adj.,聪明的,,
intelligible,,adj.,可理解的， 明白易懂的， 清楚的,,
intense,ɪn'tens,adj.,强烈的；紧张的；剧烈的,The heat was intense in summer.,夏天酷热难耐。
intensely,,adv.,强烈地,,
intensify,,v.,增强， 加剧,,
intensive,,adj.,加强的； 精耕细作的,,
intent,,adj.,目不转睛的，热切的,,
interact,,v.,互动,,
interaction,,n.,相互影响，相互作用；互动,,
interactive,,adj.,〔人与计算机程序、电视系统等〕交互的，互动的；合作的；相互交流的,,
interconnect,,v.,使互相联系,,
intercourse,,n.,交际，往来，交流,,
interface,,n.,分界面,,
interfere,,adj.,干涉；妨碍,,
interference,,n.,干涉,,
interim,,adj.,暂时的，临时的 n. 间歇， 过渡期间,,
interior,,n.,内部 adj. 内部的,,
intermediate,,n.,中间体；调解人,,
intermittent,,adj.,间歇的， 断断续续的,,
internal,,adj.,内的， 国内的； 内心的,,
interpersonal,,adj.,人与人之间的， 关于人与人之间关系的,,
interpret,,v.,口译；解释,,
interpretation,,n.,解释，理解,,
interracial,,adj.,种族间的,,
interrogate,,vt.,审问， 讯问， 盘问,,
interrupt,,v.,打断， 中止； 打扰,,
intersection,,n.,道路交叉口， 交点,,
intertwine,,v.,交织，纠缠,,
intervene,ˌɪntə'viːn,v.,干预；介入；调停,The teacher intervened in the argument.,老师介入调解了争论。
intervention,,n.,干涉,,
interview,,v.,接见，会见，会谈,,
intimate,,adj.,亲密的,,
intimidate,,vt.,恐吓， 威胁,,
intolerant,,adj.,无法容忍的,,
intonation,,n.,语调，声调；发声,,
intricacy,,n.,错综复杂；,,
intricate,'ɪntrɪkət,adj.,错综复杂的；精细的,The watch has an intricate design.,这块表设计精巧。
intrigue,,vi.,耍阴谋，施诡计 vt. 激起…的好奇心，迷住 n. 阴谋， 诡计， 密谋,,
intriguing,,adj.,有趣的,,
intrinsic,,adj.,本质的，固有的,,
introduce,,v.,提出（议案等）,,
intuition,ˌɪntju'ɪʃn,n.,直觉；直觉力,Her intuition told her something was wrong.,直觉告诉她出问题了。
intuitive,,adj.,直觉的,,
invalid,,n.,病人,,
invaluable,ɪn'væljuəbl,adj.,极宝贵的；无价的,Her advice was invaluable to me.,她的建议对我极其宝贵。
invariably,,adv.,不变地，永恒地,,
invasion,,n.,入侵,,
invasive,,adj.,入侵的,,
inventory,,n.,详细目录， 存货清单,,
inversely,,adv.,相反地,,
invert,,vt.,使倒转， 使倒置， 使颠倒,,
invest,,v.,投资， 投入； 授予,,
investigate,,v.,调查， 研究,,
invisible,,adj.,看不见的， 无形的,,
invoice,,n.,发票，发货清单,,
involve,,vt.,使卷入， 牵涉； 包含， 含有,,
involvement,,n.,连累； 包含,,
ion,,n.,离子,,
irony,,n.,讽刺,,
irrational,,adj.,不合理的，不理性的,,
irregularity,,n.,不规则；不整齐,,
irrelevant,,adj.,无关的,,
irrespective,,adj.,不考虑的，不顾的,,
irreversible,,adj.,不可逆的；不可取消的,,
irrigation,,n.,灌溉,,
irritable,,adj.,急躁的， 易怒的； 易受刺激的； 过敏的,,
irritate,,v.,激怒,,
islam,,n.,伊斯兰教，回教,,
isle,,n.,小岛， 岛,,
isolate,,v.,使隔离,,
isolation,,n.,隔绝，隔离,,
issue,,v.,发行； 分发， 发出 n. 问题；发行；分发,,
item,,n.,条， 条款,,
ivory,,n.,象牙（质）；乳白色,,
jack,,n.,起重器；传动装置,,
jail,,n.,监狱,,
jam,,n.,堵塞 v. 使…堵塞,,
jargon,,n.,行话，术语；黄锆石,,
jealousy,,n.,妒忌，嫉妒，猜忌,,
jean,,n.,斜纹布；牛仔裤,,
jelly,,n.,冻，果冻；胶状物,,
jeopardize,,v.,危害，危及,,
jerk,,v.,猛地一拉，急拉,,
jesus,,n.,耶稣,,
jewellery,,n.,珠宝，珠宝饰物,,
jingle,,v.,（使）丁当响,,
jog,,v.,慢跑（尤作为锻炼）,,
jolly,,adj.,快活的；令人高兴的,,
judicial,,adj.,司法的,,
jug,,n.,带柄水罐，大壶,,
junction,,n.,连接点，汇合处,,
jungle,,n.,丛林，密林，莽丛,,
junior,,n.,年少者；晚辈,,
junk,,n.,废旧物品，破烂 vt. 丢弃， 废弃,,
jupiter,,n.,木星；丘庇特,,
jury,,n.,陪审团,,
justice,,n.,公平,,
justifiable,,adj.,理所应当的,,
justification,,n.,正当的理由， 借口,,
justified,,adj.,正当的,,
justify,'dʒʌstɪfaɪ,v.,证明……正当；为……辩护,Nothing can justify such behavior.,任何理由都不能为这种行为开脱。
juvenile,,adj.,少年的，少年特有的；幼稚的，不成熟的 n. 未成年人， 少年,,
keen,,adj.,敏锐的；浓厚的,,
kernel,,n.,（果实的）核；谷粒,,
kidnap,,v.,绑架,,
kidney,,n.,肾，腰子,,
kilowatt,,n.,千瓦（特）,,
kindle,,v.,点燃，着火,,
kinetic,,adj.,动力（学）的；活动的,,
kit,,n.,成套工具；用具包,,
knight,,n.,骑士，武士；爵士,,
knit,,vi.,编结， 编织； 愈合 vt. 编结，编织；使紧密地结合，使紧凑；皱紧，皱,,
knob,,n.,球形把手， 球形柄； 旋钮； 小块,,
label,,n.,标签，标记，符号 vt. 贴标签于； 把…称为,,
lace,,v.,系带，用带子束紧,,
lack,,v.,缺少,,
lad,,n.,男孩， 小伙子,,
lag,,v.,落后,,
lame,,adj.,跛的， 瘸的； 站不住脚的， 差劲的； 蹩脚的,,
landmark,,n.,地标,,
landscape,,n.,风景，景色，景致,,
lane,,n.,小路， 跑道； 航道， 航线,,
largely,,adv.,主要地,,
lash,,v.,将系牢；鞭打，抽打；猛烈打击；猛烈抨击，严厉斥责 n. 鞭打； 假睫毛； 鞭梢,,
late,,adj.,去世不久的,,
latent,,adj.,存在但看不见的,,
lathe,,n.,车床 v. 用车床加工,,
latitude,,n.,纬度；黄纬,,
lattice,,n.,格子结构,,
launch,,v.,发布，推出,,
laundry,,n.,送洗衣店去洗的东西,,
lavish,,adj.,无节制的；浪费的 vt慷慨给予，挥霍,,
lawn,,n.,草坪,,
lawsuit,,n.,诉讼,,
layer,,n.,层， 层次,,
layman,,n.,门外汉,,
layoff,,n.,解雇； 裁员； 歇工期， 停工期,,
layout,,n.,布局，设计,,
leaflet,,n.,传单,,
leakage,,n.,漏，泄漏；漏出物,,
lease,,n.,租约，契约，租契,,
leather,,n.,皮革； 皮革制品,,
legacy,,n.,遗产，遗赠；先人(或过去)留下的东西,,
legal,,adj.,法律的； 合法的,,
legalize,,v.,合法化,,
legend,,n.,传奇,,
legislation,ˌledʒɪs'leɪʃn,n.,立法；法律；法规,New legislation protects consumer rights.,新法规保护消费者权益。
legislator,,n.,立法者,,
legitimate,lɪ'dʒɪtɪmət,adj.,合法的；正当的,He has a legitimate reason for being late.,他迟到有正当理由。
leisure,,n.,空闲时间； 悠闲,,
length,,n.,长度,,
lengthen,,v.,使延长，变长,,
lens,,n.,透镜， 镜片； 镜头,,
leopard,,n.,豹,,
lessen,,v.,减少,,
lest,,conj.,以免,,
lever,,n.,途径，工具，手段,,
levy,,vt.,征收 n. 征税， 税款,,
liability,,n.,责任；债务,,
liable,'laɪəbl,adj.,可能受……影响的；负有责任的,"Without a ticket, you are liable to a fine.",没有票，你可能被罚款。
liberal,'lɪbərəl,adj.,开明的；自由的；慷慨的,She holds liberal views on education.,她对教育持开明观点。
liberation,,n.,解放,,
lieutenant,,n.,陆军中尉； 海军上尉,,
lighter,,n.,打火机，引燃器,,
likelihood,,n.,可能（性）,,
likeness,,n.,同样；类似，相似,,
lily,,n.,百合，百合花,,
limb,,n.,肢；手臂；腿,,
lime,,n.,石灰,,
limestone,,n.,石灰石,,
limitation,,n.,限制， 限度； 局限,,
limp,,v.,蹒跚，跛行 n. 跛行,,
line,,v.,加衬里于,,
linear,,adj.,线的；长度的,,
linen,,n.,日用织品； 亚麻织品， 亚麻布,,
liner,,n.,班船，定期班机,,
linger,,v.,逗留，徘徊,,
linguistic,,adj.,语言的；语言学的,,
linguistics,,n.,语言学,,
lining,,n.,（衣服里的）衬里,,
lipstick,,n.,唇膏，口红,,
literacy,'lɪtərəsi,n.,读写能力；文化水平,The program improves adult literacy.,该项目提高成人读写能力。
literal,,adj.,字面的,,
literally,,adv.,照字义，逐字地,,
literary,,adj.,文学的,,
literature,,n.,文学， 文学作品； 文献， 图书资料,,
litter,,n.,废物；杂乱 v. 乱扔,,
livestock,,n.,家畜,,
lobby,,n.,游说,,
lobbyist,,n.,游说者,,
locality,,n.,位置，地点，发生地,,
location,,n.,定位，测位,,
locomotive,,adj.,运动的；机动,,
locust,,n.,蝗虫,,
lodging,,n.,寄宿，住宿；住所,,
lofty,,adj.,高耸的；崇高的,,
log,,n.,航海日志；飞行日志,,
logical,,adj.,逻辑的， 合乎常理的,,
longevity,,n.,长寿， 寿命,,
longing,,n.,渴望 adj. 显示渴望的,,
longitude,,n.,经线，经度,,
loom,,vi.,阴森地逼近， 隐现； 即将来临 n. 织布机,,
loop,,n.,圈，环，环孔,,
loosely,,adv.,松松地，松散地,,
loosen,,v.,变松,,
loot,,n.,战利品；抢劫；掠夺品 v. 抢劫，洗劫；强夺,,
lottery,,n.,彩票；碰运气的事，难算计的事；抽彩给奖法,,
lounge,,n.,休息室,,
loyal,,adj.,忠诚的， 忠心的,,
loyalty,,n.,忠诚， 忠心,,
lubricate,,v.,使润滑，加润滑油,,
lucrative,,adj.,赚钱的， 获利的， 有利可图的,,
luggage,,n.,行李,,
luminous,,adj.,发光的；夜明的,,
lump,,v.,（使）成团，结块,,
lunar,,adj.,月亮的,,
luncheon,,n.,午宴，午餐，便宴,,
lure,,vt.,吸引，引诱，诱惑 n. 吸引力， 诱惑物； 诱饵， 鱼饵,,
luxurious,,adj.,奢侈的，豪华的,,
luxury,,n.,奢侈； 奢侈品,,
lyric,,adj.,抒情的 n. 抒情诗；歌词,,
lyrical,,adj.,"抒情诗调的, 充满感情的",,
machinery,,n.,机器， 机械,,
magician,,n.,魔法师；变戏法的人,,
magistrate,,n.,地方法官,,
magnet,,n.,有吸引力的人（或物）,,
magnetic,,adj.,磁的； 有吸引力的,,
magnetism,,n.,磁；魅力,,
magnificent,,adj.,壮丽的， 华丽的； 极好的,,
magnify,,v.,放大,,
magnitude,'mæɡnɪtjuːd,n.,巨大；重要性；震级,They did not realize the magnitude of the problem.,他们没有意识到问题的严重性。
maid,,n.,少女；处女,,
maiden,,n.,少女，未婚女子,,
main,,n.,总管道，干线,,
maintain,,vt.,维持； 维修， 保养； 主张； 赡养,,
maintenance,,n.,维修,,
majestic,,adj.,雄伟的，壮丽的,,
majesty,,n.,雄伟，威严，庄严；陛下,,
majority,,n.,大多数,,
makeup,,n.,化妆品；性格；构造；组成,,
malice,,n.,恶意；蓄意犯罪,,
malicious,,adj.,恶毒的,,
malignant,,adj.,恶性的，致命的；恶意的，恶毒的,,
mall,,n.,商场,,
mammal,,n.,哺乳动物,,
management,,n.,管理； 处理； 管理部门， 管理人员,,
mandate,,n.,"(书面)命令,训令 v. 委任统治",,
mandatory,'mændətəri,adj.,强制的；法定的,Vaccination is mandatory for the trip.,旅行必须接种疫苗。
maneuver,,vi.,设法变动位置； 用策略， 耍花招 n. 谨慎而熟练的动作；策略，花招；演习 vt. 设法使变动位置；操纵，控制,,
manifest,'mænɪfest,adj./v.,明显的；显示；表明,The symptoms manifested themselves quickly.,症状很快显现出来。
manifestation,,n.,"显示, 表现",,
manipulate,mə'nɪpjuleɪt,v.,操纵；控制；操作,The ad tries to manipulate consumers.,这则广告试图操纵消费者。
manoeuvre,,v.,演习；谨慎地运用技巧移动， 运动；熟练而巧妙地引导某人,,
mansion,,n.,大厦，大楼；宅第,,
manual,,adj.,手工的；体力的,,
manufacture,,v.,生产，制造,,
manufacturer,,n.,制造商， 制造厂,,
manuscript,,n.,手稿,,
maple,,n.,槭树，枫树,,
mar,,n.,"污点,瑕疵 v. 破坏",,
marble,,n.,大理石； 弹子； 弹子游戏,,
margin,,n.,利润,,
marginal,,adj.,边缘的；记在页边的,,
marine,,adj.,海洋的,,
maritime,,adj.,"海上的, 海事的",,
markedly,,adv.,显著地,,
market,,v.,推销,,
mars,,n.,火星,,
marsh,,n.,沼泽地，湿地,,
marshal,,n.,元帅；陆军元帅,,
martyr,,n.,烈士，殉难者,,
marvel,,n.,奇迹；惊奇 v. 惊奇,,
masculine,,adj.,男性的,,
mask,,n.,面具 v. 掩饰，掩盖,,
mass,,adj.,大量的，大规模的 v. 聚集， 集中 n. 众多，大量；团，块，堆；群众；质量,,
massacre,,n.,大屠杀，残杀,,
massive,,adj.,粗大的；大而重的,,
mast,,n.,桅杆,,
masterpiece,,n.,杰作,,
material,,n.,材料,,
materialism,,n.,唯物主义,,
materialize,,v.,实现,,
maternal,,adj.,"母亲的, 母系的",,
matter,,v.,重要；要紧,,
mature,,v.,使成熟，成熟,,
maturity,,n.,成熟,,
maximum,,adj.,最大的； 最高的； 顶点的 n. 最大量；顶点,,
meadow,,n.,草地,,
measure,,n.,措施,,
measurement,,n.,（量得的）尺寸，大小,,
mechanical,,adj.,机械的， 机械制造的， 机械学的， 力学的； 呆板的,,
mechanics,,n.,力学，机械学,,
mechanism,,n.,机制,,
mediate,'miːdieɪt,v.,调解；斡旋,A counselor mediated between the two sides.,辅导员在双方之间调解。
mediator,,n.,调停者；传递者；中介物,,
medication,,n.,药物治疗； 药物,,
medieval,,adj.,中世纪的； 中古的,,
meditate,,v.,沉思；冥想,,
medium,,adj.,中等的 n. 媒质，媒介物；传导体,,
melancholy,,n.,忧郁的 adj. 忧郁，悲伤,,
melodious,,adj.,旋律优美的， 悦耳的,,
melody,,n.,旋律，曲调；歌曲,,
melt,,v.,融化,,
membership,,n.,成员资格；会员人数,,
memo,,n.,备忘录,,
memorable,,adj.,值得纪念的,,
memorandum,,n.,备忘录,,
memorize,,v.,熟记,,
menace,,n.,威胁 v. （进行）威胁,,
mend,,v.,修理；改正,,
mental,,adj.,心理的， 精神的， 思想上的； 精神病的； 智力的,,
mention,,v.,提及,,
merchandise,,n.,商品，货物,,
merciful,,adj.,仁慈的，宽大的,,
mercury,,n.,汞，水银,,
mere,,adj.,仅仅的， 纯粹的,,
merely,,adv.,仅仅， 只不过,,
merge,,v.,合并,,
merit,,v.,值得 n. 优点,,
mesh,,n.,网眼，筛孔，网络,,
mess,,v.,弄脏，弄乱，搞糟,,
message,,n.,启示，要旨，教训,,
messenger,,n.,送信人， 信使,,
metabolic,,adj.,代谢作用的， 新陈代谢的,,
metabolism,,n.,新陈代谢,,
metallic,,adj.,金属的,,
metallurgy,,n.,冶金学，冶金术,,
metaphor,,n.,隐喻，暗喻,,
meticulous,,adj.,"一丝不苟的, 缜密的",,
metropolitan,,adj.,大都市的,,
microprocessor,,n.,微信息处理机,,
microscopic,,adj.,显微镜的；微观的，极小的,,
microwave,,n.,微波,,
midst,,n.,中部； 中间； 当中,,
mighty,,adj.,强大的；巨大的,,
migrant,,n.,移居者， 移民； 候鸟， 迁移动物,,
migrate,maɪ'ɡreɪt,v.,迁移；移居；迁徙,Birds migrate south in winter.,鸟类冬天迁徙到南方。
migration,,n.,迁徙，移居,,
mild,,adj.,味淡的,,
milestone,,n.,里程碑,,
militant,,adj.,激进的；好斗的 n. 激进分子， 斗士,,
military,,adj.,军事的；军用的 n. 军队， 武装力量,,
milky,,adj.,牛奶的；乳白色的,,
millionaire,,n.,百分富翁，巨富,,
mingle,,vt.,使混合，混合起来,,
miniature,,adj.,微型的,,
minibus,,n.,小型公共汽车,,
minimal,,adj.,最低的，最小限度的,,
minimize,,v.,使减到最小,,
minimum,'mɪnɪməm,n./adj.,最小值；最低的,The minimum age for the job is eighteen.,这份工作的最低年龄是十八岁。
mining,,n.,采矿业,,
minor,,adj.,次要的，小的,,
minority,,n.,少数，少数民族,,
mint,,n.,造币厂；巨额钱财,,
miracle,,n.,奇迹,,
mirror,,n.,反映，借鉴,,
mischief,,n.,调皮，捣蛋，胡闹,,
miser,,n.,守财奴，吝啬鬼,,
misery,,n.,痛苦，悲惨，不幸,,
misfortune,,n.,不幸；灾祸，灾难,,
misinterpret,,v.,误解,,
misled,,v.,(mislead过去式)误导,,
mismanagement,,n.,管理不当,,
mission,,n.,使命， 任务； 使团,,
missionary,,n.,传教士,,
mist,,n.,薄雾 v. 下薄雾,,
mistress,,n.,情妇，情人,,
mitten,,n.,连指手套,,
mixer,,n.,搅拌器,,
moan,,vi.,呻吟，呜咽；抱怨，发牢骚 vt. 抱怨 n. 呻吟声， 呜咽声； 怨声， 牢骚,,
mob,,v.,团团围住（名人等）,,
mobile,,adj.,运动的；流动的；多变的 n. 移动电话,,
mobilise,,vt.,动员,,
mobility,,n.,流动性；活动性,,
mobilize,,v.,动员，动员起来,,
mock,,v.,嘲弄，挖苦,,
moderately,,adv.,适度地，适中,,
modernize,,v.,现代化,,
modest,,adj.,谦虚的； 适中的； 羞怯的,,
modesty,,n.,谦逊；端庄,,
modification,,n.,修改,,
modify,'mɒdɪfaɪ,v.,修改；调整；缓和,We modified the design to cut costs.,我们修改了设计以降低成本。
modulate,,v.,调整，调节（声音）,,
module,,n.,模块；组件,,
moist,,adj.,潮湿的,,
molecular,,adj.,分子的；克分子的,,
molecule,,n.,分子,,
momentary,,adj.,瞬息间的，片刻的,,
momentous,,adj.,"重要的, 重大的",,
momentum,mə'mentəm,n.,势头；动量；冲力,The campaign is gaining momentum.,这场运动势头正盛。
monarch,,n.,君主，最高统治者,,
monarchy,,n.,"君主政体, 君主国",,
monetary,,adj.,货币的,,
monitor,'mɒnɪtə,v./n.,监测；监控；显示器,Doctors monitored the patient all night.,医生整夜监测病人情况。
monk,,n.,和尚，僧侣，修道士,,
monopolize,,v.,垄断,,
monopoly,mə'nɒpəli,n.,垄断；专卖,The company holds a monopoly in the market.,这家公司垄断了市场。
monotonous,,adj.,"单调的,无变化的",,
monotony,,n.,单调， 千篇一律,,
monster,,n.,怪物；畸形的动植物,,
monstrous,,adj.,极大的；可怕的,,
moor,,v.,使停泊；使固定,,
mop,,n.,拖把，墩布；洗碗刷,,
moral,,adj.,道德的，有道德的 n. 品行， 道德规范； 寓意,,
morale,,n.,"士气, 民心",,
morality,,n.,道德，美德，品行,,
moreover,,adv.,而且， 再者， 此外,,
mortal,,adj.,终有一死的；致命的；你死我活的，不共戴天的 n. 凡人， 人类,,
mortality,,n.,死亡率,,
mortgage,,n.,抵押贷款 v. 抵押,,
moslem,,n.,穆斯林 adj. 穆斯林的,,
mosque,,n.,清真寺,,
mosquito,,n.,蚊子,,
moss,,n.,苔藓，地衣,,
motel,,n.,汽车旅馆,,
motivate,,vt.,作为…的动机； 激励， 激发,,
motivation,,n.,动力，积极性,,
motive,,adj.,发动的，运动的,,
motorway,,n.,汽车道，快车路,,
mount,,v.,增加,,
mountainous,,adj.,多山的；山一般的,,
mourn,,v.,哀悼,,
mournful,,adj.,悲哀的；令人惋惜的,,
move,,n.,行动，步骤,,
mow,,v.,割(草),,
muddy,,adj.,泥泞的，沾满烂泥的；灰暗的，暗淡的；模糊的，糊涂的 vt. 使沾上烂泥； 使显得扑朔迷离,,
multiple,,adj.,复合的；多重的，多样的 n. 倍数,,
multiplication,,n.,乘法；增加,,
multiply,,v.,增加， 繁殖； 乘,,
multitude,,n.,大批，大群；大量,,
municipal,,adj.,市政府的,,
murmur,,n.,低沉连续的声音,,
muscular,,adj.,肌肉发达的，强健的,,
muse,,v.,沉思，默想，冥想,,
mustard,,n.,芥子，芥末,,
mute,,n.,弱音器,,
mutter,,,n&v. 轻声低语； 小声抱怨,,
mutual,,adj.,相互的； 共同的,,
mysteriously,,adv.,神秘地,,
mystery,,n.,神秘小说，侦探小说,,
myth,,n.,杜撰出来的人； 神话,,
naive,,adj.,幼稚的； 天真的； 轻信的,,
nap,,n.,小睡,,
napkin,,n.,餐巾（纸）,,
narration,,n.,叙述；故事；叙述法,,
narrative,,n.,叙述文， 故事； 叙述， 讲述,,
narrow,,v.,变窄，缩小,,
nasty,,adj.,令人讨厌的， 令人厌恶的； 难弄的， 困难的； 严重的， 恶劣的， 险恶的； 下流的， 道德败坏的,,
navigate,,v.,航行，驾驶,,
navigation,,n.,航行， 航海， 航空； 导航， 领航,,
necessitate,,vt.,成为必要， 需要,,
necessity,,n.,必须，必要性,,
needle,,n.,指针；针,,
needy,,adj.,贫穷的,,
negative,,adj.,负的；（结果）阴性的,,
neglect,,v.,疏忽；忽视,,
negligence,,n.,疏忽；忽视；粗心大意,,
negligent,,adj.,忽略的； 疏忽的； 粗心大意的,,
negligible,,adj.,微不足道的,,
negotiate,,v.,谈判，交涉，议定,,
negotiation,,n.,协商,,
neighborhood,,n.,附近,,
neighbouring,,adj.,邻近的，接壤的,,
nest,,v.,筑巢，为…筑巢,,
net,,v.,用网捕；用网覆盖,,
network,,n.,网络；广播网,,
neutral,,adj.,中立的， 中性的,,
neutrality,,n.,中立,,
neutron,,n.,中子,,
nice,,adj.,细微的，微妙的,,
nickel,,n.,镍；镍币,,
nickname,,n.,绰号，诨号,,
nightmare,,n.,噩梦,,
nil,,n.,无， 零,,
nitrogen,,n.,氮,,
nominal,,adj.,名义上的， 有名无实的； 很少的， 象征性的； 名词性的,,
nominate,,v.,提名,,
nominee,,n.,被提名者， 被任命者,,
nonetheless,,adv.,尽管如此， 依然， 然而,,
norm,,n.,标准，规范；平均数,,
normalization,,n.,正常化，标准化,,
nose,,n.,突出部分（如船头等）,,
notable,,adj.,值得注意的；著名的,,
notably,,adv.,显著地，尤其,,
notation,,n.,记号， 标记法,,
noted,,adj.,著名的,,
noteworthy,,adj.,显著的， 值得注目的,,
notification,,n.,通知， 告示； 通知书,,
notify,,v.,通知，告知；报告,,
notion,'nəʊʃn,n.,概念；观念；看法,He rejects the notion that money brings happiness.,他否定金钱带来幸福的观点。
notorious,,adj.,臭名昭著的,,
notoriously,,adv.,臭名昭著地,,
notwithstanding,,prep.,尽管，虽然,,
nought,,n.,无，零,,
nourish,,v.,提供养分，养育,,
nourishment,,n.,食物；营养（情况）,,
novel,,adj.,新颖的,,
novelty,,n.,新颖；新奇的事物,,
nucleus,,n.,原子核，细胞核,,
nuisance,,n.,讨厌的人； 麻烦事,,
numb,,v.,使麻木；使发愣；使失去感觉 adj. 麻木的；发愣的,,
number,,v.,共计，达…之数,,
numerical,,adj.,数字的，数值的,,
numerous,,adj.,无数的,,
nun,,n.,修女，尼姑,,
nursery,,n.,苗圃,,
nurture,,,n&vt. 养育， 培育， 滋养,,
nut,,n.,螺帽，螺母,,
nutrition,,n.,营养,,
nutritious,,adj.,有营养的,,
oak,,n.,栎树， 橡树； 栎木， 橡木,,
oar,,n.,桨,,
oath,,n.,誓言，誓约，宣誓,,
obedience,,n.,服从，顺从,,
obedient,,adj.,服从的，顺从的,,
obesity,,n.,肥胖,,
object,,vi.,反对， 不赞成 n. 实物， 物体； 目的， 目标； 对象， 客体； 宾语,,
objection,,n.,反对， 异议； 反对的理由,,
objective,,n.,目标，目的,,
obligation,,n.,义务，职责，责任,,
oblige,,v.,迫使,,
obscene,,adj.,淫秽的， 下流的； 可憎的， 可恶的,,
obscure,əb'skjʊə,adj./v.,模糊的；晦涩的；使模糊,The origin of the custom is obscure.,这一习俗的起源不明。
obscurity,,n.,默默无闻,,
observation,,n.,意见，短评，按语,,
observatory,,adj.,"天文台,气象台",,
observe,,v.,说，评述，评论,,
obsess,,v.,"迷住, 使困扰",,
obsession,,n.,痴迷；困扰；[内科][心理] 强迫观念,,
obstacle,'ɒbstəkl,n.,障碍；妨碍,Fear is the biggest obstacle to progress.,恐惧是进步的最大障碍。
obstinate,,adj.,固执的；顽强的,,
obstruct,,v.,妨碍；阻塞；遮断,,
obstruction,,n.,障碍；阻碍；妨碍,,
obtain,,vi.,通用， 流行； 存在 vt. 获得,,
occasional,,adj.,偶尔的， 间或发生的,,
occupation,,n.,职业,,
occupy,,vt.,占领； 占； 占有,,
occur,,v.,发生,,
occurrence,,n.,发生的事,,
odds,,n.,可能性,,
odor,,n.,气味,,
offence,,n.,犯罪，犯规；冒犯,,
offense,,n.,冒犯,,
offensive,,adj.,冒犯的；进攻的,,
offer,,v.,出现,,
offset,,v.,抵销,,
offspring,,n.,儿女，子孙，后代,,
ohm,,n.,欧姆,,
olive,,n.,橄榄；橄榄树,,
ongoing,,adj.,持续的，不间断的,,
onset,,n.,开始；攻击,,
opaque,,adj.,不透明的,,
operation,,n.,运算,,
opium,,n.,鸦片；麻醉剂,,
opponent,,n.,反对者,,
oppose,,v.,反对,,
opposition,,n.,反对,,
oppress,,vt.,压迫， 压制； 使沉重， 使烦恼,,
oppressive,,adj.,压迫的， 压制的； 令人焦虑的,,
optic,,adj.,眼的；视觉的；光学上的 n. 光学仪器,,
optical,,adj.,光的；光学的,,
optimal,,adj.,最理想的,,
optimism,,n.,乐观,,
optimistic,ˌɒptɪ'mɪstɪk,adj.,乐观的,She remains optimistic about the future.,她对未来保持乐观。
optimum,,adj.,最优的，最适宜的,,
option,,n.,选择，取舍,,
orbit,,n.,轨道,,
orchard,,n.,果园,,
orchestra,,n.,管弦乐队,,
ordeal,,n.,折磨； 严峻考验,,
ordinarily,,adv.,通常，大概,,
ore,,n.,矿， 矿石,,
organic,,adj.,有机的,,
orient,,v.,使确定方向；使适应,,
oriental,,adj.,东方的； 东方人的； 东方文化的,,
orientation,ˌɔːriən'teɪʃn,n.,方向；定位；迎新活动,New students attended an orientation session.,新生参加了入学说明会。
origin,,n.,起源， 起因； 出身， 血统,,
original,,adj.,最初的；新颖的；原版的 n. 原件， 原作,,
originate,,v.,发源；首创,,
ornament,,n.,装饰物,,
ornamental,,adj.,装饰的,,
orthodox,,adj.,传统的； 正统的， 正宗的,,
otherwise,,adv.,另外；在其他方面,,
ought,,v.,早应该，本应,,
outbreak,,n.,（战争、愤怒等）爆发,,
outcome,,n.,结果,,
outcry,,n.,大声疾呼， 呐喊； 强烈抗议,,
outdated,,adj.,过时的,,
outermost,,adj.,最外面的，最远的,,
outfit,,n.,全套服装； 一组人； 全套装备， 全套工具,,
outlaw,,n.,逃犯，歹徒,,
outlet,,n.,发泄（感情等）的方法,,
outline,,v.,概述，概括,,
outlive,,v.,比……活的时间长,,
outnumber,,v.,超过,,
outperform,,v.,胜过,,
output,,n.,产量；输出，输出功率 vt. 输出,,
outrage,,n.,义愤，愤慨；暴行，骇人听闻的事件 vt. 激起…的义愤， 激怒,,
outrageous,,adj.,残暴的； 骇人的； 反常的， 过度的,,
outset,,n.,开始， 开端,,
outside,,prep.,在…外，向…外,,
outsource,,v.,外包,,
outward,,adv.,向外地 adj. 外面的，外表的,,
outweigh,,v.,超过,,
oval,,adj.,卵形的 n. 卵形,,
over,,prep.,在（做）…时,,
overall,ˌəʊvər'ɔːl,adj./adv.,总体的；全面的；总体上,The overall quality is excellent.,总体质量非常好。
overcharge,,v.,多收钱,,
overcome,,vt.,战胜， 克服； 压倒， 使受不了,,
overestimate,,v.,高估,,
overexcited,,adj.,过于激烈的,,
overflow,,v.,从…中溢出,,
overhang,,v.,悬于…之上，悬垂,,
overhaul,,n.,彻底检修；改革A vt. 彻底检修；赶上， 超过,,
overhead,,adv.,在头顶上 adj. 在头顶上的；架空的 n. 经常费用， 管理费用,,
overhear,,v.,偶然听到；偷听,,
overlap,,v.,重叠,,
overload,,v.,使超载,,
overlook,,v.,眺望；看漏；宽容,,
overpass,,n.,天桥， 立交桥,,
override,,v.,不顾，否决,,
overseas,,adv.,在海外，（向）国外,,
overstate,,v.,夸张,,
overt,,adj.,公开的， 不隐蔽的,,
overtake,,v.,突然发生；压倒,,
overthrow,,v.,推翻 n. 推翻，瓦解,,
overturn,,v.,推翻,,
overwhelm,,v.,压倒，战胜,,
overwhelming,,adj.,压倒性的,,
owe,,v.,欠钱,,
owl,,n.,猫头鹰,,
oxide,,n.,氧化物,,
oxidize,,v.,氧化，使生锈,,
oxygen,,n.,氧， 氧气,,
oyster,,n.,牡蛎,,
ozone,,n.,臭氧,,
pace,,v.,踱步,,
pacific,,adj.,性情温和的,,
package,,n.,包裹，包装；一揽子交易 vt. 把…打包； 包装,,
pact,,n.,契约， 协定， 条约,,
pal,,n.,好朋友；同谋,,
pamphlet,,n.,小册子,,
panel,,n.,（选定的）专门小组,,
panic,,n.,惊慌,,
panorama,,n.,全景；全景画,,
pant,,v.,气喘,,
panther,,n.,豹，黑豹；美洲狮,,
pantry,,n.,食品柜，餐具室,,
pants,,n.,裤子；男用短衬裤,,
paper,,v.,贴壁纸,,
paperback,,n.,平装本， 简装本,,
parachute,,n.,降落伞,,
parade,,v.,夸耀（才能等）,,
paradigm,,n.,典范; 范例; 示例,,
paradise,,n.,天堂,,
paradox,'pærədɒks,n.,悖论；自相矛盾的事,It is a paradox that more choice can mean less freedom.,更多选择可能意味着更少自由，这是个悖论。
paragraph,,n.,（文章的）段，段落,,
parallel,,adj.,并列的，平行的；类似的；对应的；并联的 n. 可相比拟的事物，相似处；平行线，平行面；纬线 vt. 与…相似， 与… 相当， 比得上,,
paralyse,,v.,使麻痹，使瘫痪,,
paralysis,,n.,麻痹， 瘫痪， 中风； 无能， 无力,,
paralyze,,v.,瘫痪，麻痹,,
parameter,,n.,参（变）数；参量,,
parasite,,n.,寄生生物； 寄生虫,,
parish,,n.,教区,,
parrot,,n.,鹦鹉,,
partial,,adj.,部分的； 不公平的； 偏爱的， 偏袒的,,
participant,,n.,参加者,,
participate,pɑː'tɪsɪpeɪt,v.,参加；参与,Students actively participate in class.,学生积极参与课堂。
particle,,n.,粒子，微粒,,
particular,,adj.,特称的；苛求的,,
partition,,n.,分开，分割；隔墙,,
passerby,,n.,过路人， 行人 A <,,
passion,,n.,激情， 热情； 酷爱,,
passive,,adj.,被动的， 消极的,,
passport,,n.,达到目的的手段,,
pastime,,n.,消遣， 娱乐,,
pastry,,n.,油酥面团， 酥皮糕点,,
pasture,,n.,牧场,,
patent,,adj.,专利的 n. 专利,,
paternity,,n.,父权， 父子关系,,
pathetic,,adj.,哀婉动人的；可怜的,,
patriot,,n.,爱国者，爱国主义者,,
patriotic,,adj.,爱国的,,
patriotism,,n.,爱国主义；爱国心，爱国精神,,
patrol,,n.,巡逻，巡查,,
patron,,n.,庇护人；赞助人,,
patronage,,n.,赞助；光顾(买东西),,
patronize,,v.,以高人一等的态度对待； 光顾； 赞助， 资助,,
pattern,,n.,模式,,
pause,,n.,暂停，迟疑,,
pave,,v.,铺路,,
payroll,,n.,工资总额,,
peacock,,n.,孔雀,,
peak,,n.,（物体的）尖端,,
pearl,,n.,珍珠； 珠状物； 珍品,,
peck,,v.,啄，啄起,,
peculiar,,adj.,奇怪的；特有的,,
peculiarity,,n.,特性，独特性；怪癖,,
pedal,,n.,（自行车的）踏脚，踏板，脚蹬；（汽车或机器的）踏板,,
peddle,,v.,叫卖；兜售；散播 n. (Peddle)人名；(英)佩德尔,,
pedestrian,,n.,行人，步行者,,
pedlar,,n.,（挨户兜售的）小贩,,
peel,,n.,果皮，蔬菜皮,,
peep,,n.,偷看；隐约看见，瞥见 v. 窥视；慢慢露出，出现；吱吱叫,,
peer,,n.,同龄人,,
peg,,n.,小钉，栓，挂物钉；桩 vt. 用钉子钉， 用钉固定； 限定； 将…看成， 将…归入,,
penalty,,n.,惩罚,,
pendulum,,n.,（钟等的）摆,,
penetration,,n.,穿入；渗透,,
penguin,,n.,企鹅,,
peninsula,,n.,半岛,,
pension,,n.,养老金,,
perceive,pə'siːv,v.,感知；察觉；认为,We perceive the world through our senses.,我们通过感官感知世界。
perception,,n.,看法；意识,,
perch,,n.,（禽鸟的）栖木,,
perfect,,v.,使熟练，使改善,,
perfection,,n.,尽善尽美；无比精确,,
performance,,n.,演出； 履行， 执行， 完成； 工作情况， 表现， 工作性能,,
perfume,,n.,香水，香料，香气 vt. 使充满芳香； 洒香水于,,
peril,,n.,危机；危险的事物,,
perimeter,,n.,周（边）；周长,,
periodic,,adj.,周期的；一定时期的,,
periodical,,n.,期刊，杂志,,
peripheral,,adj.,外围的的；末梢的,,
perish,,v.,死亡,,
permanent,,adj.,永久的,,
permeate,,v.,渗透,,
permissible,,adj.,可允许的， 许可的,,
perpendicular,,adj.,垂直的,,
perpetual,,adj.,永久的,,
perpetuate,,v.,"使永存, 使不朽",,
perplex,,v.,迷惑，困惑，难住,,
persecute,,v.,迫害，残害,,
persecution,,n.,迫害；烦扰,,
persevere,,v.,坚持，不屈不挠,,
persist,,v.,持续，存留,,
persistence,,n.,坚持；持续，存留,,
persistent,pə'sɪstənt,adj.,坚持不懈的；持续的,Her persistent efforts finally paid off.,她坚持不懈的努力终于有了回报。
personality,,n.,人格，个性；名人,,
personnel,,n.,人事部门,,
perspective,pə'spektɪv,n.,视角；观点；透视,Try to see the problem from another perspective.,试着从另一个角度看问题。
persuasion,,n.,劝说，说服,,
pertinent,,adj.,恰当的；有关的,,
pessimist,,n.,悲观主义者,,
pessimistic,,adj.,悲观的,,
pest,,n.,害虫,,
pesticide,,n.,杀虫剂， 农药,,
petition,,n.,请愿 v. 向…请愿,,
petrochemical,,adj.,石化的 n. 石化产品,,
petty,,adj.,细小的；器量小的,,
pharmacy,,n.,药房；配药学，药剂学；制药业；一批备用药品,,
phase,,n.,阶段； 方面； 相， 相位,,
phenomenon,fə'nɒmɪnən,n.,现象,The phenomenon is common in big cities.,这种现象在大城市很常见。
philosopher,,n.,哲学家,,
philosophy,,n.,哲学,,
photoelectric,,adj.,光电的,,
photography,,n.,摄影术,,
physically,,adv.,身体上；体格上,,
physiological,,adj.,生理的， 生理学的,,
pickle,,n.,腌制食品，泡菜,,
pier,,n.,码头；（桥）墩,,
pierce,,v.,刺穿,,
pilgrim,,n.,香客，朝圣者,,
pineapple,,n.,凤梨，波萝,,
pious,,adj.,虔诚的；虔奉宗教的,,
pipe,,n.,管乐器,,
pirate,,n.,海盗,,
pistol,,n.,手枪,,
piston,,n.,活塞,,
pitch,,n.,沥青,,
plague,,n.,瘟疫；鼠疫（尤指腺鼠疫）,,
plain,,adj.,坦白的；普通的,,
plaintiff,,n.,原告,,
planet,,n.,行星,,
planetary,,n.,行星的,,
plaster,,n.,灰浆，灰泥；石膏；橡皮膏，膏药 vt. 在…上抹灰泥， 厚厚地涂抹,,
plastic,,adj.,塑料的；塑性的,,
plateau,,n.,高原；平稳时期,,
platform,,n.,政纲，党纲，宣言,,
plausible,'plɔːzəbl,adj.,貌似合理的；似乎可信的,His explanation sounds plausible.,他的解释听起来似乎合理。
plaza,,n.,广场，集市,,
plea,,n.,请愿，请求，恳求,,
plead,,v.,为…辩护，抗辩,,
pledge,pledʒ,v./n.,保证；誓言；承诺,They pledged to protect the forest.,他们承诺保护森林。
plight,,n.,困境；境况；誓约 v. 保证；约定,,
plot,,n.,情节,,
plough,,n.,犁,,
pluck,,v.,鼓起（勇气），振作,,
plumber,,n.,水管工；堵漏人员,,
plump,,adj.,丰满的,,
plunder,,v.,掠夺，劫掠 n. 掠夺，抢劫,,
plunge,,,n&v. 纵身投入， 猛冲， 猛跌,,
pneumatic,,adj.,空气的；气动的,,
poetry,,n.,诗歌,,
poise,,n.,平衡；姿势；镇静 v. 使平衡；保持姿势,,
poisonous,,adj.,有毒的； 恶毒的,,
poke,,v.,戳，刺；伸（头等）,,
polar,,adj.,极地的,,
polarity,,n.,（人、意见或观念的）截然相反，截然对立；极性,,
pole,,n.,杆； 极， 磁极， 电极,,
polish,,vt.,磨光；修改，润色，使优美 n. 擦光剂,,
politics,,n.,政纲，政见，策略,,
poll,,n.,民意测验,,
pollutant,,n.,污染物质,,
polymer,,n.,聚合物，多聚物,,
polytechnic,,adj.,各种工艺的；综合技术的 n. 工艺学校；理工专科学校,,
ponder,,v.,仔细考虑,,
pop,,v.,（意外地）出现,,
pope,,n.,（罗马天主教的）教皇,,
popularity,,n.,通俗性；普及，流行,,
porcelain,,n.,瓷 adj. 瓷的，瓷制的,,
porch,,n.,门廊,,
pore,,n.,毛孔，气孔，细孔,,
portable,,adj.,可移动的,,
portfolio,,n.,公文包；文件夹； 作品集；投资组合,,
portion,'pɔːʃn,n.,部分；一份,A large portion of the budget went to education.,预算的很大一部分用于教育。
portrait,,n.,肖像，画像,,
portray,,v.,描述,,
portrayal,,n.,"描画, 描写",,
pose,,v.,形成,,
position,,v.,安放 n. 位置；职位,,
positive,,adj.,正的，阳性的；正的，正极的，阳性的；正的，正数的,,
positively,,adv.,确定的，断然,,
possess,,vt.,占用， 拥有,,
possession,,n.,拥有,,
possibility,,n.,可能的事,,
postal,,adj.,邮政的，邮局的,,
postdoctoral,,adj.,博士后的,,
postulate,,v.,假定，假设,,
posture,,vi.,摆出姿势， 装模作样 n. 姿势，姿态；看法，态度,,
potent,,adj.,"强有力的,有效的",,
potential,,adj.,潜在的 n. 潜力,,
potentially,,adv.,潜在地,,
pottery,,n.,陶器,,
poultry,,n.,家禽,,
poverty,,n.,贫穷， 贫困,,
practicable,,adj.,能实行的；适用的,,
practical,,adj.,实践的；实用的,,
practice,,n.,做法,,
practitioner,,n.,开业者，从业者，执业医生,,
pragmatic,,adj.,务实的，讲求实际的,,
prairie,,n.,大草原，牧场,,
preach,,v.,说教，布道；鼓吹,,
precede,prɪ'siːd,v.,先于；在……之前,A brief speech preceded the show.,演出前有一段简短致辞。
precedent,,n.,先例,,
preceding,,adj.,在前的；在先的,,
precious,,adj.,珍贵的， 宝贵的,,
precipitate,,v.,使突然发生； 猛然抛下； 使沉淀,,
precise,prɪ'saɪs,adj.,精确的；准确的,Please give precise figures.,请给出准确数字。
precision,,n.,精确性,,
preclude,,vt.,排除； 阻止， 妨碍,,
predator,,n.,"掠夺者,食肉动物",,
predatory,,adj.,"掠夺的,捕食生物的",,
predecessor,,n.,前辈，前任者,,
predestine,,vt.,预先确定； 注定,,
predict,,v.,预测,,
prediction,,n.,预言，预告；预报,,
predominance,,n.,优势,,
predominant,prɪ'dɒmɪnənt,adj.,主要的；占主导地位的,English is the predominant language here.,英语在这里占主导地位。
predominantly,,adv.,占主导地位地,,
predominate,,v.,"占优势, 支配",,
preferable,,adj.,更可取的， 更好的， 更合意的,,
preference,,n.,偏爱,,
pregnancy,,n.,怀孕,,
pregnant,,adj.,怀孕的；意义深长的；意义深长的,,
preindustrial,,adj.,工业化以前的,,
prejudice,,n.,偏见,,
preliminary,prɪ'lɪmɪnəri,adj.,初步的；预备的,The preliminary results are encouraging.,初步结果令人鼓舞。
premature,,adj.,比预期时间早的； 不成熟的， 仓促的,,
prematurely,,adv.,早熟地，过早地,,
premier,,adj.,首要的， 首位的， 首次的 n. 总理，首相,,
premise,,n.,房屋和地基， 经营场址； 前提， 假设,,
premium,,n.,〔尤指每年缴付的〕保险费,,
preoccupy,,v.,迷住；使全神贯注,,
preparatory,,adj.,预备的,,
prerequisite,,n.,先决条件,,
prescient,,adj.,预知的， 预见的,,
prescribe,,v.,开处方,,
prescription,,n.,药方，处方；处方药,,
present,,v.,呈现，给予,,
presentation,,n.,展示；讲话,,
preservation,,n.,保存，储藏；保持,,
preserve,,v.,保存，保护,,
preset,,v.,预先装置,,
preside,,v.,主持；主奏,,
presidency,,n.,总统任期,,
press,,n.,出版社；印刷所；印刷机,,
pressure,,n.,大气压力,,
prestige,,n.,名声，声望,,
prestigious,,adj.,享有声望的,,
presumably,,adv.,推测起来，大概,,
presume,prɪ'zjuːm,v.,假定；推测,I presume you have heard the news.,我猜你已经听说这个消息了。
presumption,,n.,放肆，傲慢；推测,,
pretext,,n.,借口， 托辞,,
prevail,prɪ'veɪl,v.,盛行；占上风；获胜,Justice will prevail in the end.,正义终将获胜。
prevailing,,adj.,流行的,,
prevalence,,n.,流行，普遍,,
prevalent,,adj.,流行的；盛行的,,
prevention,,n.,预防，阻止，妨碍,,
preview,,n.,预映， 预演； 预告,,
previous,,adj.,之前的,,
prey,,n.,猎物 v. 捕获,,
priceless,,adj.,无价的，难以用价格衡量的,,
prick,,v.,刺（穿） n. 刺痛,,
priest,,n.,神父， 牧师,,
primarily,,adv.,首先， 主要地,,
primary,,adj.,首要的， 主要的； 基本的； 最初的， 初级的,,
prime,,adj.,首要的；最好的 n. 青春；全盛时期 vt. 使准备好,,
primitive,,adj.,原始的；简单的,,
principal,,adj.,最重要的，主要的 n. 负责人， 校长； 资本， 本金； 主要演员， 主角,,
principally,,adv.,主要，大抵,,
principle,,n.,道德原则；原则,,
printer,,n.,印刷工；印花工,,
prior,,adj.,先前的；优先的,,
prioritize,,v.,优先,,
priority,praɪ'ɒrəti,n.,优先事项；优先权,Health should be your top priority.,健康应是你最优先考虑的事。
prism,,n.,棱镜；棱柱（体）,,
privacy,,n.,个人自由； 隐私， 私生活， 私事,,
private,,adj.,私人的,,
privilege,,n.,特权,,
privileged,,adj.,有特权的,,
probability,,n.,可能性， 可能发生的事； 概率,,
probe,prəʊb,v./n.,探查；调查；探针,Scientists probed the ocean depths.,科学家探查了海洋深处。
procedure,,n.,程序,,
proceeding,,n.,程序，行动，事项,,
process,,n.,过程；制作方法；程序 vt. 加工， 办理,,
processing,,n.,处理,,
proclaim,prə'kleɪm,v.,宣告；声明,The country proclaimed its independence.,该国宣布独立。
producer,,n.,生产者；舞台监督,,
productive,,adj.,生产的；出产…的,,
productivity,,n.,生产力,,
profess,,vt.,表示， 承认； 宣称信仰,,
profession,,n.,职业； 公开表示,,
professional,,adj.,职业的，专业的，专门的 n. 自由职业者， 专业人员,,
proficiency,prə'fɪʃnsi,n.,熟练；精通,The test measures proficiency in English.,这项考试测试英语熟练程度。
proficient,,adj.,熟练的，精通的,,
profile,,n.,侧面；人物简介；轮廓，形象；姿态，引人注目的状态 vt. 为…描绘； 写…的传略,,
profitable,,adj.,有利可图的，有利益的,,
profound,prə'faʊnd,adj.,深刻的；深远的,The book had a profound influence on me.,这本书对我影响深远。
program,,v.,计划，安排,,
progressive,,adj.,前进的； 渐进的； 进行式的,,
prohibit,,vt.,禁止， 不准,,
prohibition,,n.,禁止；禁令，禁律,,
project,,v.,伸出； 投射； 放映 n. 方案， 计划； 课题， 项目； 工程,,
projector,,n.,投影仪；探照灯,,
prolong,,v.,延长,,
prolonged,,adj.,长时间的,,
prominent,'prɒmɪnənt,adj.,突出的；杰出的；显著的,She is a prominent scientist.,她是杰出的科学家。
promising,,adj.,有希望的， 有前途的,,
promote,,v.,促进,,
promotion,,n.,促销,,
prompt,,v.,促使,,
promptly,,adv.,敏捷地，迅速地,,
prone,prəʊn,adj.,易于……的；倾向于,He is prone to making careless mistakes.,他容易犯粗心的错误。
pronoun,,n.,代词,,
proof,,adj.,耐…的， 能防…的 n. 证据，证明；校样，样张,,
proofread,,v.,校对， 校正,,
propaganda,,n.,宣传,,
propagate,,v.,传播，普及；繁殖,,
propagation,,n.,繁殖；传播；蔓延,,
propel,,v.,推进，推动,,
propeller,,n.,螺旋桨，推进器,,
proper,,adj.,合乎体统的，正派的,,
property,,n.,财产,,
prophecy,,n.,预言；预言能力,,
prophet,,n.,预言家，先知,,
proportion,prə'pɔːʃn,n.,比例；部分,A large proportion of students walk to school.,很大比例的学生步行上学。
propose,,v.,提出,,
proposition,,n.,提议，主题,,
propulsion,,n.,推进，推进力,,
prose,,n.,散文,,
prosecute,,vi.,起诉， 告发 vt. 对…提起公诉，告发，检举；继续从事,,
prospect,'prɒspekt,n.,前景；可能性,The job offers good career prospects.,这份工作职业前景很好。
prospective,,adj.,预期的；未来的,,
prosper,,v.,繁荣,,
prosperity,prɒ'sperəti,n.,繁荣；兴旺,Peace brings prosperity to the nation.,和平给国家带来繁荣。
prosperous,,adj.,繁荣的， 兴旺的,,
protein,,n.,蛋白质,,
protest,,v.,['prəutest] n. 抗议， 反对,,
protocol,,n.,礼仪， 礼节； 草案， 议定书,,
proton,,n.,质子，氕核,,
prototype,,n.,原型；典型，范例,,
proverb,,n.,谚语，格言，箴言,,
provided,,conj.,假如， 若是,,
province,,n.,领域，范围，职权,,
provision,,n.,规定，条款，条项,,
provocative,,adj.,挑衅的， 煽动的， 刺激的； 挑逗的,,
provoke,prə'vəʊk,v.,激怒；激起；引发,The decision provoked strong criticism.,这个决定引发了强烈批评。
proximately,,adv.,近似，接近,,
proximity,,n.,接近， 邻近,,
prudent,,adj.,谨慎的；精明的,,
prune,,vt.,修剪， 修整； 删除， 削减,,
psychiatrist,,n.,精神科医生， 精神病专家,,
psychiatry,,n.,精神病学；精神病治疗法,,
psychological,,adj.,心理的,,
psychology,,n.,心理学；心理,,
publicity,,n.,宣传,,
publicize,,v.,宣传,,
pudding,,n.,布丁,,
puff,,v.,喘气；喷（烟等）,,
pulley,,n.,滑轮，滑车，皮带轮,,
pumpkin,,n.,南瓜,,
punch,,v.,打孔 n. 冲压机,,
puppy,,n.,小狗；幼小的动物,,
purchase,,n.,购买,,
purify,,v.,提纯，精炼（金属）,,
purity,,n.,纯净， 纯洁， 纯正,,
pursue,,v.,追求,,
pursuit,,n.,追求,,
puzzle,,v.,迷惑,,
puzzling,,adj.,迷惑的，困扰的,,
pyjamas,,n.,（宽大的）睡衣裤,,
pyramid,,n.,金字塔,,
qualification,,n.,资格,,
qualify,,v.,使有资格,,
qualitative,,adj.,质的；定性的,,
quantifiable,,adj.,可量化的,,
quantify,,v.,确定…的数量,,
quantitative,,adj.,量的；定量的,,
quantity,,n.,数量,,
quart,,n.,夸脱,,
quarterly,,,adj&adv. 季度的（地）,,
quartz,,n.,石英,,
queer,,adj.,奇怪的， 异常的； 不舒服的， 眩晕的,,
quench,,v.,熄灭，扑灭；压制,,
query,,,"n&v. 质问,疑问",,
quest,kwest,n.,追求；探索,He is on a quest for knowledge.,他在求知路上不断探索。
question,,v.,问，询问，讯问,,
questionable,,adj.,可疑的，不可靠的,,
questionnaire,,n.,调查表，征求意见表,,
quicken,,v.,加快,,
quiver,,v.,（轻微地）颤动,,
quota,,n.,配额,,
quote,kwəʊt,v./n.,引用；报价；引文,She quoted a line from the poem.,她引用了诗中的一行。
racial,,adj.,种族的， 人种的,,
racket,,n.,喧嚷， 吵闹； 敲诈， 勒索， 诈骗； 球拍,,
radial,,adj.,放射状的,,
radiant,,adj.,容光焕发的；灿烂的,,
radiate,,v.,发出， 辐射； 流露， 显示,,
radiation,,n.,辐射；辐射能,,
radiator,,n.,暖气片；散热器,,
radical,,adj.,基本的；激进的,,
radioactive,,adj.,放射性的， 有辐射能的,,
radioactivity,,n.,放射能,,
radius,,n.,半径距离，半径范围,,
raise,,v.,提出，发起，发出,,
raisin,,n.,葡萄干,,
rally,,n.,集会,,
ramble,,v.,闲逛，漫步；漫谈，闲聊,,
ranch,,n.,（北美洲的）大牧场,,
random,,n.,随机 adj. 随机的,,
randomly,,adv.,随机地,,
range,,v.,排列,,
rank,,v.,排列；分级,,
rap,,n.,轻敲击声 v. 敲击,,
rape,,n.,强奸,,
rapidity,,n.,快，迅速；陡，险峻,,
rapture,,n.,狂喜，欢天喜地,,
rare,,adj.,罕见的，稀少的,,
rarely,,adv.,不常， 难得,,
rascal,,n.,流氓，恶棍，无赖,,
rash,,adj.,轻率的；鲁莽的,,
rate,,n.,费用,,
ratification,,n.,批准；承认，认可,,
ratify,,v.,"批准, 认可",,
rating,,n.,等级， 品级， 评定结果； 收视率， 收听率,,
ration,,n.,"定额, 定量",,
rational,'ræʃnəl,adj.,理性的；合理的,Try to make a rational decision.,试着做出理性决定。
rattle,,v.,发出格格声,,
reaction,,n.,反应， 反作用,,
reactor,,n.,反应堆,,
readily,,adv.,乐意地， 欣然地； 容易地； 很快地， 立即,,
readjust,,v.,重新调整，再调整,,
ready,,adj.,乐意的，愿意的,,
reaffirm,,vt.,重申； 再确认,,
realistic,,adj.,现实的；现实主义的,,
realization,,n.,（理想等的）实现,,
realm,,n.,领域，方面,,
reap,,v.,收割，收获,,
rear,,v.,饲养，培植；抚养,,
reason,,v.,论证，推断,,
reassess,,vt.,再评价,,
reassure,,vt.,使放心,,
rebel,rɪ'bel,v./n.,反抗；叛逆者,The workers rebelled against the cuts.,工人反抗削减。
rebellion,,n.,叛逆,,
rebuke,,v.,指责，非难，斥责,,
recall,,v.,回忆起，想起,,
recede,,vi.,退， 退去， 渐渐远去； 向后倾斜， 缩进,,
receipt,,n.,发票,,
receiver,,n.,接待者；收受者,,
reception,,n.,接待,,
receptionist,,n.,接待员,,
recession,,n.,衰退， 衰退期,,
recipe,,n.,食谱；秘诀,,
recipient,,n.,接受者， 接收者,,
reciprocal,,adj.,相互的；互利的,,
recite,,v.,背诵， 朗诵； 列举， 一一说出,,
reckless,,adj.,鲁莽的,,
reckon,,v.,认为，评价,,
reclaim,,v.,开垦，开拓；回收,,
recognition,,n.,认出，识别,,
recognize,,vt.,认出， 识别； 承认， 确认， 认可； 赏识， 表彰， 报偿,,
recommend,,v.,推荐,,
recommendation,,n.,推荐，介绍；建议,,
reconcile,'rekənsaɪl,v.,调和；和解；使一致,It is hard to reconcile work and family.,很难兼顾工作与家庭。
reconciliation,,n.,和解， 调和,,
recover,,v.,重新获得， 挽回； 恢复,,
recovery,,n.,恢复， 痊愈； 追回， 寻回， 收复,,
recreation,,n.,消遣，娱乐活动,,
recruit,,v.,招聘,,
recruiter,,n.,招聘者,,
rectangle,,n.,矩形，长方形,,
rectangular,,adj.,长方形的， 矩形的,,
rectify,,v.,纠正；调整,,
recur,,vi.,再发生， 重现,,
recurrence,,n.,再次发生,,
recyclable,,adj.,可回收利用的,,
recycle,,vt.,回收利用,,
redefine,,v.,重新定义,,
redundant,,adj.,失业的，被解雇的；过剩的,,
reed,,n.,芦笛，牧笛,,
reef,,n.,礁，礁石，暗礁,,
reel,,v.,卷，绕,,
referee,,n.,（足球等）裁判员,,
reference,,n.,参考文献；参照物,,
refine,,v.,提炼；改进，完善,,
refinery,,n.,精炼厂，提炼厂,,
reflect,,v.,反映；反射；思考,,
reflective,,adj.,反映的，反射的；深思熟虑的,,
reform,,,n&v. 改革， 改良， 改造； 改正， 改过自新,,
refrain,,v.,抑制，避免,,
refresh,,v.,振作精神， 恢复活力,,
refreshing,,adj.,新鲜的,,
refreshment,,n.,（精力的）恢复，爽快,,
refuge,,n.,庇护所， 避难处； 庇护,,
refugee,,n.,难民，流亡者,,
refund,,n.,退款 vt. 退还,,
refusal,,n.,拒绝,,
refute,,vt.,驳斥， 驳倒,,
regain,,v.,重新获得,,
regarding,,prep.,关于,,
regardless,,adv.,不管，不顾,,
regenerate,,vi.,新生， 再生， 起革新作用 vt. 使新生，重建，改革，革新,,
regenerative,,adj.,回授的；再生的,,
regime,,n.,制度，管理体制,,
regiment,,n.,团，军团；一大群,,
region,,n.,地区， 地带， 区域； 范围， 幅度,,
register,,v.,登记， 注册； 指示， 自动记下； 表示， 表达； 注意到， 记住； 把挂号 n. 登记，注册；登记表，注册簿,,
registration,,n.,注册，登记,,
regularity,,n.,规则性；整齐，端正,,
regulate,,v.,调整，调节，校准,,
regulation,,n.,规则；管理,,
rehabilitate,,v.,"修复, 改造",,
rehabilitation,,n.,复原,,
rehearsal,,n.,排练， 排演,,
rehearse,,v.,排练；预演,,
reign,,n.,（某君主的）统治时期,,
reimbursement,,n.,返还费用,,
rein,,n.,缰绳 vt. 勒缰使停步； 控制， 约束,,
reinforce,ˌriːɪn'fɔːs,v.,加强；强化,The bridge was reinforced with steel.,桥梁用钢材加固。
reject,,v.,舍弃，抛弃；排斥,,
rejection,,n.,拒绝,,
rejoice,,vi.,感到高兴， 充满喜悦,,
relative,,adj.,有关系的，相对的 n. 亲属， 亲戚,,
relay,,v.,接替，转播,,
release,,v.,释放；发布,,
relegate,,vt.,使降位， 使降级； 把…委托给,,
relevant,,adj.,相关的,,
reliable,rɪ'laɪəbl,adj.,可靠的；可信赖的,He is a reliable friend.,他是可靠的朋友。
reliance,,n.,依靠， 依赖,,
relic,,n.,"遗物, 废墟",,
relief,,n.,轻松， 宽慰； 缓解， 减轻， 解除； 使得到调剂； 接替， 替下,,
relieve,,v.,减轻，缓解,,
relieved,,adj.,轻松的，缓解的,,
religion,,n.,宗教,,
religious,,adj.,宗教的； 笃信宗教的， 虔诚的,,
relish,,vt.,享受，从…中获得乐趣 n. 享受， 滋味， 乐趣； 调味品,,
reluctance,,n.,勉强，不情愿,,
reluctant,rɪ'lʌktənt,adj.,不情愿的；勉强的,She was reluctant to leave home.,她不愿离开家。
rely,,vi.,依靠， 依赖； 信赖， 指望,,
remain,,vi.,剩下，余留，保持；仍然是 n. 残余； 残骸； 遗迹,,
remainder,,n.,剩余（物）；余数,,
remarkable,,adj.,显著的，杰出的,,
remedy,,n.,补救办法，纠正办法；药品，治疗法 vt. 补救， 纠正； 医治， 治疗,,
reminiscent,,adj.,怀旧的，回忆往事的；耽于回想的 n. 回忆录作者；回忆者,,
remnant,,n.,残留部分,,
remote,,adj.,遥远的， 偏僻的； 关系疏远的； 脱离的； 绝少的； 微乎其微的； 孤高的， 冷淡的,,
remove,,v.,消除，移除；更新,,
renaissance,,n.,文艺复兴， 文艺复兴时期； 复兴， 再生,,
render,'rendə,v.,使成为；提供；表达,The illness rendered him unable to work.,疾病使他无法工作。
renewable,,adj.,可再生的,,
renown,,n.,名望， 声誉,,
renowned,,adj.,"有名的, 有声誉的",,
repay,,v.,偿还；报答,,
repeal,,v.,撤销,,
repel,rɪ'pel,v.,击退；抵制；使厌恶,The army repelled the attack.,军队击退了进攻。
repertoire,,n.,全部节目,,
repetitive,,adj.,重复的， 反复性的,,
replace,,v.,把...放回原处,,
replacement,,n.,代替,,
report,,n.,传说，议论,,
represent,,vt.,作为…的代表， 表示， 象征； 描绘， 表现,,
representation,,n.,描写；陈述；代表,,
representative,,n.,代表,,
repress,,v.,抑制，镇压,,
repression,,n.,压抑， 压制， 镇压,,
reproach,,,n&vt. 责备， 批评,,
reproduce,,v.,仿造,,
reproduction,,n.,繁殖,,
reptile,,n.,爬行动物,,
reputable,,adj.,声誉好的；受尊敬的；卓越的,,
reputation,,n.,名誉， 名气， 名声,,
repute,,n.,"名誉, 名声 v认为",,
requisite,,adj.,需要的，必要的 n. 必需品,,
resemblance,,n.,相似，相似性,,
resent,rɪ'zent,v.,怨恨；愤恨,He resented being treated like a child.,他讨厌被当作孩子对待。
reservation,,n.,预定,,
reserve,rɪ'zɜːv,v./n.,预订；保留；储备,Please reserve a table for two.,请预订一张两人桌。
reserved,,adj.,保留意见的；矜持的,,
reservoir,,n.,水库；蓄水池,,
reside,,v.,居住，驻扎；属于,,
resident,,n.,居民,,
residential,,adj.,居住的， 住宅的； 寄宿的， 住在住所的,,
residual,,adj.,剩余的；残余的,,
resign,rɪ'zaɪn,v.,辞职；放弃,She resigned from the company.,她从公司辞职。
resignation,,n.,听从，屈从，顺从,,
resist,,v.,抵制,,
resistant,,adj.,抵抗的； 抗…的， 耐…的,,
resolute,,adj.,坚定的,,
resolve,rɪ'zɒlv,v./n.,解决；决心,We must resolve the conflict peacefully.,我们必须和平解决冲突。
resort,,n.,度假胜地,,
respectable,,adj.,可敬的；人格高尚的,,
respective,,adj.,各自的,,
respond,,vi.,回答， 答复； 作出反应， 响应,,
response,,n.,回应,,
responsibility,,n.,责任,,
responsible,,adj.,可靠的；责任重大的,,
responsive,,adj.,灵敏的，反应的,,
restless,,adj.,不安定的，焦虑的,,
restore,,vt.,恢复， 使恢复； 修复， 整修； 归还， 交还,,
restrain,,v.,制止；抑制,,
restraint,,n.,抑制， 限制， 克制； 约束措施， 约束条件,,
restrict,,v.,限制,,
restructure,,v.,调整，重建,,
resultant,,adj.,作为结果而发生的,,
resume,,n.,简历,,
retail,,n.,零售,,
retailer,,n.,零售商,,
retain,rɪ'teɪn,v.,保留；保持；记住,The old building retains its charm.,老建筑保持着魅力。
retaliate,,v.,报复；回敬,,
retard,,v.,阻碍；减缓；放慢,,
retention,,n.,保留， 保持,,
retirement,,n.,退休，引退；退隐,,
retort,,v.,反击；反驳,,
retrieval,,n.,取回，补偿,,
retrieve,,vi.,重新得到， 取回， 收回； 挽回， 补救； 检索,,
retrospect,,n.,回顾,,
retrospective,,adj.,回顾的， 追想的； 有追溯效力的,,
reunion,,n.,团聚,,
reveal,rɪ'viːl,v.,揭示；透露；显露,The survey revealed surprising results.,调查揭示了令人惊讶的结果。
revelation,,n.,被提示的真相， 新发现； 揭示， 透露， 显示,,
revenge,,n.,报复，报仇 vt. 为…报仇， 报…之仇,,
revenue,,n.,收入,,
reverse,rɪ'vɜːs,v./n./adj.,颠倒；逆转；相反的,The decision was later reversed.,该决定后来被推翻。
revival,,n.,"复兴, 复活",,
revive,rɪ'vaɪv,v.,复兴；复苏；使苏醒,The old tradition was revived.,旧传统得到复兴。
revolt,,n.,反抗；造反 v. 反抗；造反,,
revolutionary,,adj.,革命的；革新的 n. 革命者,,
revolutionize,,v.,革命化,,
revolve,,v.,（使）旋转,,
reward,,n.,报答，奖赏；报酬，酬金 vt. 报答， 酬谢， 奖励,,
rewarding,,adj.,有意义的,,
rhetoric,,n.,"雄辩言辞,修辞学",,
rhetorical,,adj.,修辞的,,
rhythm,,n.,节奏,,
ridge,,n.,岭，山脉；脊；垄,,
ridicule,,v.,嘲弄，挖苦 n. 嘲弄，挖苦,,
ridiculous,,adj.,滑稽的，可笑的,,
rig,,vt.,操纵，垄断；给装配帆及索具；用临时替代材料迅速搭起 n. 船桅的装置， 成套器械,,
rigid,'rɪdʒɪd,adj.,僵硬的；严格的；固执的,The rules are too rigid.,规则太死板。
rigidity,,n.,"刻板,严格",,
rigor,,n.,严格，严谨,,
rigorous,,adj.,严格的,,
rim,,n.,边；边缘，（眼镜）框,,
rinse,,v.,冲洗；嗽（口）,,
riot,,n.,骚乱，暴乱 v. 发动骚乱,,
rip,,v.,撕，扯破，划破,,
ripple,,n.,涟漪，细浪，波纹,,
ritual,,n.,仪式,,
rival,,n.,对手,,
rivalry,,n.,竞争， 竞赛； 对抗,,
roam,,v.,在…漫步，漫游,,
robbery,,n.,抢劫,,
robust,rəʊ'bʌst,adj.,强健的；稳健的；坚固的,The economy remains robust.,经济依然稳健。
roller,,n.,滚筒；滚柱,,
roman,,n.,古罗马人；罗马人,,
romance,,n.,传奇；浪漫文学,,
romantic,,adj.,爱情的,,
rooster,,n.,公鸡,,
rot,,v.,腐烂，腐朽 n. 腐烂， 腐朽,,
rotary,,adj.,旋转的， 转动的,,
rotate,,v.,（使）旋转,,
rotation,,n.,旋转，转动,,
rotten,,adj.,腐烂的，发臭的,,
roundabout,,adj.,转弯抹角的；迂回的,,
routine,ruː'tiːn,n./adj.,常规；日常事务；例行的,Exercise should be part of your routine.,锻炼应成为日常安排的一部分。
row,,v.,划船,,
royalty,,n.,皇家，王族，皇族,,
ruby,,n.,红宝石,,
ruin,,v.,毁坏,,
rule,,v.,裁决，裁定,,
ruling,,n.,裁定,,
rupture,,v.,破裂 n. 破裂，裂开；决裂，断绝,,
rust,,n.,锈 v. 生锈，氧化,,
rustle,,v.,发出沙沙声,,
ruthless,,adj.,无情的，冷酷的,,
sacred,,adj.,神圣的； 宗教的； 神圣不可侵犯的,,
sacrifice,'sækrɪfaɪs,v./n.,牺牲；献出,She sacrificed her weekends to study.,她牺牲周末来学习。
saddle,,n.,鞍子，马鞍,,
safeguard,,n.,保护措施,,
sake,,n.,缘故， 理由,,
saleable,,adj.,适合销售的,,
salmon,,n.,鲑，大马哈鱼,,
salon,,n.,营业性的厅； 沙龙； 客厅， 会客厅,,
salutation,,n.,称呼；问候；招呼；寒喧,,
salute,,v.,（向…）行军礼，（向…）致敬,,
salvage,,n.,打捞；海上救助；抢救财货；救难的奖金 v. 抢救；海上救助,,
salvation,,n.,拯救， 解救； 解救措施,,
sample,,n.,样本，样品,,
sanction,,vt.,批准，认可 n. 批准， 认可； 约束因素， 约束力； 国际制裁,,
sanctuary,,n.,避难所,,
sandwich,,v.,夹入，挤进,,
sanitation,,n.,卫生环境，卫生设备,,
sarcasm,,n.,讽刺；挖苦；嘲笑,,
sarcastic,,adj.,挖苦的；尖刻的，辛辣的,,
sardine,,n.,沙丁鱼,,
satellite,,n.,附属国,,
satire,,n.,讽刺；讽刺文学，讽刺作品,,
satirist,,n.,讽刺作家,,
satisfaction,,n.,满足，愉快,,
satisfactorily,,adv.,圆满地,,
saturate,,vt.,使湿透， 浸透； 使充满， 使饱和,,
saturation,,n.,饱和（状态）；浸透,,
saturn,,n.,土星,,
savage,,adj.,残暴的，凶猛的，粗鲁的；未开化的，野蛮的 n. 野蛮人，粗鲁的人 vt. 乱咬； 激烈抨击,,
scaffolding,,n.,脚手架,,
scale,,n.,大小，规模；等级，级别；天平，磅秤；比例；刻度，标度；鳞 vt. 攀登， 爬越,,
scan,,n.,扫描,,
scandal,,n.,丑闻,,
scar,,n.,瘢痕,,
scarcity,,n.,缺乏,,
scare,,n.,恐吓，惊恐,,
scarlet,,n.,猩红色 adj. 猩红的,,
scary,,adj.,可怕的， 骇人的； 惊慌的， 害怕的； 胆小的， 易受惊的,,
scatter,,vt.,撒， 散播； 使散开， 驱散,,
scenario,,n.,情境 “；剧本,,
scent,,n.,香味,,
schedule,,n.,计划表,,
scheme,,v.,计划，搞阴谋,,
scholarship,,n.,奖学金；学问，学识,,
scoff,,v.,嘲笑，嘲弄,,
scoop,,v.,舀出； 抢在之前报道新闻 n. 勺子；抢先报道的新闻,,
scope,,n.,（学科、活动、书籍等的）范围；（发挥能力的）机会，施展余地；眼界,,
scorch,,v.,烧焦；枯萎,,
score,,n.,得分，比数，成绩；二十 vt. 分， 给…打分； 画线于； 获胜,,
scorn,,n.,轻蔑，鄙视 vt. 轻蔑， 鄙视； 拒绝， 不屑,,
scornful,,adj.,轻蔑的， 鄙视的,,
scout,,v.,搜索，侦察,,
scramble,,v.,爬行，攀登 n. 爬行，攀登,,
scrap,,n.,碎片；废料 v. 废弃,,
scrape,,v.,刮，擦；勉强过日子 n. 刮， 擦； 刮擦声,,
scratch,,n.,（某人皮肤上的）划痕，划伤,,
screw,,n.,螺丝 vt. 用螺钉固定， 拧， 拧紧,,
script,,n.,脚本，剧本,,
scripture,,n.,《圣经》；圣书,,
scrub,,v.,擦洗，擦净 n. 擦洗,,
scrutinize,,v.,仔细检查， 细察,,
scrutiny,'skruːtəni,n.,仔细审查；监督,The plan came under public scrutiny.,该计划受到公众审查。
sculpture,,n.,雕塑,,
seam,,n.,缝口；接缝；骨缝,,
seaport,,n.,海港，港口，港市,,
seasick,,adj.,晕船的,,
seaside,,n.,海滨（胜地）；海边,,
second,,v.,支持,,
section,,n.,部分,,
sector,'sektə,n.,部门；行业；部分,The technology sector is growing fast.,科技行业增长迅速。
secular,,adj.,"长期的,世俗的",,
security,,n.,安全， 保障； 抵押品； 证券,,
seduce,,v.,勾引；引诱,,
seemingly,,adv.,表面上，外表上,,
segment,,n.,切片，部分；段，节,,
segregate,,vt.,使隔离， 使分开,,
segregation,,n.,隔离,,
selection,,n.,选择；精选的东西,,
semester,,n.,学期,,
seminar,,n.,研究班， 研讨会,,
senator,,n.,参议员,,
sensation,,n.,感觉，知觉；轰动,,
sensational,,adj.,轰动的， 耸人听闻的； 使人感动的， 非常好的,,
senseless,,adj.,愚蠢的，无意义的,,
sensible,,adj.,理智的,,
sensitive,,adj.,敏感的， 灵敏的； 神经过敏的， 容易生气的； 易受伤害的,,
sensitivity,,n.,敏感（性）；灵敏性,,
sensor,,n.,传感器，灵敏元件,,
sentiment,,n.,感情；情绪,,
sentimental,,adj.,感伤的；多愁善感的,,
sequence,,n.,序列，顺序,,
sergeant,,n.,中士， 警官,,
serial,,adj.,连续的， 顺序排列的 n. 连续剧，连载故事,,
series,,n.,一系列， 连续； 丛书， 连续剧,,
sermon,,n.,布道，讲道；说教,,
serpent,,n.,蛇（尤指大蛇或毒蛇）,,
server,,n.,服务器,,
session,,n.,会议；学年,,
set,,n.,集（合）,,
setback,,n.,挫折， 倒退， 失败,,
settle,,v.,安排， 安放； 调停； 支付， 核算； 安家； 飞落， 停留； 安定,,
settlement,,n.,调停；（尤指拓荒者居住的）定居点，村落,,
severe,sɪ'vɪə,adj.,严重的；严厉的；剧烈的,The storm caused severe damage.,暴风雨造成严重破坏。
severity,,n.,严重性,,
sew,,v.,缝上，缝纫,,
sexism,,n.,性别歧视,,
shabby,,adj.,破旧的；褴褛的,,
shade,,v.,为…遮阳[挡光]，遮蔽〔光线〕,,
shadowy,,adj.,有影的；幽暗的,,
shady,,adj.,阴凉的,,
shaft,,n.,（工具的）柄，杆状物,,
sham,,n.,假冒；膺品 v. 假装,,
shame,,v.,使羞愧；玷辱,,
shameful,,adj.,可耻的；不道德的,,
shareholder,,n.,股东,,
shark,,n.,鲨鱼；诈骗钱财者,,
sharply,,adv.,严厉地，苛刻地,,
shatter,,v.,粉碎，破碎；毁坏,,
shed,,v.,洒 (热血),,
sheer,,adj.,纯粹的,,
shell,,n.,炮弹，猎枪子弹,,
shelter,,v.,掩蔽， 躲避， 庇护 n. 掩蔽处，躲避处；掩蔽，保护,,
shepherd,,v.,引导，带领,,
sheriff,,n.,郡长,,
shield,,n.,防护物，护罩；盾 vt. 保护， 防护,,
shift,,v.,转移注意力；转变,,
shipbuilding,,n.,造船（业），造船学,,
shipment,,n.,装载的货物；装货,,
shipwreck,,n.,船舶失事,,
shortage,,n.,短缺，不足额,,
shortcut,,n.,近路；捷径,,
shorten,,v.,弄短，缩小，减少,,
shorthand,,n.,速记，速记法,,
shot,,n.,照相，照片,,
should,,v.,应该；竟然会,,
shoulder,,v.,承担；挑起,,
shove,,v.,推，（使劲）推,,
shovel,,n.,铲，铁铲 v. 铲,,
shower,,v.,下阵雨，使湿透,,
shrank,,v.,收缩(shrink过去式),,
shred,,n.,碎片，细条；些许，少量 vt. 切碎， 撕碎,,
shrewd,,adj.,精明的,,
shrill,,adj.,尖声的 v. 尖声地叫,,
shrimp,,n.,（小）虾，河虾，褐虾,,
shrine,,n.,神殿，神龛，圣祠,,
shrink,,v.,缩减，缩小,,
shrub,,n.,灌木，灌木丛,,
shrubbery,,n.,灌木；[林] 灌木林,,
shrug,,v.,耸肩,,
shutter,,n.,百叶窗；（相机）快门,,
shuttle,,n.,航天飞机,,
sideways,,adv.,斜向一边地,,
siege,,n.,包围，围攻，围困,,
sieve,,n.,筛子，漏勺 vt. 筛， 滤,,
sift,,v.,筛，过滤,,
sight,,n.,景象；名胜，风景,,
sightseeing,,n.,观光， 游览,,
sign,,n.,征兆，迹象，病症,,
signal,,v.,标志,,
significant,,adj.,重要的,,
signify,,v.,表明，象征,,
silicon,,n.,硅（旧名矽）,,
similar,,adj.,相似的， 类似的,,
similarity,,n.,类似，相似；类似点,,
simple,,adj.,单纯的；迟钝的,,
simplicity,,n.,单纯，质朴,,
simulate,'sɪmjuleɪt,v.,模拟；仿真,The software simulates real traffic.,该软件模拟真实交通。
simulation,,n.,"仿真, 假装",,
simultaneous,ˌsɪml'teɪniəs,adj.,同时的；同步的,The two events were simultaneous.,两个事件同时发生。
simultaneously,,adv.,同步地，同时地,,
sincerity,,n.,真诚，诚意；真实,,
singular,,adj.,异常的，奇异的,,
sinister,,adj.,阴险的；凶兆的；灾难性的；左边的,,
sink,,n.,（厨房内的）洗涤槽,,
sip,,v.,小口地喝，抿，呷 n. 小口喝， 一小口的量,,
siren,,n.,汽笛，警报器,,
situated,,adj.,位于…的,,
situation,,n.,（建筑物等的）位置,,
skeleton,,n.,骨骼，骷髅；骨架,,
skeptical,'skeptɪkl,adj.,怀疑的；持怀疑态度的,Scientists remain skeptical of the claim.,科学家对该说法持怀疑态度。
skepticism,,n.,怀疑论,,
skim,,v.,掠过，擦过；略读,,
skip,,v.,跳过,,
skull,,n.,颅骨， 脑壳,,
skyrocket,,v.,猛增,,
skyscraper,,n.,摩天大楼,,
slack,,adj.,疲软的，萧条的,,
slam,,v.,使劲关；砰地放下,,
slander,,n.,诽谤，诋毁 v. 诽谤，诋毁,,
slang,,n.,俚语；行话，黑话,,
slap,,v.,掴 n. 巴掌,,
slash,,v.,猛削，劈，砍；削减,,
slaughter,,v.,屠杀；屠宰 n. 屠杀；屠宰,,
slave,,v.,作苦工；奴役,,
slavery,,n.,奴隶制度,,
slice,,n.,薄片，切片，部分 vt. 切， 削， 剁,,
slick,,adj.,圆滑的， 口齿伶俐的； 精巧的， 巧妙的， 灵巧的； 光滑的， 滑溜的,,
slide,,n.,滑动，滑行,,
slight,,adj.,轻微的,,
slightly,,adv.,轻微地,,
slim,,adj.,苗条的,,
slip,,v.,滑跤，滑落，溜；下降，跌落；悄悄放进 n. 疏漏， 差错,,
slippery,,adj.,滑的； 狡猾的,,
slit,,v.,切开 n. 狭长的切口,,
slogan,,n.,标语， 口号； 广告语,,
slope,,v.,倾斜 n. 倾斜，斜面,,
slot,,n.,狭缝，狭槽；位置，空位 vt. 把…放入狭长开口中； 把…纳入其中， 使有位置,,
slum,,n.,贫民窟,,
slumber,,n.,睡眠；沉睡状态,,
slump,,vi.,大幅度下降，暴跌；突然倒下 n. 萧条期， 低潮,,
smart,,v.,刺疼，扎疼，剧痛,,
smash,,v.,打碎，打破，粉碎,,
smuggle,,v.,走私,,
snack,,n.,快餐，小吃,,
snail,,n.,蜗牛；行动缓慢的人,,
snap,,v.,猛咬；突然折断,,
snatch,,vi.,一把抓住 vt. 夺，夺走，抢走；一下子拉，一把抓住；抓住机会做，抽空做 n. 片断,,
sneak,,v.,溜走,,
sneer,,v.,冷笑；嘲笑 n. 冷笑；嘲笑,,
sneeze,,v.,打喷嚏,,
sniff,,v.,用鼻子吸，嗅,,
snob,,n.,势利小人,,
snobbish,,adj.,势利的，谄上欺下的,,
snore,,v.,打鼾，打呼噜,,
soar,,v.,高飞,,
sob,,v.,啜泣，呜咽；（风等）发出呜咽声 n. 啜泣，呜咽,,
sober,,adj.,未醉的，有节制的；严肃的，持重的；素淡的，暗淡的 v. 醒酒， 清醒,,
sociology,,n.,社会学,,
sodium,,n.,钠,,
sofa,,n.,长沙发，沙发,,
soften,,v.,使软化，变温和,,
softness,,n.,温和，柔和；软弱,,
software,,n.,（计算机的）软件,,
solar,,adj.,利用太阳光的,,
solemn,,adj.,庄严的， 隆重的； 严肃的,,
solicit,,v.,恳请； 乞求； 征求； 勾引； 招揽,,
solicitor,,n.,初级律师， 事务律师,,
solid,,adj.,坚实的；稳固的,,
solidarity,ˌsɒlɪ'dærəti,n.,团结；一致,The workers showed solidarity.,工人们表现出团结。
solidify,,v.,凝固,,
solitary,,adj.,单独的， 独自的； 单个的， 唯一的； 孤独的， 隐居的,,
solitude,,n.,孤独,,
solo,,n.,独唱，独奏；独唱曲,,
soluble,,adj.,可溶的； 可解决的,,
solution,,n.,解决，解决方法；溶液,,
soothe,,v.,安慰，减轻,,
sophisticated,sə'fɪstɪkeɪtɪd,adj.,复杂的；精密的；老练的,The device uses sophisticated technology.,该设备使用精密技术。
sorrowful,,adj.,使人伤心的；悲伤的,,
sour,,adj.,酸的；馊的，酸味的；脾气坏的 v. 变酸， 变馊； 变得乖戾,,
southwards,,adv.,向南方,,
souvenir,,n.,纪念品,,
sovereign,,n.,君主 adj. 统治的,,
sovereignty,,n.,"君主, 主权",,
soy,,n.,大豆，黄豆；酱油,,
spacious,,adj.,宽敞的,,
spaghetti,,n.,意大利式细面条,,
span,,n.,（桥墩间的）墩距,,
spark,,n.,火花,,
sparkle,,vi.,发光，闪耀，闪烁；活跃，焕发 n. 闪光， 闪耀， 闪烁； 活力， 生气,,
spatial,,adj.,空间的，占据空间的,,
spear,,n.,矛，枪 v. 用矛刺,,
specialist,,n.,专家,,
speciality,,n.,(specialty) 特色食品; 特产；专业；专门研究；专长,,
specialize,,v.,专业从事,,
specialty,,n.,特产， 名产， 特色菜； 专业， 专长,,
species,,n.,物种,,
specific,,adj.,具体的,,
specification,,n.,说明,,
specimen,,n.,抽样，样品,,
spectacle,,n.,景象,,
spectacular,,adj.,壮观的，引人注目的 n. 壮观的演出； 惊人之举,,
spectator,,n.,参观者，观众,,
spectrum,,n.,系列，范围；波谱,,
speculate,,v.,猜测，推测；投机,,
spherical,,adj.,球形的，球面的,,
spice,,n.,香料，调味品,,
spicy,,adj.,加很多香料的；(口味)浓郁的,,
spider,,n.,蜘蛛,,
spill,,n.,（人）摔下，跌下,,
spinal,,adj.,脊椎骨 n. 脊髓麻醉,,
spine,,n.,脊柱， 脊椎； 刺， 刺毛； 书脊,,
spiral,,adj.,螺旋（形）的，盘旋的,,
spite,,n.,恶意，怨恨,,
splash,,v.,溅泼；泼水 n. 溅泼声,,
split,,n.,分裂，分化，派系,,
spoil,,v.,溺爱,,
spokesman,,n.,发言人，代言人,,
sponge,,v.,用湿海绵擦， 揩； 过寄生生活 n. 海绵,,
sponsor,,v.,赞助 n. 赞助商,,
spontaneous,spɒn'teɪniəs,adj.,自发的；自然的,The crowd burst into spontaneous applause.,人群自发鼓起掌来。
spot,,n.,点；地点，处所 v. 发现,,
spotlight,,n.,聚光灯,,
spouse,,n.,配偶,,
sprawl,,v.,伸开,,
spread,,v.,传播，扩散,,
sprinkle,,v.,撒，洒 n. 少量， 少数,,
spy,,vi.,当间谍；暗中监视 n. 间谍 vt. 看见， 发现,,
squad,,n.,班， 小队， 小组,,
squalor,,n.,肮脏,,
squash,,v.,压碎 n. 果汁饮料,,
squat,,v.,（使）蹲下,,
squeeze,,v.,压榨；榨取,,
stab,,,n&v. 刺， 戳,,
stability,stə'bɪləti,n.,稳定；稳定性,The region enjoys political stability.,该地区政局稳定。
stabilize,,v.,使稳固，使安定,,
stable,,adj.,稳定的，不变的；沉稳的，持重的 n. 厩， 马厩， 牛棚,,
stack,,n.,堆，垛 vt. 堆积， 堆放于,,
stagger,,v.,蹒跚，使摇晃,,
stagnant,,adj.,因停滞或不流动而发臭的；不景气的,,
stagnate,,v.,"(使)淤塞, (使)停滞, (使)沉滞, (使)变萧条",,
stain,,n.,污渍，污点,,
stainless,,adj.,不锈的；纯洁的,,
staircase,,n.,楼梯,,
stairway,,n.,楼梯,,
stalk,,n.,主茎，叶柄,,
stall,,n.,货摊，书摊；马厩,,
stammer,,v.,口吃地说 n. 口吃,,
stance,,n.,站姿，立场,,
standardize,,v.,标准化,,
standpoint,,n.,立场， 观点,,
staple,,adj.,主要的； 经常需要的 n. 订书钉，U形钉；主食；主要产品 vt. 用订书钉订,,
stark,,adj.,荒凉的；严酷的 adv. 完全,,
start,,v.,开动，着手；开设,,
startle,,v.,使惊讶,,
statement,,n.,陈述， 声明； 结算单， 报表,,
statesman,,n.,国务活动家， 政治家,,
static,,adj.,静的；静态的,,
stationary,,adj.,固定的， 静止不动的,,
stationery,,n.,信笺，信纸；文具,,
statistics,,n.,统计，统计数字,,
status,,n.,地位， 身份； 情形， 状况,,
statute,,n.,[法] 法规；法令；条例,,
steady,,adj.,稳定的,,
steak,,n.,大块牛肉；牛排,,
steal,,v.,偷偷地做，窃取,,
stem,,n.,词干,,
stereo,,n.,立体声 adj. 立体声的,,
stereotype,'steriətaɪp,n.,刻板印象；成见,The ad reinforces old stereotypes.,这则广告强化了旧刻板印象。
stern,,n.,艉，船尾；臀部,,
stew,,v.,炖 n. 炖菜,,
steward,,n.,管家；乘务员；膳务员；工会管事 vi. 当服务员；当管事 vt. 管理,,
sticky,,adj.,黏性的， 胶粘的； 湿热的,,
stiff,,adj.,生硬的,,
stiffness,,n.,硬度,,
stifle,,v.,"窒息, 抑制",,
stigma,,n.,污点， 耻辱； 烙印； 特征,,
stillness,,n.,寂静，无声,,
stimulate,'stɪmjuleɪt,v.,刺激；激励；促进,Reading stimulates the imagination.,阅读激发想象力。
stimulus,,n.,刺激,,
sting,,n.,剧痛；刺痛 v. 刺,,
stipulate,,v.,"规定, 保证",,
stitch,,n.,一针，缝线 v. 缝,,
stock,,v.,储备 adj. 常用的， 常备的 n. 原料，库存品；股本，公债；世系，血统；汤汁；家畜，牲畜,,
stockbroker,,n.,股票经理人,,
stone,,n.,果核，（水果的）硬核,,
stoop,,v.,俯身；弯身 n. 曲背；驼背,,
storage,,n.,贮藏；保管,,
storm,,n.,爆发 v. 猛攻,,
stout,,adj.,肥胖的；厚实牢固的,,
stove,,n.,炉子,,
straighten,,v.,把…弄直；挺起来,,
straightforward,,adj.,直接的,,
strain,,n.,压力,,
strait,,n.,海峡,,
strand,,n.,股，缕；一个组成部分 vt. 使搁浅,,
strange,,adj.,陌生的，不熟悉的,,
strap,,v.,用带绑住,,
strategy,,n.,策略,,
stray,,n.,走失[流浪]的动物,,
streak,,vi.,飞跑，疾驶 n. 条纹，条痕；个性特征；一阵子，一连串 vt. 在…上加条纹,,
stream,,v.,流出， 涌出 n. 河，溪流；一股，一串,,
streamline,,n.,流线；流线型,,
strength,,n.,兵力；强度,,
stress,,v.,强调,,
stride,,v.,大踏步走 n. 大步,,
strife,,n.,冲突，竞争,,
strike,,n.,罢工,,
striking,,adj.,显著的，惊人的,,
string,,n.,线， 细绳； 一串， 一行,,
strip,,n.,狭长的一块,,
strive,straɪv,v.,努力；奋斗；力争,We strive for excellence.,我们追求卓越。
stroke,,n.,中风；一举，一次努力；划桨，划水；击，敲；报时的钟声；笔画，一笔；抚摸 vt. 抚摸,,
stroll,,n.,散步，溜达，闲逛,,
stubborn,,adj.,顽固的；顽强的,,
studio,,n.,播音室；工作室,,
stuff,,n.,材料，东西,,
stuffy,,adj.,不透气的，闷热的,,
stumble,,vi.,绊脚， 绊倒； 跌跌撞撞地走； 结结巴巴,,
stump,,vi.,脚步沉重地走 n. 树桩；残根，残余部分 vt. 把…难住，使为难；在…做巡回演说,,
stun,,vt.,使震惊， 使目瞪口呆； 把…打昏， 使昏迷,,
sturdy,,adj.,牢固的；坚定的,,
subconscious,,adj.,下意识的，潜意识的,,
subculture,,n.,亚文化,,
subdivide,,v.,把…再分,,
subdue,,v.,使屈服，征服,,
subject,,v.,使隶属,,
subjective,,adj.,主观的， 个人的,,
submarine,,adj.,水底的， 海底的 n. 潜水艇,,
submerge,,v.,淹没,,
submit,,v.,提交,,
subordinate,sə'bɔːdɪnət,adj./n.,从属的；下级,"In a team, everyone has subordinate tasks.",团队中每个人都有从属任务。
subscribe,,v.,订购；认购；预订,,
subscript,,adj.,写在下方的 n. 下标,,
subscription,,n.,订阅（费）；用户费（的缴纳）,,
subsequent,'sʌbsɪkwənt,adj.,随后的；后来的,Subsequent events proved him right.,随后发生的事证明他是对的。
subsequently,,adv.,随后,,
subsidiary,,adj.,辅助的，补充的,,
subsidize,,v.,提供补贴,,
subsidy,'sʌbsədi,n.,补贴；补助金,Farmers receive subsidies from the state.,农民获得国家补贴。
subsistence,,n.,"生存, 生活, 留存",,
substance,,n.,物质,,
substantial,,adj.,大而坚固的,,
substitute,'sʌbstɪtjuːt,n./v.,替代品；代替,Honey can substitute for sugar.,蜂蜜可以代替糖。
subtle,,adj.,微妙的,,
subtlety,,n.,"微妙, 精明",,
subtract,,vt.,减， 减去； 去掉,,
suburb,,n.,郊区， 郊外， 近郊,,
suburban,,adj.,郊区的,,
succession,,n.,继承（权）,,
successive,,adj.,连续的， 接连的,,
successively,,adv.,接连着地，继续地,,
successor,,n.,继承人，继任者,,
sue,,v.,控告， 起诉； 要求， 请求,,
suffice,,v.,足够,,
sufficient,,adj.,足够的， 充分的,,
suicide,,n.,自杀,,
suit,,v.,使配合，彼此协调,,
suitcase,,n.,手提箱，衣箱,,
suite,,n.,套间； 一套家具； 套， 组， 系列,,
sulfur,,n.,硫,,
sullen,,adj.,绷着脸不高兴的,,
sulphur,,n.,硫（磺），硫黄,,
summary,,adj.,概括的；速决的,,
summit,,n.,顶点，最高点；极度,,
summon,,v.,召唤；鼓起（勇气）,,
superb,,adj.,壮丽的；超等的,,
superficial,ˌsuːpə'fɪʃl,adj.,表面的；肤浅的,The book gives only a superficial account.,这本书只作了肤浅的叙述。
superintendent,,n.,主管人， 监管人， 负责人； 警长,,
superior,,adj.,上级的，较高的；优越的；有优越感的，高傲的 n. 上级， 长官,,
superiority,,n.,优越（性），优势,,
supersonic,,adj.,超声的，超声速的,,
superstition,,n.,迷信，迷信行为,,
superstitious,,adj.,迷信的， 受迷信思想支配的,,
supervise,,v.,监督，监视,,
supervisor,,n.,督导,,
supplement,'sʌplɪment,n./v.,补充；增补；补充物,The article supplements the report.,这篇文章补充了报告。
supplementary,,adj.,增补的， 补充的,,
support,,v.,经受，承受,,
suppress,sə'pres,v.,压制；抑制；镇压,She suppressed a smile.,她忍住没笑。
supreme,,adj.,最高的， 最大的； 极度的， 最重要的,,
surge,,vi.,蜂拥而出；洋溢，奔放；汹涌，奔腾 n. 洋溢， 奔放； 急剧上升， 猛增； 浪涛般汹涌奔腾,,
surgeon,,n.,外科医生,,
surgery,,n.,外科， 外科手术； 手术室,,
surgical,,adj.,手术的,,
surpass,,v.,超过,,
surplus,,n.,过剩，剩余（物资）,,
surrender,sə'rendə,v./n.,投降；放弃；交出,The enemy finally surrendered.,敌人终于投降。
survey,,v.,俯瞰， 眺望； 全面审视， 调查； 测量， 勘定 n. [sə'veɪ],,
survival,,n.,幸存；残存；幸存者,,
survive,,vi.,活下来，继续存在；幸免于 vt. 从中挺过来； 从…逃出； 比…活得长,,
susceptible,,adj.,易受影响的； 过敏的； 能经受的， 容许的,,
suspect,,v.,怀疑 n. 嫌疑犯,,
suspend,,v.,暂停,,
suspension,,n.,暂停， 中止； 暂令停止参加， 暂时剥夺； 悬架， 悬置机构； 悬浮液； 悬， 挂， 吊,,
suspicion,,n.,怀疑， 疑心， 猜疑； 一点儿， 少量,,
suspicious,,adj.,怀疑的,,
sustain,sə'steɪn,v.,维持；支撑；遭受,The soil cannot sustain more crops.,这块土地无法再供养更多庄稼。
swamp,,n.,沼泽 vt. 淹没， 浸没； 难倒， 压倒,,
swap,,,n&v. 交换,,
sway,,v.,影响,,
sweep,,v.,扫除，清除,,
sweeten,,v.,使变甜，变甜,,
sweetness,,n.,甜蜜，芬芳；愉悦，美好,,
swell,,v.,使膨胀；隆起,,
switch,,v.,转换,,
symbol,,n.,象征； 符号， 标志,,
symbolic,,adj.,符号的； 象征性的,,
symmetrical,,adj.,对称的，匀称的,,
symmetry,,n.,对称（性），匀称,,
sympathetic,,adj.,同情的,,
sympathy,,n.,同情； 一致； 支持， 赞同,,
symphony,,n.,交响乐；交响乐团,,
symposium,,n.,座谈会,,
symptom,,n.,症状,,
syndrome,,n.,综合病症， 综合症状； 一系列表现,,
synonym,,n.,同义字,,
synthesis,,n.,综合，综合物；（化学或生物学物质的）合成；（用电子方式对声音、语音或音乐的）合成,,
synthesize,,v.,"综合, 合成",,
synthetic,,adj.,合成的，人造的,,
systematic,,adj.,成体系的,,
systematically,,adv.,系统地，有规则地,,
taboo,,n.,禁忌， 忌讳；禁止 A,,
tabulate,,v.,把…制成表,,
tack,,n.,平头钉 v. 钉住,,
tackle,,v.,解决，处理,,
tact,,n.,机敏，圆滑，得体,,
tactic,,n.,"(s)策略,战术",,
tactics,,n.,战术，兵法,,
tame,,adj.,驯服的，顺从的；沉闷的，乏味的 vt. 制服， 控制并利用； 驯化， 驯服,,
tan,,vi.,晒成棕褐色 vt. 使晒成棕褐色；硝制 n. 棕褐色， 棕黄色； 晒成棕褐色， 晒黑,,
tangle,,v.,使缠结，使纠缠,,
tangled,,adj.,纠缠的；复杂的,,
tank,,n.,水箱,,
tanker,,n.,油船；空中加油飞机,,
tap,,v.,轻敲,,
tape,,v.,系，捆,,
taper,,n.,细小的蜡烛；微光,,
tar,,n.,柏油；焦油,,
target,,n.,目标 v. 把…作为目标,,
tariff,,n.,关税， 税率； 价目表， 收费表,,
tasteless,,adj.,没有味道的,,
team,,v.,协作，合作,,
tease,,v.,逗乐，戏弄,,
tedious,,adj.,冗长的,,
telecommunications,,n.,通信， 电信,,
telex,,n.,电传，用户电报,,
temper,,n.,韧度；心情，情绪 vt. 调和， 使缓和； 回火,,
temperament,,n.,气质， 性格,,
tempo,,n.,速度； 节奏， 行进速度,,
temporal,,adj.,"现世的, 暂时的",,
tempt,tempt,v.,诱惑；吸引,The cake tempted me to eat more.,蛋糕诱使我多吃。
temptation,,n.,诱惑,,
tempting,,adj.,吸引人的,,
tenant,,n.,房客， 佃户,,
tendency,,n.,趋向， 趋势， 倾向,,
tensile,,adj.,张力的；能伸长的,,
tension,,n.,紧张,,
tentative,'tentətɪv,adj.,试探性的；暂定的,We made a tentative plan for June.,我们为六月制定了暂定计划。
tenure,,n.,任期；占有 v. 授予…终身职位,,
terminal,,n.,计算机终端；线接头,,
terminate,,v.,停止，终止,,
termination,,n.,终止,,
terminology,,n.,术语学，术语,,
terrace,,n.,平台，阳台，露台,,
terrain,,n.,地形， 地势,,
terrific,,adj.,极妙的； 极大的； 令人恐惧的,,
terrify,,v.,使恐怖，使惊吓,,
territory,,n.,领域，领土,,
terrorist,,n.,恐怖分子,,
tertiary,,adj.,"第三的, 第三位的",,
testify,,v.,作证；证明，检验,,
testimony,,n.,证词,,
texture,,n.,质地,,
thanksgiving,,n.,感恩节,,
theatre,,n.,剧场，戏院,,
theft,,n.,盗窃，偷窃（行为）,,
theme,,n.,题目；主题；主旋律；（句子的）主位；词干,,
theorem,,n.,定理；原理，原则,,
theory,,n.,（未证明的）见解，看法，推测,,
therapy,,n.,疗法,,
thereafter,,adv.,此后，以后,,
therefore,,adv.,因此， 所以,,
therein,,adv.,在那里,,
thereof,,adv.,它的，其；由此,,
thermal,,adj.,热的；温热的,,
thesis,,n.,论文；论题，论点,,
thicken,,v.,使变厚（或粗、密）,,
thigh,,n.,股，大腿,,
thorn,,n.,刺， 荆棘； 带刺小灌木,,
thorny,,adj.,"多刺的, 痛苦的",,
thorough,,adj.,精心的；详尽的,,
thoughtless,,adj.,欠考虑的；自私的,,
thrash,,v.,痛打，鞭打，打,,
threat,,n.,威胁,,
threaten,,v.,威胁,,
thresh,,v.,打谷，脱粒,,
threshold,,n.,门槛,,
thrift,,n.,节俭；节约；[植] 海石竹,,
thrifty,,adj.,节俭的,,
thrill,,v.,（使）激动,,
thriller,,n.,"使人毛骨悚然的东西, 使人毛骨悚然的小说",,
thrilling,,adj.,令人兴奋的,,
thrive,,v.,繁荣，兴旺,,
throne,,n.,王位,,
through,,prep.,因为，由于,,
tick,,vi.,发出滴答声 n. 记号，勾号；滴答声 vt. 给…标记号,,
ticket,,n.,（交通违章）罚款传票,,
tickle,,v.,挠，胳肢；逗乐,,
tighten,,v.,（使）变紧,,
tightly,,adv.,紧地，牢固地,,
tile,,n.,瓷砖；贴砖；瓦片,,
tilt,,v.,（使）倾斜,,
timely,,adj.,及时的；适时的,,
timid,,adj.,羞怯的， 胆小的,,
tiresome,,adj.,使人厌倦的，讨厌的,,
tissue,,n.,组织； 薄绢， 薄纸， 手巾纸,,
toad,,n.,蟾蜍，癞蛤蟆,,
toil,,v.,艰难地进行， 费力地做 n. 艰辛， 辛苦,,
token,,n.,辅币；象征,,
tolerant,,adj.,容忍的；有耐力的,,
tolerate,'tɒləreɪt,v.,容忍；忍受；容许,The school does not tolerate cheating.,学校不容忍作弊。
toll,,v.,敲 n. 过路费，过桥费；伤亡人数，损失,,
tone,,n.,色调，光度,,
torment,,n.,痛苦 v. 折磨,,
tornado,,n.,龙卷风,,
torpedo,,n.,鱼雷，水雷,,
torque,,n.,转（力）矩，扭（力）矩,,
toss,,v.,翻来覆去,,
tough,,adj.,困难的，粗暴的,,
tournament,,n.,比赛； 锦标赛,,
tow,,v.,拖引，牵引 n. 拖引，牵引,,
towards,,prep.,用于，有助于,,
tower,,v.,高耸，屹立；翱翔,,
toxic,,adj.,有毒的,,
trace,,v.,追踪,,
track,,v.,追踪 n. 轨迹，踪迹,,
tract,,n.,传单， 小册子； 大片,,
trade,,v.,做买卖；交换,,
trade-off,,n.,权衡，交易,,
trademark,,n.,商标， 牌号； 特征， 标记,,
trader,,n.,商人,,
tradesman,,n.,商人，店主；手艺人,,
tragedy,,n.,悲剧,,
tragic,,adj.,悲惨的；悲剧的,,
trait,,n.,特点,,
tramp,,v.,以沉重的脚步走（过） n. 跋涉,,
trample,,v.,践踏，蹂躏 n. 践踏，蹂躏,,
tranquil,,adj.,平静的；稳定的,,
transaction,træn'zækʃn,n.,交易；业务,The transaction was completed online.,交易在网上完成。
transcend,træn'send,v.,超越；超出,Music transcends language barriers.,音乐超越语言障碍。
transfer,træns'fɜː,v./n.,转移；调动；换乘,Please transfer the money to my account.,请把钱转到我的账户。
transform,træns'fɔːm,v.,使改变；改造；转换,Technology transformed our lives.,技术改变了我们的生活。
transient,,adj.,短暂的， 转瞬即逝的； 临时的， 暂住的,,
transistor,,n.,晶体管， 晶体管收音机,,
transit,,n.,运输， 载运,,
transition,,n.,过渡,,
transitional,,adj.,"变迁的, 过渡期的",,
transmission,,n.,传播，传染,,
transmit,trænz'mɪt,v.,传送；传播；传导,The disease is transmitted by mosquitoes.,这种病由蚊子传播。
transplant,,v.,移植（器官、皮肤等）；移植，移种（植物）,,
transport,,vt.,运输 n. 运输， 运输工具,,
transverse,,adj.,横的,,
trap,,v.,捕捉,,
trauma,,n.,精神创伤； 外伤； 痛苦经历,,
traverse,,v.,横越,,
tread,,v.,踩，踏，践踏,,
treasurer,,n.,司库，财务主管,,
treasury,,n.,"财政部, 国库",,
treaty,,n.,条约， 协议， 协定,,
trek,,,n&v. 艰苦跋涉,,
tremendous,,adj.,巨大的,,
trench,,n.,深沟；壕沟，战壕,,
trend,,n.,趋势,,
trial,,n.,试， 试验； 审判； 讨厌的人,,
triangular,,adj.,三角的；三者间的,,
tribal,,adj.,"部落的,种族的",,
tribe,,n.,部落； 族,,
tribute,,n.,献礼；贡物,,
trick,,n.,骗局，诡计,,
trickle,,v.,滴流,,
trifle,,v.,玩忽；闲混；嬉耍,,
trigger,'trɪɡə,v./n.,引发；触发；扳机,The news triggered a wave of panic.,这消息引发一阵恐慌。
trillion,,num.,万亿,,
trim,,v.,修剪,,
triple,,adj.,三部分的，三方的；三倍的，三重的 v. 增至三倍,,
triumph,,vi.,成功 n. 凯旋，胜利,,
triumphant,,adj.,得胜的；得意洋洋的,,
trivial,,adj.,琐碎的；平常的,,
trolley,,n.,手推车；有轨电车,,
troop,,n.,一群，一队，大量,,
tropic,,n.,回归线；热带地区,,
tropical,,adj.,热带的,,
trot,,v.,（马）小跑 n. （马）小跑；慢跑,,
troublesome,,adj.,困难的,,
trumpet,,n.,喇叭，小号,,
tub,,n.,桶， 塑料杯， 纸杯； 盆， 洗澡盆， 浴缸,,
tuberculosis,,n.,结核病，肺结核,,
tuck,,vt.,把边塞到下面；把…夹入，把…藏入 n. 褶， 裥,,
tug,,v.,用力拖 n. 猛拉，拖,,
tuition,,n.,学费,,
tulip,,n.,郁金香,,
tumble,,vi.,跌倒，摔下，滚下；翻滚；暴跌；不由自主地卷入 n. 跌倒， 摔倒,,
tuna,,n.,金枪鱼,,
tunnel,,v.,挖， 开 n. 隧道，坑道，地道,,
turbulence,,n.,气流；骚乱,,
turbulent,,adj.,动荡的，骚乱的,,
turmoil,,n.,混乱， 骚动,,
turnout,,n.,出席人数； 产量， 产额,,
turnover,,n.,营业额， 成交量； 人员调整， 人员更替率,,
turtle,,n.,海龟,,
tutor,,v.,辅导,,
twilight,,n.,黄昏,,
twist,,v.,扭曲,,
typical,,adj.,典型的,,
tyranny,,n.,暴政，专制；残暴,,
tyrant,,n.,暴君；专制君主,,
ultimate,,adj.,最终的,,
ultrasonic,,adj.,超声的 n. 超声波,,
ultraviolet,,adj.,紫外（线）的,,
unanimous,,adj.,（全体）一致的,,
unbiased,,adj.,公正的,,
uncertain,,adj.,不确定的,,
undecided,,adj.,不确定的,,
underestimate,ˌʌndər'estɪmeɪt,v.,低估；轻视,Don't underestimate the power of habit.,不要低估习惯的力量。
underfunded,,adj.,资金不足的,,
undergo,ˌʌndə'ɡəʊ,v.,经历；经受,The city is undergoing rapid change.,这座城市正在经历快速变化。
underlie,,v.,成为……的基础；位于……之下,,
underline,,v.,着重；强调 n. 预告,,
underlying,,adj.,潜在的，基础的,,
undermine,ˌʌndə'maɪn,v.,逐渐削弱；损害,Rumors undermined her confidence.,谣言削弱了她的信心。
underrepresented,,adj.,未被充分代表的,,
underscore,,v.,强调,,
undertake,ˌʌndə'teɪk,v.,承担；从事；承诺,She undertook the difficult task.,她承担了这项艰巨任务。
undertaking,,n.,任务，事情,,
underwear,,n.,衫衣，内衣，贴身衣,,
undesirable,,adj.,不合需要的；讨厌的,,
undocumented,,adj.,无证明的,,
uneasy,,adj.,不安的；拘束的,,
unemployment,,n.,失业；失业人数,,
unethical,,adj.,不道德的,,
uneven,,adj.,不均衡的,,
unexpected,,adj.,意想不到的,,
unfit,,adj.,不合适的；无能力的,,
unfold,,v.,展开,,
unified,,adj.,统一的,,
uniformly,,adv.,相同地；一贯,,
unify,,vt.,使联合， 统一； 使相同， 使一致,,
unilateral,,adj.,单边的；[植] 单侧的；单方面的；单边音；（父母）单系的,,
uninformed,,adj.,无知的，未受过教育的,,
unintentionally,,adv.,无意地,,
unique,,adj.,无可匹敌的；极好的,,
unity,,n.,单一， 统一， 团结； 和睦， 协调,,
universally,,adv.,普遍地，一般地,,
universe,,n.,宇宙， 世界； 领域， 范围,,
unlimited,,adj.,无限的；不定的,,
unlock,,v.,开…的锁；开启,,
unpaid,,adj.,未付的；无偿的,,
unprecedented,,adj.,史无前例的,,
unqualified,,adj.,不合格的，不胜任的,,
unrealistic,,adj.,不现实的,,
unreasonable,,adj.,不讲道理的；过高的,,
unstable,,adj.,不稳定的,,
untie,,v.,解开，松开；解放,,
untiring,,adj.,不知疲倦的,,
untreated,,adj.,未经处理的,,
untrustworthy,,adj.,不值得信任的，怀疑的,,
unveil,,v.,使公之于众，揭开；揭幕,,
update,,vt.,更新；使现代化 n. 最新信息,,
upgrade,,v.,升级,,
uphold,,v.,维护,,
upright,,adv.,挺直着， 竖立着 adj. 垂直的；正直的，诚实的,,
uproar,,n.,骚动，扰乱；喧嚣,,
uranium,,n.,铀,,
urban,,adj.,城市的，都市的,,
urbanization,,n.,城市化,,
urge,,v.,催促,,
urgent,,adj.,急迫的,,
urine,,n.,尿,,
usage,,n.,习惯用法,,
utensil,,n.,器皿，用具,,
utility,,n.,效用， 有用,,
utilization,,n.,利用,,
utilize,'juːtəlaɪz,v.,利用；使用,We should utilize every minute.,我们应利用好每一分钟。
utmost,,adj.,最远的 n. 极限,,
utopian,,adj.,乌托邦的； 理想的,,
utterly,,adv.,完全地，彻底地,,
vacant,,adj.,空的， 未被占用的； 空缺的； 茫然的， 空虚的,,
vaccinate,,v.,给…接种疫苗,,
vaccine,,n.,疫苗,,
vacuum,,v.,收集； 用真空吸尘器打扫 n. 真空；真空吸尘器,,
vague,,adj.,不明确的； 含糊的； 暧昧的,,
vain,,adj.,徒劳的； 自负的,,
valid,'vælɪd,adj.,有效的；合理的；有根据的,Your passport is valid for five years.,你的护照有效期为五年。
validation,,n.,证实,,
validity,,n.,有效性；真实性,,
valuable,,n.,贵重物品，财宝,,
value,,v.,尊重，重视；估价,,
valve,,n.,阀，阀门；电子管,,
van,,n.,大篷车， 运货车,,
vanish,'vænɪʃ,v.,消失；突然不见,The ship vanished in the fog.,船在雾中消失。
variance,,n.,不同,,
variation,,n.,变化,,
various,,adj.,各种各样的， 不同的,,
vary,,v.,变化,,
vast,,adj.,巨大的， 大量的； 浩瀚的,,
vault,,n.,拱顶；（教堂的）地下墓室,,
vector,,n.,矢量；飞机航线,,
vegetarian,,n.,素食主义者,,
vegetation,,n.,植物， 草木,,
vehicle,,n.,车辆,,
veil,,v.,以面纱遮掩；遮盖,,
vein,,n.,静脉，血管；矿脉,,
velocity,,n.,迅速，快速,,
velvet,,adj.,丝绒制的；柔软光滑的,,
vengeance,,n.,报复，报仇，复仇,,
vent,,n.,通风口，排放口；开衩 vt. 表达， 发泄,,
ventilate,,v.,使通风,,
ventilation,,n.,"通风, 流通空气",,
venture,'ventʃə,n./v.,冒险；风险投资；敢于去,The joint venture succeeded.,合资企业成功了。
venue,,n.,"审判地, 集合地",,
venus,,n.,维纳斯；美人,,
verbal,,adj.,口头的； 用言辞的， 用文字的； 动词的,,
verdict,,n.,裁定； 定论， 判断性意见,,
verge,,n.,边缘，边界,,
verify,'verɪfaɪ,v.,核实；证明,Please verify your email address.,请核实你的电子邮箱。
versatile,'vɜːsətaɪl,adj.,多才多艺的；多用途的,She is a versatile actor.,她是多才多艺的演员。
verse,,n.,诗，韵文；诗节,,
version,,n.,解释,,
versus,,prep.,（比赛等中）对,,
vertical,,adj.,垂直的， 竖式的,,
vessel,,n.,血管,,
vest,,n.,背心；汗衫 v. 授予；使穿衣,,
veteran,,adj.,经验丰富的 n. 老手；老兵,,
veto,,n.,否决，否决权；禁止,,
viable,'vaɪəbl,adj.,可行的；能存活的,The proposal is economically viable.,该提议在经济上可行。
vibrate,,v.,使颤动,,
vibration,,n.,"振动,颤动",,
vice,,n.,恶习,,
vicinity,,n.,邻近；附近地区,,
vicious,,adj.,邪恶的；恶性的,,
victim,,n.,受害者,,
video,,adj.,录像的,,
view,,v.,看待,,
viewpoint,,n.,观点,,
vigorous,'vɪɡərəs,adj.,充满活力的；有力的；强健的,He took vigorous exercise every day.,他每天进行剧烈锻炼。
vigour,,n.,活力，精力；元气,,
villa,,n.,别墅,,
vine,,n.,蔓，藤，藤本植物,,
violate,,v.,违犯，违背；侵犯,,
violation,,n.,违反,,
violent,,adj.,暴力的,,
virgin,,n.,处女 adj. 处女的,,
virtual,,adj.,虚拟的；事实上的,,
virtually,,adv.,几乎,,
virtue,,n.,善， 美德； 优点， 长处,,
virus,,n.,病毒,,
visa,,n.,签证,,
visceral,,adj.,内脏的， 腑脏的； 出自内心的， 发自肺腑的,,
viscous,,adj.,粘滞的，粘性的,,
vision,,n.,视力；眼力，想象力,,
visit,,v.,拜访,,
visual,,adj.,看的， 视觉的,,
visualize,,v.,想象,,
vital,,adj.,重要的,,
vitality,,n.,活力； 生机， 元气,,
vitamin,,n.,维他命,,
vivid,,adj.,生动的,,
vocabulary,,n.,词汇表，词汇汇编,,
vocal,,adj.,喜欢畅所欲言的，直言不讳的；嗓音的，发声的 n. 声乐节目,,
vocation,,n.,职业，行业,,
vocational,,adj.,职业的,,
vogue,,n.,"、a流行（的）, 时髦（的）",,
void,,adj.,无效的；空的,,
volatile,,adj.,"动荡不定的,反复无常的",,
volatility,,n.,挥发性,,
volume,,n.,卷， 册， 书卷； 容积， 体积； 音量， 响度,,
voluntary,,adj.,自愿的， 志愿的,,
volunteer,,n.,志愿者 v. 志愿,,
vow,,n.,誓言，誓约，许愿,,
vowel,,n.,元音；元音字母,,
vulgar,,adj.,粗俗的，庸俗的,,
vulnerable,'vʌlnərəbl,adj.,脆弱的；易受伤害的,Children are vulnerable to online risks.,儿童容易受到网络风险伤害。
wade,,v.,趟（河），跋涉,,
wag,,v.,（狗） 摇摆 （尾巴）；摇晃 （手指）,,
waggon,,n.,敞蓬车厢,,
waitress,,n.,女侍者，女服务员,,
waive,,v.,放弃；搁置,,
wallet,,n.,皮夹子,,
walnut,,n.,核桃；胡桃树,,
ward,,n.,病房，病室；监房,,
wardrobe,,n.,衣柜，衣橱，藏衣室,,
ware,,n.,物品；商品，货物,,
warehouse,,n.,仓库，货栈,,
warfare,,n.,战争，战争状态,,
warning,,n.,警告，告诫，鉴诫,,
warrant,'wɒrənt,v./n.,使有必要；证明正当；授权令,The situation warrants immediate action.,情况需要立即行动。
wasp,,n.,黄蜂,,
wasteful,,adj.,浪费的,,
watchful,,adj.,注意的，警惕的,,
watertight,,adj.,不漏水的，防水的,,
watery,,adj.,充满水的；与水有关的；湿的；（食物、饮料等）味淡的,,
watt,,n.,瓦（特）,,
waver,,v.,犹豫不决；摇摆,,
wax,,n.,蜡，蜂蜡 vt. 给…上蜡,,
way,,n.,（特定的）状态，状况,,
wealth,,n.,财富； 财产； 丰富,,
wealthy,,adj.,富的， 富裕的,,
weary,,vi.,厌烦， 不耐烦 adj. 疲劳的，疲倦的；使人疲劳的，令人厌倦的,,
weave,,v.,织布，编织,,
weaver,,n.,织布工，编织者,,
web,,n.,网，网状物,,
wedge,,n.,楔 v. 楔入；挤入,,
weird,,adj.,古怪的， 离奇的； 怪诞的， 神秘而可怕的,,
welfare,,n.,幸福；福利,,
whale,,n.,鲸,,
wharf,,n.,码头，停泊所,,
what,,adj.,所…的,,
whereas,,conj.,而，却，反之,,
whereby,,adv.,靠什么；靠那个,,
whilst,,conj.,同时；然而,,
whirl,,vi.,旋转，急转；发晕，变混乱 n. 旋转， 回旋； 混乱； 一连串的事,,
whisker,,n.,髯，连鬓胡子,,
whisper,,v.,低声地讲；私下说,,
white,,adj.,白种（人）的,,
whitewash,,n.,石灰水 v. 粉饰,,
whoever,,pron.,究竟是谁,,
wholesale,,n.,批发 adj. 大规模的,,
wholesome,,adj.,对健康有益的,,
wicked,,adj.,坏的；令人厌恶的,,
widely,,adv.,大大地,,
widen,,v.,拓宽，变宽,,
widespread,,adj.,广泛传播的,,
wield,,v.,挥（剑）；行使,,
wildfire,,n.,野火,,
wildlife,,n.,野生动物,,
willful,,adj.,故意的， 特意的,,
willow,,n.,柳树，柳木,,
wind,,n.,风,,
winding,,n.,蜿蜒曲折的路径 adj. 蜿蜒曲折的,,
windmill,,n.,风车,,
windy,,adj.,多风的，刮风的,,
wink,,v.,眨眼；使眼色,,
wisdom,,n.,智慧,,
wishful,,adj.,一厢情愿的,,
witch,,n.,巫婆，女巫 v. 迷惑；施巫术,,
withdraw,wɪð'drɔː,v.,撤回；取款；退出,She withdrew money from the bank.,她从银行取款。
wither,,v.,枯萎；使衰弱,,
withhold,,vt.,拒绝， 不给； 抑制， 制止,,
witness,,n.,证据；目击者，证人 vt. 目击； 为…作证， 证明,,
witty,,adj.,机智的；风趣的,,
woe,,n.,悲哀，悲痛，苦恼,,
wonder,,v.,想知道，好奇,,
woodpecker,,n.,啄木鸟,,
workload,,n.,工作量,,
workpiece,,n.,工（作）件,,
workshop,,n.,专题讨论会,,
worldly,,adj.,世间的，尘世的,,
worldwide,,adv.,世界范围地，全世界,,
worship,,v.,崇拜，喜爱,,
worthwhile,,adj.,值得花时间做的,,
worthy,,adj.,有价值的， 值得的,,
wrath,,n.,暴怒，狂怒，愤慨,,
wreck,,n.,失事，残骸；精神或身体已垮的人 vt. 破坏,,
wrench,,v.,拧，扭伤 n. 拧,,
wrestle,,n.,摔交；斗争，搏斗,,
wretched,,adj.,不幸的,,
wring,,v.,拧，挤，扭，榨,,
wrinkle,,n.,皱纹 vt. 使起皱纹,,
xerox,,v.,用静电复印,,
yacht,,n.,游艇，快艇,,
yawn,,v.,打呵欠 n. 呵欠,,
yearn,,v.,渴望，向往,,
yeast,,n.,酵母,,
yell,,,n&vi. 号叫， 叫喊,,
yield,jiːld,v./n.,产生；屈服；产量,The research yielded useful results.,研究产生了有用的成果。
yoke,,n.,轭，牛轭；枷锁,,
yolk,,n.,蛋黄，卵黄,,
youngster,,n.,儿童，少年，年轻人,,
zeal,ziːl,n.,热情；热忱,She worked with great zeal.,她满怀热情地工作。
zealous,,adj.,热心的,,
zigzag,,adj.,曲折的；锯齿形的；之字形的 v. 使成之字形；使曲折行进 n. 之字形；Z字形 adv. 曲折地；之字形地；Z字形地,,
zinc,,n.,锌 v. 在…上镀锌,,
zip,,n.,拉链 vt. 用拉链拉上或扣上,,
zoom,,n.,急速上升；嗡嗡声；[摄] 变焦摄影 v. 急速上升；摄像机移动,,
