word,phonetic,pos,meaning,example,example_zh
abalone,,n.,[动]鲍鱼(软体动物),,
abandon,,v.,"放弃,遗弃",,
abandonment,,n.,放弃,,
abate,,v.,减少， 减轻,,
abbey,,n.,修道院； 大教堂,,
abbreviate,,v.,"缩写, 简化",,
aberrant,,adj.,越轨的； 异常的,,
abhor,,vt.,憎恨， 厌恶,,
abiding,,adj.,持久的， 永久的,,
abigail,,n.,(贵妇人的贴身)使女,,
ability,,n.,能力， 才干,,
ablaze,,adj.,着火的， 燃烧的； 闪耀的； 情绪激动的,,
able,,adj.,"能够…的,得以…的",,
abnormal,,adj.,"反常的, 变态的",,
abnormality,,n.,变态 畸形,,
aboard,,,prep&ad. 在(船、飞机、车)上，上船,,
abolish,,v.,"废止, 废除",,
abolition,,n.,废除， 废止； 废奴运动,,
aboriginal,,adj.,"土著的,原来的",,
aborigine,,n.,土著居民,,
abort,,v.,夭折， 中止； 使流产,,
abortive,,adj.,落空的， 失败的,,
abound,,v.,"富于, 充满",,
above,,prep.,"在…上方,多(大,高)于 adv. 在上面",,
aboveground,,adj.,在地面上的 adv. 地面上地,,
abrasion,,n.,磨损,,
abreast,,adv.,"并肩地, 并排地",,
abridge,,vt.,缩短， 删节， 节略， 精简,,
abroad,,adv.,"到国外,在国外",,
abrupt,,adj.,"突然的,陡峭的,生硬的",,
abruptly,,adv.,突然地；粗鲁地,,
abruptness,,n.,"唐突,粗鲁",,
absence,,n.,"不在, 缺席, 缺乏, 没有",,
absent,,adj.,缺席的；缺乏的,,
absenteeism,,n.,"旷课, 旷工",,
absolute,,adj.,"完全的, 绝对的",,
absolutely,,adv.,"完全地, 绝对地",,
absolve,,vt.,赦免； 免除； 宽恕,,
absorb,,v.,"吸收,吸引",,
absorption,,n.,吸收,,
abstract,,n.,"摘要,抽象",,
abstraction,,n.,提取,,
absurd,,adj.,"荒谬的, 可笑的",,
abundance,,n.,"丰富,充裕",,
abundant,,adj.,"丰富的,充裕的",,
abundantly,,adv.,"大量地, 丰富地",,
abuse,,,"n&v. 滥用, 虐待,辱骂",,
abut,,v.,"邻接, 毗邻",,
abysmal,,adj.,深不可测的； 极坏的， 糟透的,,
academic,,adj.,"学院的, 理论的",,
academically,,adv.,学业上,,
academician,,n.,"院士, 大学生",,
academy,,n.,"学院,学会,专科学校",,
accede,,vi.,即位， 就任； 同意,,
accelerate,,v.,"加速,促进",,
acceleration,,n.,"加速度,加速",,
accent,,n.,重音； 口音； 重音符号 vt. 重读,,
accept,,v.,"接受,承认,同意",,
acceptable,,adj.,"可接受的, 合意的",,
acceptance,,n.,"接受,接纳",,
access,,n.,"入口,通道 v. 进入",,
accessibility,,n.,"易接近, 可到达的",,
accessible,,adj.,"可得到的,易接近的",,
accessory,,n.,附件 adj. 辅助的,,
accident,,n.,"意外事件, 事故",,
accidental,,adj.,意外的，偶然(发生)的,,
accidentally,,adj.,"意外的,偶然(发生)的",,
acclaim,,,"n&v. 喝采, 欢呼",,
accommodate,,v.,"容纳,提供(住处),适应",,
accompaniment,,n.,"陪伴物, 伴奏",,
accompany,,v.,"陪伴,伴奏",,
accomplish,,v.,"完成,实现",,
accomplishment,,n.,"成就, 完成",,
accord,,,"n&v. 一致, 协定",,
accordingly,,adv.,"因此, 相应地, 于是",,
accordion,,n.,手风琴,,
account,,n.,"记述,帐(户),解释 v. 说明,占",,
accountant,,n.,"会计(员), 会计师",,
accounting,,n.,会计学； 会计,,
accredit,,vt.,委任， 授权； 把…归于； 正式认可,,
accrete,,v.,"共生, 附着, 增加",,
accumulate,,v.,"积聚,堆积",,
accumulation,,n.,"积聚,堆积物",,
accumulator,,n.,"蓄电池,积聚者",,
accuracy,,n.,"精确性, 正确度",,
accurate,,adj.,"准确的,精确的",,
accusation,,n.,"谴责, [律]指控",,
accuse,,v.,"控告, 谴责",,
accustom,,v.,使习惯于,,
acetate,,n.,[化]醋酸盐,,
achievable,,adj.,"做得成的, 可完成的",,
achieve,,v.,"完成,达到",,
achievement,,n.,"成就,功绩",,
achingly,,adv.,"极其,非常痛地",,
achondrite,,n.,不含球粒陨石,,
acid,,n.,酸 adj. 酸的,,
acidic,,adj.,"酸的,酸性的",,
acidity,,n.,"酸度, 酸性, [医]酸过多, 胃酸过多",,
acknowledge,,v.,"承认, 答谢",,
acorn,,n.,"橡树果,橡子",,
acoustic,,adj.,"有关声音的, 声学的",,
acoustical,,adj.,"听觉的, 声学的",,
acquaint,,v.,"使熟知, 通知",,
acquaintance,,n.,"相识, 熟人",,
acquiesce,,vi.,默许， 默认,,
acquire,,v.,"获得,学到",,
acquisition,,n.,获得(物),,
acquit,,vt.,宣告无罪； 表现,,
acre,,n.,"英亩, 地产",,
acreage,,n.,"英亩数, 面积",,
acronym,,n.,只取首字母的缩写词,,
across,,prep.,"穿过,在对面",,
act,,v.,"行动,表演 n. 行为",,
acting,,adj.,代理的 n. 演戏， 表演,,
action,,n.,"行动,行为,作用",,
activate,,v.,"激活, 使活动",,
active,,adj.,"积极的,活跃的,起作用的",,
actively,,adv.,"活跃地, 积极地",,
activist,,n.,"激进主义分子, 行动主义分子",,
actor,,n.,"男演员,行动者",,
actress,,n.,女演员,,
actual,,adj.,"实际的,真实的",,
acumen,,n.,敏锐， 聪明,,
acute,,adj.,"敏锐的, 急性的",,
adamant,,adj.,坚定不移的， 坚决的； 固执的,,
adapt,,v.,"适应,改编",,
adaptability,,n.,适应性,,
adaptable,,adj.,"能适应的,适应性强的",,
adaptation,,n.,"适应, 改编, 改写本",,
adaptive,,adj.,"适合的, 适应的",,
addictive,,adj.,使人上瘾的； 使人沉醉的， 醉心的,,
addition,,n.,"加,增加,附加物",,
additional,,adj.,"另外的,附加的",,
additionally,,adv.,"另外, 同时",,
additive,,adj.,附加的 n. 添加剂,,
address,,n.,"地址,演说 vt写地址,演说",,
adept,,adj.,"熟练的, 老练的 n老手, 擅长者",,
adequacy,,n.,"适当, 足够",,
adequate,,adj.,"足够的,适当的",,
adequately,,adv.,充分地,,
adhere,,v.,"粘附,遵守",,
adhesive,,adj.,带黏性的 n. 胶合剂,,
adjacent,,adj.,"邻近的,毗连的",,
adjoin,,v.,"邻接, 毗连",,
adjunct,,n.,"附件, 助手 adj. 附属的",,
adjust,,v.,"调整,校准",,
adjustment,,n.,"调整, 调节",,
administer,,v.,"管理, 给予, 执行",,
administration,,n.,"管理,经营",,
administrative,,adj.,管理的，行政的,,
administrator,,n.,"管理人,行政官",,
admirable,,adj.,"令人钦佩的,令人赞赏的",,
admiral,,n.,"海军上将, 舰队司令",,
admiration,,n.,"钦佩, 赞美, 羡慕",,
admire,,v.,"赞美,钦佩,羡慕",,
admission,,n.,"允许进入, 承认, 许可",,
admit,,v.,"承认,准许",,
admittedly,,adv.,"不可否认的, 公认地",,
adobe,,n.,泥砖，土坯,,
adolescence,,n.,青春期,,
adolescent,,adj.,青春期的 n. 青少年,,
adopt,,v.,"采用,收养",,
adoption,,n.,"采用, 收养",,
adorn,,v.,装饰,,
adornment,,n.,"装饰, 装饰品",,
adrenaline,,n.,肾上腺素(使激动兴奋等),,
adrift,,,"a&ad. 漂流的,漫无目的",,
adroit,,adj.,精明的， 干练的； 熟练的， 灵巧的,,
adult,,n.,成年人,,
adulthood,,n.,成人期,,
advance,,v.,前进，向前移动；发展，进步；促进；预付 adj. 预先的； 先头的 n. 前进；进展；预付,,
advanced,,adj.,先进的； 高级的， 高等的； 晚期的， 后期的,,
advancement,,n.,"前进, 进步",,
advantage,,n.,"优势,有利条件 v. 有利于",,
advantageous,,adj.,有利的,,
advantageously,,adv.,"有利地,方便地",,
advent,,n.,出现，到来,,
adventitious,,adj.,偶然的， 偶发的,,
adventure,,n.,"冒险 v. 冒险,大胆说出来",,
adventurer,,n.,冒险家,,
adventurous,,adj.,冒险的；惊险的,,
adversary,,n.,对手， 敌手,,
adverse,,adj.,不利的，有害的,,
adversely,,adv.,"不利地,逆向地",,
adversity,,n.,"灾祸, 逆境",,
advertise,,v.,"登广告,宣传",,
advertisement,,n.,广告,,
advertiser,,n.,"登广告者,广告客户",,
advice,,n.,"忠告, 建议",,
advisable,,adj.,可取的， 适当的； 明智的,,
advise,,v.,"劝告, 忠告, 警告, 建议",,
adviser,,n.,"顾问,",,
advisory,,adj.,顾问的，咨询的；劝告的 n. 警报,,
advocate,,v.,"提倡,鼓吹",,
aerial,,adj.,空中的，地表以上的；从飞行器上的 n. 天线,,
aero,,adj.,"航空的, 飞行的",,
aerobics,,n.,有氧运动,,
aerodynamic,,adj.,空气动力学的,,
aesthetic,,adj.,"美学的,审美的",,
aesthetically,,adv.,有审美能力地,,
afar,,adv.,遥远地,,
affable,,adj.,和蔼可亲的， 易于交谈的， 友善的,,
affair,,n.,"事务,事件",,
affect,,v.,"影响,作用",,
affection,,n.,"影响, 感情",,
affectional,,adj.,"情感上的, 爱情的",,
affiliate,,v.,使隶属于 n. 附属机构,,
affinity,,n.,"密切关系,类同",,
affirm,,v.,"断言, 确认",,
affix,,v.,"使附于, 粘贴 n[语]词缀",,
afflict,,v.,"使痛苦, 折磨",,
affluent,,adj.,"丰富的, 富裕的",,
afford,,v.,"提供,给予",,
affordable,,adj.,负担得起的,,
affront,,v.,侮辱，冒犯,,
afghanistan,,n.,阿富汗(西南亚国家),,
afield,,adv.,"远离着(家乡), 去远处",,
afloat,,,"a&ad. 飘浮的, 传播的",,
afoul,,adv.,相抵触， 有冲突,,
afraid,,adj.,害怕的,,
africa,,n.,非洲,,
african,,n.,非洲人 adj. 非洲的,,
afterlife,,n.,"来世, 后来的岁月",,
aftermath,,n.,后果， 余波,,
afternoon,,n.,午后,,
afterward,,adv.,"然后, 后来",,
afterwards,,adv.,"然后, 后来地",,
again,,adv.,"再,又",,
against,,prep.,"反对,逆,防御",,
ageism,,n.,年龄歧视,,
agency,,n.,"代理处, 中介",,
agenda,,n.,议程， 议程表,,
agent,,n.,代理(商),,
aggravate,,v.,"使恶化, 加重",,
aggregate,,n.,"合计 v. 聚集, 集合",,
aggregation,,n.,"集合,集合体",,
aggression,,n.,"进攻,侵略",,
aggressive,,adj.,"侵略的,进攻性的",,
aggressiveness,,n.,"进取精神, 侵犯",,
agile,,adj.,敏捷的， 灵活的,,
agility,,n.,"敏捷, 活泼",,
agitate,,v.,"搅动,煽动",,
agitation,,n.,鼓动，焦虑,,
agonize,,v.,"使极度痛苦, 折磨",,
agrarian,,adj.,"有关土地的, 耕地的",,
agree,,v.,"同意,赞成",,
agreeable,,adj.,使人愉快的； 欣然同意的,,
agreement,,n.,"同意, 一致",,
agricultural,,adj.,农业的,,
agriculturalist,,n.,农学家,,
agriculturally,,adv.,农业上,,
agriculture,,n.,"农业,农学",,
ahead,,,"a&ad. 在前, 向前",,
aid,,n.,"帮助,资助",,
aide,,n.,"助手, 副官",,
aie,,n.,急性包涵(体)脑炎,,
ail,,v.,生病，使苦恼,,
ailment,,n.,小病,,
aim,,n.,"目标v对瞄准,打算",,
airborne,,adj.,"空运的, 空气传播的",,
aircraft,,n.,航行器,,
airflow,,n.,气流,,
airplane,,n.,飞机,,
airport,,n.,"机场,航空站",,
airstream,,n.,气流,,
airway,,n.,"空中航线, 通风孔",,
airy,,adj.,"通风的, 轻快的",,
akin,,adj.,同类的,,
ala,,n.,"(昆虫的)翼, 翅",,
alarm,,n.,"警报 vt恐吓, 警告",,
alaska,,n.,阿拉斯加州(美国州名),,
alaskan,,n.,阿拉斯加人 a阿拉斯加的,,
albedo,,n.,[天文](星体)反照率,,
alchemist,,n.,炼金术士,,
alcohol,,n.,"酒精,酒",,
alder,,n.,[植]桤木,,
aldosterone,,n.,"[生化]醛甾酮,醛固酮",,
alert,,adj.,警觉的n戒备,,
alertness,,n.,"警戒, 机敏",,
alga,,n.,"藻类,海藻",,
algae,,n.,水藻,,
algebra,,n.,代数,,
alien,,adj.,外国(人)的 n. 外国(星)人,,
alienable,,adj.,可转让的,,
alienate,,v.,疏远,,
align,,v.,排列，使结盟,,
alike,,adj.,"相同的, 相似的",,
alive,,adj.,"活着的, 活泼的",,
alkali,,n.,碱 adj. 碱性的,,
alkaline,,adj.,碱性的，碱的,,
alkaloid,,n.,[化]生物碱,,
allay,,v.,"减轻, 减少",,
allege,,vt.,断言， 宣称,,
allegiance,,n.,忠诚， 效忠， 拥戴,,
allegory,,n.,寓言,,
allende,,n.,"阿连德(在墨西哥, 西经 100o01' 北纬 25o20')",,
allergic,,adj.,过敏的， 变态反应的； 对…讨厌的,,
allergy,,n.,过敏性反应,,
alleviate,,vt.,减轻， 缓解， 缓和,,
alligator,,n.,产于美洲的鳄鱼,,
allocate,,v.,"分派, 分配",,
allocation,,n.,"分配,安置",,
allot,,vt.,分配， 配给， 拨给,,
allow,,v.,"允许(…进入),同意给,承认",,
alloy,,n.,合金,,
allude,,v.,暗指，提及,,
allure,,,n&v. 诱惑， 吸引,,
allusion,,n.,"提及, 暗示",,
alluvial,,adj.,"冲积的, 淤积的",,
ally,,v.,结盟 n. 同盟国； 结盟者， 支持者,,
almanac,,n.,"历书, 年鉴",,
almost,,adv.,"几乎,差不多",,
aloft,,adv.,"在高处, 在上",,
alone,,adj.,单独的,,
along,,adv.,向前；一起 prep. 沿着,,
alongside,,,prep&ad. 在旁边,,
aloof,,adj.,冷漠的,,
aloud,,adv.,大声地,,
alp,,n.,高山,,
alpha,,n.,希腊字母的第一个字母,,
alphabet,,n.,字母表,,
alphabetically,,adv.,按字母表顺序地,,
alpine,,adj.,"高山的, 阿尔卑斯山的",,
already,,adv.,已经,,
alter,,v.,改变,,
alteration,,n.,"变更, 改造",,
alternate,,v.,"交替, 轮流",,
alternately,,adv.,"交替地,轮流地",,
alternative,,adj.,"选择性的,二中择一的",,
alternatively,,adv.,"做为选择,二者择一地",,
altitude,,n.,高度(海拔),,
altogether,,adj.,"完全地, 总而言之",,
altruistic,,adj.,利他的， 无私心的， 为他人着想的,,
alumina,,n.,[化]氧化铝(亦称矾土),,
aluminum,,n.,铝,,
alumnus,,n.,"男毕业生, 男校友",,
always,,adv.,"总是,一直,始终,",,
amalgamation,,n.,融合， 合并； 联合， 结合,,
amass,,v.,积累，积聚,,
amateur,,n.,业余爱好者,,
amaze,,v.,使吃惊,,
amazement,,n.,"惊愕, 惊异",,
amazingly,,adv.,"惊奇地, 惊人地",,
ambidextrous,,adj.,十分灵巧的,,
ambience,,n.,"周围环境, 气氛",,
ambient,,adj.,周围的 n周围环境,,
ambiguity,,n.,模棱两可的话； 歧义,,
ambiguous,,adj.,不明确的， 模棱两可的,,
ambition,,n.,"野心, 雄心",,
ambitious,,adj.,有雄心的,,
ambivalent,,adj.,对立的， 感情矛盾的,,
amble,,vi.,缓行， 漫步,,
ambush,,,n&vt. 埋伏， 伏击,,
ameliorate,,v.,"改善, 改进",,
amenable,,adj.,顺从的；对…负有责任(义务)的,,
amend,,vt.,修正， 修订,,
amendment,,n.,"改善, 改正",,
amenity,,n.,"宜人, 礼仪",,
americana,,n.,"有关美国的文物, 史料",,
americanism,,adj.,"美国所创, 美国风俗, 美国精神",,
amiable,,adj.,可爱的； 友好的， 和蔼的， 亲切的,,
amid,,prep.,在中,,
amino,,adj.,氨基的 n. [化学] 氨基,,
ammonia,,n.,"[化]氨, 氨水",,
amnesia,,n.,健忘症,,
amniotic,,adj.,[昆] 羊膜的,,
amount,,vi.,总计 n. 总额,,
amphibious,,adj.,两栖的； 水陆两用的,,
ample,,adj.,"充足的, 丰富的",,
amplification,,n.,扩大,,
amplifier,,n.,"扩音器, 放大器",,
amplify,,v.,"放大,详述",,
amsterdam,,n.,阿姆斯特丹(荷兰首都),,
amuse,,v.,"使发笑,使愉快",,
amusement,,n.,"娱乐, 消遣",,
anaerobic,,adj.,"厌氧的,厌气的",,
analogous,,adj.,类似的,,
analogy,,n.,"类似, 类推",,
analysis,,n.,"分析,解析",,
analyst,,n.,"分析家, 分解者",,
analyze,,v.,"分析,分解",,
anarchist,,n.,无政府主义者,,
anathema,,n.,诅咒,,
anatomy,,n.,"剖析, 解剖学",,
ancestor,,n.,"祖先,祖宗",,
ancestral,,adj.,祖先的,,
ancestry,,n.,"祖先(集合称), 血统",,
anchor,,n.,锚 v抛锚,,
ancient,,adj.,古代的； 古老的,,
andromeda,,n.,"埃塞俄比亚的公主, 仙女座",,
anecdotal,,adj.,"轶事的,趣闻的",,
anecdote,,n.,秘闻； 轶事， 趣闻,,
anemone,,n.,"[植]银莲花, [动]海葵",,
anew,,adv.,"重新, 再",,
anger,,n.,怒 v. 恼火,,
angiosperm,,n.,被子植物,,
angiotensin,,n.,[医]血管紧缩素,,
angle,,n.,"[数]角,角落",,
anglo,,n.,"盎格鲁, 英裔美国人",,
angry,,adj.,发怒的，生气的,,
angstrom,,n.,[物理]埃(长度单位),,
anguish,,v.,极度痛苦 n. 极度痛苦,,
angular,,adj.,"[生物] 有角的,生硬的,笨拙的",,
animate,,v.,鼓舞 adj. 生气勃勃的,,
animation,,n.,"兴奋,活跃",,
ankle,,n.,[解]踝,,
annex,,n.,"附件 v. 并吞, 附加",,
annihilate,,v.,"消灭,湮灭",,
annotation,,n.,注释， 注解,,
announce,,v.,"宣布,宣告",,
annoyed,,adj.,生气的,,
annual,,adj.,年度的,,
annually,,adv.,每年；按年计算,,
annul,,vt.,宣布无效， 取消， 废除,,
anomalous,,adj.,异常的； 不规则的,,
anomaly,,n.,"不规则, 异常的人或物",,
anomie,,n.,社会道德沦丧， 失范； 混乱,,
anonymous,,adj.,无名的；匿名的,,
ant,,n.,蚂蚁,,
antagonism,,n.,"对抗(状态), 对抗性",,
antagonistic,,adj.,"敌对的,对抗性的",,
antarctica,,n.,南极洲,,
anteater,,n.,[动]食蚁动物,,
antecede,,vt.,居先； 高于,,
antecedent,,adj.,先行的 n. 祖先,,
antelope,,n.,羚羊,,
antenna,,n.,天线,,
anthocyanin,,n.,"[植]花青素, [化]花色醣苔",,
anthropological,,adj.,"人类学的,人类学上的",,
anthropologically,,adv.,人类学上,,
anthropologist,,n.,人类学家,,
anthropology,,n.,人类学,,
anthropomorphism,,n.,"拟人论,拟人观",,
anti,,n.,反对者 a反对的,,
antibiotic,,n.,抗生素,,
anticipate,,v.,"预期(料),期望",,
antifungal,,adj.,"抗真菌的, 杀真菌的",,
antipathy,,n.,"憎恶, 反感",,
antiquate,,adj.,"旧式的,过时的",,
antique,,n.,古物，,,
antiquity,,n.,古代,,
antonym,,n.,反义词,,
anvil,,n.,[解]砧骨,,
anxiety,,n.,"忧虑, 焦急",,
anxious,,adj.,"渴望的, 忧虑的",,
anxiously,,adv.,"忧虑地, 不安地",,
anymore,,adv.,"不再, 再也不",,
anyone,,pron.,任何一个,,
anyplace,,adv.,任何地方,,
anything,,pron.,任何事,,
anytime,,adv.,"任何时候, 无论何时",,
anyway,,adv.,"无论如何, 总之",,
anywhere,,adv.,无论何处,,
apace,,adv.,"快速地, 急速地",,
apart,,adv.,"相间隔,分离 adj. 分离(隔)的",,
apartment,,n.,公寓住宅,,
ape,,n.,猿,,
aphid,,n.,[动]蚜虫,,
apiece,,adv.,"每个, 每人, 各",,
apologize,,vi.,道歉， 认错； 辩解,,
appalachian,,adj.,阿帕拉契山脉的,,
apparatus,,n.,"器械, 设备, 仪器",,
apparent,,adj.,"明显的,表面上的",,
appeal,,,"n&v. 呼吁,上诉",,
appearance,,n.,"出现,露面,外貌",,
appease,,vt.,平息； 安抚， 抚慰； 绥靖,,
append,,vt.,附加， 增补,,
appetite,,n.,"食欲,欲望",,
applaud,,v.,鼓掌， 喝彩； 称赞,,
apple,,n.,苹果,,
appliance,,n.,用具， 器具； 装置,,
applicability,,n.,"适用性, 适应性",,
applicable,,adj.,"合适的, 适用的,",,
applicant,,n.,申请者,,
application,,n.,"请求,申请,应用",,
apply,,v.,"申请,应用",,
appoint,,v.,"任命, 委派",,
appointment,,n.,"约会, 指定",,
apportion,,v.,分配,,
apportionment,,n.,分派， 分摊， 分配,,
appraisal,,n.,"估计, 评估",,
appraise,,vt.,估价； 估量； 评价， 评定,,
appreciable,,adj.,"可感知的,相当可观的",,
appreciably,,adv.,"略微, 有一点",,
appreciate,,v.,"赏识, 感激",,
appreciation,,n.,"感谢, 感激",,
apprehend,,vt.,逮捕； 领会， 理解,,
apprentice,,n.,学徒 v. 当学徒,,
apprenticeship,,n.,学徒的身份； 学徒的年限,,
apprise,,vt.,通知， 告诉,,
approach,,v.,"靠近,接近 n. 途径,方法",,
appropriate,,adj.,适当的,,
appropriately,,adv.,适当地,,
approval,,n.,"赞同,批准, 认可",,
approve,,v.,"赞成, 批准",,
approximate,,adj.,"近似的,大约的 v. 近似,接近",,
approximation,,n.,接近； 近似值,,
april,,n.,四月,,
aptitude,,n.,适合， 恰当； 天资， 才能， 资质,,
aptly,,adv.,"适当地,适宜地",,
aquarium,,n.,养鱼缸； 水族馆,,
aquatic,,adj.,"水的,水生的 n. 水生动物",,
aqueduct,,n.,"沟渠,导水管",,
aquifer,,n.,"含水土层,蓄水层",,
arab,,,n&a. 阿拉伯人(的),,
arabian,,n.,阿拉伯人 a阿拉伯(人)的,,
arable,,adj.,可耕作的，适于耕作的 n. 可耕地,,
aragonite,,n.,"[矿]霰石, 文石",,
arbitrary,,adj.,"任意的, 武断的",,
arboreal,,adj.,树木的,,
arc,,n.,"弧, 弓形",,
arcade,,n.,拱廊,,
arch,,n.,拱门v(使)弯成弓形,,
archaeocyte,,n.,原始(生殖)细胞,,
archaeological,,adj.,考古学的,,
archaeologist,,n.,考古学家,,
archaeology,,n.,考古学,,
archaeopteryx,,n.,始祖鸟(古代生物),,
archaic,,adj.,"古代的, 陈旧的",,
archipelago,,n.,"群岛, 多岛海",,
architect,,n.,建筑师,,
architecture,,n.,"建筑,建筑学",,
archive,,n.,档案室 vt. 存档,,
arctic,,adj.,北极的 n北极(圈),,
ardent,,adj.,热心的， 热情洋溢的,,
arduous,,adj.,"费力的, 辛勤的",,
arena,,n.,"竞技场, 舞台",,
argon,,n.,[化]氩,,
argue,,v.,"说服,争论,辩论",,
argument,,n.,争论,,
aria,,n.,独唱曲， 咏叹调,,
arid,,adj.,"干旱的,贫瘠的",,
aridity,,n.,"干旱, 乏味",,
arise,,v.,"出现,发生,起因于",,
aristocracy,,n.,贵族（政治）,,
aristocrat,,n.,贵族,,
aristocratic,,adj.,"贵族政治的,贵族的",,
arithmetic,,n.,算术,,
arm,,n.,"臂 v. 供给,武装",,
armor,,n.,装甲 v. 为…装甲,,
armory,,n.,"兵工厂,军械库",,
army,,n.,军队,,
aroma,,n.,芳香， 香味； 气氛， 氛围,,
aromatic,,adj.,芬芳的,,
arousal,,n.,"觉醒, 激励",,
arouse,,v.,"唤醒,鼓励 v. 睡醒",,
arrange,,v.,"安排,排列",,
array,,,"n&v. 展示,排列",,
arrest,,v.,"逮捕, 拘留",,
arrival,,n.,"到来, 到达",,
arrive,,v.,"到达,抵达",,
arrogant,,adj.,傲慢的， 自大的,,
arrow,,n.,"箭, 箭头记号",,
arsenal,,n.,"兵工厂, 军械库",,
arsenic,,n.,"[化]砷, 砒霜",,
artesian,,adj.,自流水的， 喷水的,,
arthritis,,n.,关节炎,,
arthropod,,,n&a. 节肢动物(的),,
article,,n.,"文章,论文",,
articulate,,adj.,"有关节的, 发音清晰的 v用关节连接, 接合",,
artifact,,n.,人造物品,,
artifice,,n.,诡计， 奸计； 策略,,
artificial,,adj.,"人造的,虚伪的",,
artificially,,adv.,"人工地,不自然地",,
artisan,,n.,"工匠,技工",,
artiste,,n.,技艺家,,
artistic,,adj.,艺术的,,
artistically,,adv.,"艺术地, 在艺术上",,
artistry,,n.,艺术之性质,,
artwork,,n.,"艺术品,美术品",,
ascend,,v.,"攀登, 上升",,
ascent,,n.,"上升,提高",,
ascertain,,vt.,弄清， 查明,,
ascribe,,v.,"归因于, 归咎于",,
ash,,n.,"灰(烬),[植]岑树",,
ashcan,,n.,"垃圾桶, 深水炸弹",,
ashore,,adv.,"向岸地, 在岸上地",,
asia,,n.,亚洲,,
asian,,,"n&a. 亚洲(的), 亚洲人(的)",,
aside,,adv.,"在旁边,到旁边",,
ask,,v.,"询问,请求,邀请",,
asleep,,adj.,睡着的,,
aspect,,n.,"方面,外观",,
asphalt,,n.,沥青,,
aspiration,,n.,"热望, 渴望",,
aspire,,v.,"热望, 立志",,
assail,,vt.,抨击， 指责； 猛攻； 困扰,,
assassinate,,vt.,暗杀， 行刺； 诋毁,,
assault,,,"n&v. 攻击, 袭击",,
assemblage,,n.,"集合, 集会",,
assemble,,v.,"集合,聚集,装配",,
assembly,,n.,集会，集合;组装,,
assent,,,n&vi. 同意， 赞成,,
assert,,v.,"断言, 声称",,
assess,,v.,"估定,评定",,
assessment,,n.,估计；评估,,
asset,,n.,资产,,
assign,,v.,"分配,指派",,
assimilate,,v.,透彻理解， 吸收， 消化； 同化,,
assimilation,,n.,同化； 吸收,,
assist,,v.,"援助,帮助",,
assistance,,n.,"协助, 援助, 补助,",,
assistant,,n.,"助手, 助教",,
associate,,v.,"联合,结交 n. 伙伴 adj. 副的",,
association,,n.,"协会,联合,结交",,
associative,,adj.,联想的； 结合的； 关联的,,
assort,,v.,分类配全,,
assortment,,n.,"分类,混合物",,
assume,,v.,"假定,设想",,
assumption,,n.,"假定, 设想",,
assure,,v.,"使确信, 确保",,
asteroid,,n.,小行星,,
asthenosphere,,n.,岩流圈,,
asthma,,n.,哮喘,,
astonish,,v.,使惊讶,,
astound,,v.,"使惊骇, 使大吃一惊",,
astrological,,adj.,"占星的, 占星术的",,
astronaut,,n.,宇航员,,
astronomer,,n.,天文学家,,
astronomical,,adj.,"天文学的, 巨大的",,
astronomy,,n.,天文学,,
astute,,adj.,"机敏的, 狡猾的",,
asymmetrical,,adj.,"不对称的,不均匀的",,
atheist,,n.,无神论者,,
athenian,,n.,/a雅典(人)(的),,
athens,,n.,雅典(希腊首都),,
athlete,,n.,运动员,,
atlantic,,n.,大西洋 adj. 大西洋的,,
atlas,,n.,"地图, 地图集",,
atmosphere,,n.,"大气,空气,气氛",,
atmospheric,,adj.,大气的,,
atom,,n.,原子,,
atomic,,adj.,"原子的,原子能的",,
atomization,,n.,"分离成原子, 雾化",,
atrophy,,n.,萎缩,,
attach,,v.,"缚上, 配属,隶属于",,
attachment,,n.,"附件,附加装置",,
attack,,,"v&n. 攻击,进攻",,
attacker,,n.,攻击者,,
attain,,v.,"达到, 获得",,
attainment,,n.,达到,,
attempt,,,"n&vt. 尝试,企图,努力",,
attend,,v.,"出席, 参加,照料",,
attendance,,n.,"出席, 出席的人数",,
attendant,,n.,服务员 adj. 伴随的,,
attention,,n.,"注意,关心",,
attentive,,adj.,"注意的, 留意的",,
attest,,v.,证明,,
attic,,n.,阁楼,,
attire,,n.,服装 v. 打扮,,
attitude,,n.,"态度,看法",,
attorney,,n.,辩护律师； 代理人,,
attract,,v.,吸引,,
attraction,,n.,吸引(力)；具有吸引力的事物(或人),,
attractive,,adj.,吸引人的， 有魅力的； 引起注意的,,
attractively,,adv.,有吸引力地，诱人地,,
attractiveness,,n.,"魅力, 吸引力",,
attributable,,adj.,可归因于的,,
attribute,,n.,"属性,品质,特征",,
auction,,n.,／ vt拍卖,,
audible,,adj.,听得见的,,
audience,,n.,"听众,观众",,
audio,,adj.,"音频的,声音的",,
audit,,vt.,旁听； 审计,,
audition,,n.,旁听； 试演,,
auditorium,,n.,"听众席,观众席,",,
auditory,,adj.,"耳的, 听觉的",,
auger,,n.,螺丝钻 vt. 用钻子钻洞于,,
augment,,vt.,增加， 提高,,
august,,n.,八月(略作Aug),,
aural,,adj.,听觉的,,
aurora,,n.,"黎明的女神,极光",,
auspicious,,adj.,吉兆的， 吉利的； 幸运的,,
austere,,adj.,"简朴的, 严厉的",,
australia,,n.,澳大利亚,,
australian,,n.,澳大利亚(的),,
austrian,,n.,"奥地利人 adj. 奥地利的, 奥地利人的",,
authentic,,adj.,"可信的,真正的",,
authenticity,,n.,"确实性, 真实性",,
authoritative,,adj.,官方的； 权威性的， 可信的； 专断的， 命令式的,,
authority,,n.,"权威,权力",,
authorization,,n.,"授权,认可",,
authorize,,v.,批准,,
auto,,n.,"自动,<美口>汽车",,
autobiographical,,adj.,自传的,,
autobiography,,n.,自传,,
automate,,v.,"使自动化, 自动操作",,
automatic,,n.,"自动机械 a自动的,机械的",,
automatically,,adv.,"自动地,机械地",,
automobile,,n.,汽车,,
autonomic,,adj.,"自治的, 自律的",,
autonomous,,adj.,自治的,,
autonomy,,n.,自治,,
autumn,,n.,秋天,,
auxiliary,,adj.,"辅助的, 补助的",,
avail,,v.,"有益于,有帮助 n. 效用, 利益",,
availability,,n.,"可用性,有效性,实用性",,
available,,adj.,"可利用的,可得到的,有空的",,
avalanche,,n.,雪崩,,
avant,,adj.,"先锋的,激进的",,
avenge,,vt.,复仇， 报仇； 向…报仇,,
avenue,,n.,"林荫道,方法",,
average,,,n&a. 平均(的) v. 平均,,
avert,,vt.,避免， 规避； 转移,,
aviation,,n.,"航空,飞机制造业",,
aviator,,n.,飞行员,,
avid,,adj.,渴望的,,
avocational,,n.,"娱乐, 消遣",,
avoid,,v.,"避免,预防",,
avoidable,,adj.,可避免的,,
avoidance,,n.,避免,,
await,,v.,等候,,
awake,,v.,"醒,唤醒 a警觉的, 醒的",,
awaken,,v.,"唤醒, 醒来",,
award,,n.,"奖,奖品 v. 授予,判给",,
aware,,adj.,"意识到,知道的",,
awareness,,n.,"知道, 晓得",,
away,,adv.,"在远处,离去",,
awesome,,adj.,"可怕的, 表示敬畏的",,
awful,,adj.,"可怕的, 威严的,",,
awhile,,adv.,"片刻, 一会儿",,
awkward,,adj.,"难使用的, 笨拙的",,
awkwardly,,adv.,"笨拙地, 无技巧地",,
ax,,n.,斧头 vt削减,,
axe,,n.,"斧, (经费的)大削减",,
axis,,n.,轴； 轴线， 中心线,,
babble,,v.,说蠢话，牙牙学语,,
baboon,,n.,[动]狒狒,,
baby,,n.,婴孩,,
babylonian,,n.,"巴比伦人(的), 巴比伦语（的）",,
bachelor,,n.,"单身汉, 文理学士",,
back,,adv.,"回原处 n. 背,后面 adj. 后面的 v. 后退",,
backbone,,n.,脊梁骨；支柱,,
backbreaking,,adj.,"非常辛苦的,极累人的",,
backdrop,,n.,"背景幕, 背景",,
background,,n.,"背景,后台",,
backhand,,n.,反手击球,,
backlighting,,n.,逆光,,
backup,,n.,"后援, 支持",,
backward,,,"a&ad. 向后的, 落后的",,
bacon,,n.,咸肉， 熏肉,,
bacteria,,n.,细菌,,
bacterial,,adj.,细菌的,,
bacterium,,n.,细菌,,
bad,,adj.,"劣质的,有害的,坏的",,
badge,,n.,"徽章, 证章",,
badly,,adv.,"严重地, 恶劣地",,
baedeker,,n.,"旅行指南, 入门手册",,
baffle,,vt.,使困惑， 难住,,
bag,,n.,袋子,,
bagel,,n.,硬面包圈,,
bait,,n.,鱼饵，诱饵 vt. 下诱饵； 激怒,,
bake,,v.,"烘焙,烤",,
balance,,n.,平衡 v. 使平衡,,
balcony,,n.,"阳台, 包厢",,
bald,,adj.,光秃的， 秃头的； 简单的， 单调的,,
balk,,v.,畏缩； 阻止； 妨碍 n. 障碍,,
balkan,,,n&a. 巴尔干半岛(的),,
ball,,n.,"球, 球状物",,
ballad,,n.,"民歌, 流行歌曲",,
ballet,,n.,芭蕾(舞),,
balloon,,n.,气球 v. 膨胀,,
ballroom,,n.,"舞厅, 跳舞场",,
balm,,n.,香脂油， 药膏； 镇痛剂， 安慰剂,,
balmy,,adj.,"芳香的, 温和的",,
balsam,,n.,香液,,
baltic,,n.,"a波罗的海的, 波罗的语的",,
banana,,n.,香蕉,,
band,,n.,"乐队 v. 联合,结合",,
bandanna,,n.,大手帕,,
bandleader,,n.,伴舞乐队的指挥,,
bank,,n.,银行 v. 把(钱)存入银行,,
banker,,n.,银行家,,
bankruptcy,,n.,破产,,
banner,,n.,横幅,,
bantu,,n.,"班图人, 班图语",,
barb,,n.,鱼钩 v. 装倒钩于,,
barbecue,,v.,在烤架上烧烤 n. 烧烤野餐；金属烤架,,
barber,,v.,为…理发； 当理发师 n. 理发师,,
bard,,n.,吟游诗人,,
bare,,adj.,"赤裸的,无遮蔽的",,
barely,,adv.,"仅仅, 几乎不能",,
bargain,,vi.,讨价还价 n. 特价商品，廉价货；协议；交易,,
barge,,n.,驳船 vi猛撞,,
bark,,n.,吠声,,
barn,,n.,"[农]谷仓, 畜棚, 畜舍, 机器房",,
barrel,,n.,桶,,
barrelful,,n.,"一桶之量, 大量",,
barren,,adj.,"不生育的,贫瘠的 n. 荒地",,
barrier,,n.,"障碍物,栅栏",,
barter,,v.,交易,,
basalt,,n.,玄武岩,,
basaltic,,adj.,玄武岩的,,
base,,adj.,卑鄙的， 不道德的 vt. 把设在；,,
baseball,,n.,棒球(运动),,
basement,,n.,"地下室, 墙脚",,
basic,,adj.,"基本的,基础的",,
basically,,adv.,"基本上, 主要地",,
basin,,n.,"脸盆,盆地",,
bask,,v.,晒太阳,,
basket,,n.,"篮,一篮",,
basketmaking,,n.,篮子编织,,
basketry,,n.,篓编织品,,
basketwork,,n.,编织物,,
bat,,n.,"蝙蝠, 球棒 v用球棒击球",,
batch,,v.,分批处理 n. 一批，一组，一群；一批生产的量,,
bath,,n.,"沐浴, 浴室",,
bathe,,v.,沐浴 n. 洗澡,,
bathhouse,,n.,"公共浴室, 澡堂,",,
batter,,v.,连续猛击 n. 击球手； 面糊,,
battery,,n.,电池,,
battle,,n.,"战役 vi作战, 战斗",,
battlefield,,n.,"战场, 沙场",,
battleship,,n.,战舰,,
bay,,n.,海湾,,
beach,,n.,海滩,,
beacon,,n.,信号灯，闪光灯,,
bead,,n.,"珠子,水珠",,
beak,,n.,"鸟嘴, 喙",,
beam,,n.,"梁, 桁条",,
bean,,n.,"豆, 豆形果实",,
bear,,v.,"忍受,承担",,
beard,,n.,胡须,,
bearing,,n.,举止，风度,,
beast,,n.,野兽，牲畜,,
beat,,v.,打；战胜,,
beater,,n.,搅拌器,,
beau,,n.,花花公子,,
beautiful,,adj.,美丽的,,
beauty,,n.,"美,美景",,
beaver,,n.,海狸(毛皮),,
bed,,n.,"床,基础 v. 安置",,
bedcover,,n.,被面,,
bedpan,,n.,"便盆, 睡床用脚炉",,
bedrock,,n.,基础， 根基； 基岩,,
bedroom,,n.,卧室,,
bee,,n.,蜜蜂,,
beef,,n.,牛肉,,
beer,,n.,啤酒,,
beetle,,n.,甲虫,,
befit,,v.,适合,,
befriend,,v.,"待人如友,帮助",,
beg,,v.,"请求,乞求",,
beggar,,n.,乞丐,,
behalf,,n.,利益,,
behave,,v.,"表现,行为, 举止",,
behavioral,,adj.,行为的,,
behaviorism,,n.,行为主义,,
behaviorist,,n.,"行为主义者, 行为科学家",,
behind,,prep.,"在…后,落后于 adv. 在后面",,
being,,n.,"存在, 生命",,
belie,,v.,掩饰,,
belief,,n.,"信念,信仰",,
believable,,adj.,可信的,,
bell,,n.,"铃, 钟",,
belle,,n.,美女,,
bellow,,v.,"怒吼, 咆哮",,
bellows,,n.,风箱,,
belong,,v.,属于,,
beloved,,adj.,心爱的 n所爱的人,,
belt,,n.,"带子, 地带",,
belter,,n.,"非常好, 出色的例子",,
beluga,,n.,"(欧洲)白色大鳇鱼, 白鲸",,
bemoan,,v.,哀叹,,
bench,,n.,"长椅子,替补队员 vt给…以席位",,
bend,,v.,"弯曲,屈服",,
beneath,,prep.,"在…下,(地位等)低于 adv. 在下方",,
beneficent,,adj.,有益的； 行善的， 慈善的,,
beneficial,,adj.,"有利的, 有益的",,
beneficiary,,n.,"受惠者, 受益人",,
benefit,,n.,"利益 v. 有益于,得益",,
benevolent,,adj.,慈善的； 善心的,,
beng,,n.,大麻,,
benign,,adj.,"仁慈的, 温和的, 良性的",,
bent,,n.,"倾向, 爱好",,
bequeath,,vt.,遗赠； 流传,,
bequest,,n.,"遗产, 遗赠",,
berg,,n.,冰山,,
bergere,,n.,围手椅,,
beringia,,n.,白令海和楚可奇海海域,,
berlin,,n.,柏林[德国],,
beside,,prep.,"在…旁边,和…相比",,
besides,,prep.,"除之外 adv. 此外, 也",,
besiege,,v.,"围困,围攻",,
bestow,,v.,"给予,利用",,
bet,,n.,"赌, 打赌 v赌, 赌钱",,
betray,,v.,"出卖, 背叛",,
beverage,,n.,饮料,,
bewilder,,v.,使迷惑，使难住,,
beyond,,prep.,"远于,越出 adv. 在更远处",,
biannual,,adj.,一年两次的,,
bias,,n.,偏见vt使存偏见,,
bicameral,,adj.,两院制的， 有两个议院的,,
bicycle,,n.,"脚踏车, 自行车",,
bid,,v.,"出价, 投标 n. 投标,企图",,
bifocal,,adj.,双焦点的,,
big,,adj.,大的,,
bike,,n.,"脚踏车, 自行车",,
bilateral,,adj.,有两边的； 双边的,,
bilingual,,adj.,能说两种语言的,,
bilingualism,,n.,双语现象,,
bill,,n.,帐单 v. 开帐单,,
billfish,,n.,"长嘴鱼,尖嘴鱼",,
billion,,,n&a. 十亿(的),,
binary,,adj.,二进制的； 二元的； 由两部分组成的,,
bind,,v.,捆绑(扎)；结(粘)合,,
binge,,n.,"狂闹, 狂欢",,
biochemical,,adj.,生物化学的， 生化的,,
biodiversity,,n.,生物多样性,,
biogeochemical,,adj.,生物地球化学的,,
biographer,,n.,传记作者,,
biographical,,adj.,"传记的,传记体的",,
biography,,n.,传记,,
biological,,adj.,生物(学)的,,
biologically,,adv.,生物学地,,
biologist,,n.,生物学家,,
biology,,n.,(生物)学,,
biome,,n.,(生态)生物群系,,
biotic,,adj.,"有关生命的,生物的",,
bipedal,,adj.,"两足动物的,两足的",,
birch,,n.,"桦树, 白桦",,
birdlike,,adj.,"敏捷轻快的,似鸟的",,
birth,,n.,出生,,
birthday,,n.,生日,,
birthright,,n.,"生来就有的权利, 长子继承权",,
bis,,adv.,"二度, 二回",,
bisect,,vt.,把…二等分， 对半分,,
bison,,n.,(美洲)野牛,,
bit,,n.,一点儿，少许；小片,,
bite,,,"n&v. 咬, 刺痛",,
biter,,n.,"咬人的动物, 骗子",,
bitter,,adj.,"苦的, 痛苦的",,
bitterness,,n.,"苦味, 辛酸",,
bituminous,,adj.,"沥青的,含沥青的",,
bizarre,,adj.,"奇异的(指态度,容貌,款式等)",,
black,,adj.,"黑暗的,黑人的",,
blackbird,,n.,山鸟类,,
blacken,,v.,"使变黑, 诽谤",,
blackout,,n.,灯火管制，断电,,
blacksmith,,n.,"锻工, 铁匠",,
bladder,,n.,"膀胱, 气泡",,
blade,,n.,"刀刃, 刀片",,
blame,,,n&vt. 责备,,
bland,,adj.,"温和的,乏味的 v. 变得乏味",,
blanket,,n.,毯子,,
blast,,n.,爆炸；一阵(疾风等) vt炸，炸掉,,
blaze,,n.,"火焰 v. 照耀,激发",,
bleach,,v.,变白， 漂白 n. 漂白剂,,
bleak,,adj.,"寒冷的,荒凉的, 黯淡的",,
blend,,v.,(使)混和n混合物,,
bless,,v.,"祝福, 保佑",,
blink,,,"v&n. 眨眼, 闪烁",,
blip,,n.,"（在雷达屏幕显示出的）物体光点, 尖音信号",,
bliss,,n.,"福佑, 天赐的福 v. 狂喜",,
blister,,n.,水泡,,
blizzard,,n.,暴风雪， 大风雪,,
block,,v.,"堵塞,妨碍",,
blockage,,n.,"封锁, 妨碍",,
blood,,n.,血 v. 流血,,
bloodhound,,n.,一种大侦探犬,,
bloodstream,,n.,血流,,
bloom,,v.,"(使)开花,(使)繁盛",,
blossom,,n.,花 v. 开花,,
blow,,v.,"风吹,吹气于",,
blower,,n.,"吹制工, 送风机",,
blowhole,,n.,"喷水孔, 通风孔",,
blubber,,n.,"鲸脂,哭号v哭号",,
blue,,n.,"蓝色 adj. 蓝色的,忧郁的",,
bluebird,,n.,北美产的蓝知更鸟,,
bluefin,,n.,金枪鱼,,
blues,,n.,布鲁斯音乐， 蓝调,,
bluff,,n.,"断崖,诈骗 adj. 绝壁的 v. 诈骗",,
bluish,,adj.,带蓝色的,,
blunt,,adj.,钝的；不敏感的；直率的 vt. 使迟钝； 使减弱,,
bluntly,,adv.,"坦率地, 率直地",,
blur,,v.,"弄脏 n. 污点, 模糊",,
blurt,,vt.,脱口而出,,
blush,,vi.,脸红；羞愧 n. 脸上泛起的红晕,,
bluster,,v.,虚张声势地恫吓； 猛刮,,
board,,n.,木板,,
boast,,,v&n. 自夸,,
boat,,n.,"小船,艇",,
bode,,v.,预示,,
bog,,n.,沼泽,,
boil,,n.,"沸点 v煮沸, 激动",,
bold,,adj.,"大胆的, 无礼的",,
bolster,,n.,垫子 v. 支持,,
bolt,,v.,逃跑；闩上 n. 插销， 门闩； 闪电,,
bomb,,n.,炸弹 vt投弹于,,
bombard,,v.,炮轰；轰击,,
bombardment,,n.,"炮击, 轰击",,
bonanza,,n.,走运，发财,,
bond,,n.,"结合,协定 v. 使结合,粘合",,
bone,,n.,"骨,骨骼",,
bongo,,n.,"非洲产大羚羊, 一种用手指敲的小鼓",,
bonito,,n.,鲣,,
bony,,adj.,"多骨的, 瘦骨嶙峋的",,
book,,n.,书,,
booklet,,n.,小册子,,
bookstore,,n.,书店,,
boom,,n.,"繁荣 v. 发隆隆声,兴隆",,
boomer,,n.,生育高峰中出生的人,,
boon,,n.,"恩惠, 福利",,
boost,,v.,推进,,
boot,,n.,<美> (长统)靴,,
border,,n.,"边界 v. 与接壤,接近",,
bore,,v.,使厌烦 n令人讨厌的人(或事),,
boredom,,n.,厌倦,,
boron,,n.,[化]硼,,
borrow,,v.,"借, 借入",,
bosom,,n.,胸部， 乳房； 胸怀， 内心,,
boss,,n.,"老板, 上司 vt指挥",,
boston,,n.,波士顿,,
botanical,,adj.,植物(学)的,,
botanist,,n.,植物学家,,
botany,,n.,植物学,,
bother,,,"v&n. 烦扰, 打扰 v",,
bottle,,n.,瓶子 vt用瓶装,,
bottom,,n.,"底部,底端",,
boulder,,n.,大石头,,
boule,,n.,人造宝石，议会,,
boulevard,,n.,<美>林荫大道,,
bounce,,v.,"(使)反跳, 弹起 n(球)跳起, 弹回",,
bound,,n.,"范围,界限",,
boundary,,n.,"边界,分界线",,
bountiful,,adj.,慷慨的； 大量的， 充足的,,
bouquet,,n.,花束； 香味， 芬芳,,
bovine,,adj.,(似)牛的，迟钝的,,
bow,,n.,"弓,弓形 v. 鞠躬,弯腰",,
bowel,,n.,肠,,
bowl,,n.,碗,,
box,,n.,"盒子,箱",,
boxlike,,adj.,象箱子一样的,,
boy,,n.,男孩,,
boycott,,vt.,联合抵制， 拒绝购买,,
brace,,n.,"支柱 v. 支住,撑牢",,
brag,,v.,吹嘘， 自夸， 自吹自擂,,
braid,,n.,穗带，饰带；发辫 vt. 编织； 编成辫子,,
brain,,n.,"脑,头脑",,
branch,,n.,"树枝,分部,分支",,
brand,,n.,"商标, 牌子, 烙印",,
brant,,n.,黑雁,,
brass,,n.,黄铜(制品),,
brave,,adj.,勇敢的,,
bravely,,adv.,勇敢地,,
bravery,,n.,勇敢,,
brawl,,v.,"争吵, 怒骂",,
brea,,n.,布雷亚(美国加州地名),,
breach,,n.,"破坏, 裂口 vt打破, 突破",,
bread,,n.,"面包, 生计",,
breadbasket,,n.,"<俚>胃, 腹",,
breadfruit,,n.,面包果树,,
breadth,,n.,"宽度, (布的)幅宽, (船)幅",,
break,,n.,"休息 v. 打破,弄坏",,
breakage,,n.,"破坏, 破损, 破损量",,
breakdown,,n.,"崩溃, 衰弱",,
breakfast,,n.,早餐 vi进早餐,,
breakthrough,,n.,突破,,
breakup,,n.,"破裂, 崩溃",,
breast,,n.,胸脯，乳房,,
breath,,n.,"呼吸, 气息",,
breathe,,v.,呼吸,,
breathing,,n.,呼吸,,
breathless,,adj.,"无声息的, 喘不过气来的",,
breathtaking,,adj.,"令人赞叹的, 壮观的",,
breech,,n.,"臀部,后膛 vt. 给…穿上裤子",,
breed,,v.,"教养,抚养 n. 品种",,
breeze,,n.,"微风 vi吹微风,逃走",,
brew,,v.,酿造；冲泡；酝酿，行将发生 n. 冲泡的饮料； 啤酒,,
brewster,,n.,酿造者,,
brick,,n.,砖块,,
bridge,,n.,"桥 v. 架桥,渡过",,
brief,,n.,"摘要,大纲 adj. 简短的",,
briefly,,adv.,简短地；简略地,,
bright,,adj.,明亮的,,
brighten,,v.,更明亮； 快活起来； 有希望,,
brightly,,adv.,明亮地,,
brightness,,n.,"光亮, 明亮",,
brilliance,,n.,光辉，辉煌,,
brilliant,,adj.,光辉的，卓越的，杰出的,,
brilliantly,,adv.,"辉煌地,灿烂地",,
brim,,n.,"(杯, 碗等)边, 边缘 v. 注满",,
brine,,n.,盐水,,
briny,,adj.,"盐水的, 咸的, 海水的",,
brisk,,adj.,清新的； 敏捷的， 活泼的,,
briskness,,n.,"敏捷, 活泼",,
britain,,n.,英国,,
british,,adj.,英国(人)的 n. 英国人,,
brittle,,adj.,"易碎的, 脆弱的",,
broad,,adj.,"宽的,广泛的",,
broadcast,,,"n&v. 广播, 播音",,
broadcaster,,n.,"播送设备, 广播员",,
broaden,,v.,"放宽, 变宽, 扩大, 加宽",,
broadleaf,,n.,"阔叶烟草,阔叶树",,
broadly,,adv.,"宽广地, 广泛",,
broadside,,n.,(船)舷侧,,
broadway,,,n& a. 百老汇大街(的),,
brochure,,n.,小册子， 说明书,,
broker,,n.,"掮客, 经纪人",,
bromine,,n.,[化]溴,,
bronze,,n.,青铜,,
brood,,v.,沉思；孵蛋 n一窝,,
brook,,n.,小溪 vt容忍,,
brother,,n.,兄弟,,
brown,,,"n&a. 棕色(的),人名",,
browse,,,"v&n. 浏览, 放牧",,
bruise,,v.,出现伤痕；挫伤 n. 伤痕， 擦痕， 青肿,,
brush,,n.,"刷子, 毛刷, 画笔 vt刷, 掸, 拂",,
brusquely,,adv.,"唐突地, 粗率地",,
brutal,,adj.,"残忍的, 兽性的",,
bryn,,n.,布琳,,
bubble,,n.,"泡 v. 冒泡,起泡",,
bubbly,,adj.,多泡的,,
buck,,n.,(一)美元；雄鹿(兔),,
buckle,,n.,"带扣 v扣住, 变弯曲",,
buckskin,,n.,"鹿皮裤, 鹿皮",,
bud,,n.,芽 vi发芽,,
buddy,,n.,"<美口>密友, 伙伴",,
budget,,n.,预算 v做预算,,
buffalo,,n.,美洲野牛,,
buffer,,n.,缓冲器,,
buggy,,adj.,多虫的 n童车,,
bugle,,n.,"喇叭,军号 v. 吹号集合",,
buildup,,n.,"集结, 增长",,
bulb,,n.,"鳞茎,球形物",,
bulge,,,n&v. 膨胀，鼓起,,
bulk,,n.,"(大)块,主体 vt使更大",,
bull,,n.,"[动]公牛, 粗壮如牛的人",,
bulldoze,,v.,"威吓, 欺负",,
bulldozer,,n.,推土机,,
bulletin,,n.,新闻简报； 公告， 布告； 简报,,
bullrush,,n.,芦苇,,
bump,,v.,碰撞 n. 肿块；撞击；碰撞声,,
bunch,,n.,"串, 束 v捆成一束",,
bundle,,n.,捆v捆扎,,
buoyant,,adj.,"有浮力的, 轻快的",,
bur,,n.,刺果,,
burden,,n.,"担子, 负担 v. 烦扰",,
burdensome,,adj.,"繁重的,难以承担的",,
bureau,,n.,局，办事处,,
bureaucracy,,n.,官僚主义， 官僚作风； 政府机构， 官僚机构,,
bureaucratization,,n.,官化,,
burgeon,,n.,嫩芽 v. 萌芽,,
burgess,,n.,(英国)市民，镇民,,
burgher,,n.,"公民, 市民",,
burial,,n.,埋葬,,
burin,,n.,"冰凿,雕刻刀",,
burn,,v.,烧 n. 烧伤,,
burrow,,n.,洞穴 v. 挖地洞,,
burst,,v.,"爆裂, 炸破",,
bury,,v.,"埋葬, 掩埋",,
bus,,n.,公共汽车,,
bush,,n.,矮树丛,,
bushman,,n.,丛林居民,,
business,,n.,"商业,事务,生意",,
businesswoman,,n.,妇女实业家,,
bust,,n.,"半身像, 胸像",,
bustle,,v.,匆匆忙忙,,
busy,,adj.,忙碌的,,
butler,,n.,"仆役长, 男管家",,
butte,,n.,孤立的丘,,
butter,,n.,"黄油,牛油",,
butterfly,,n.,蝴蝶,,
button,,n.,"钮扣 v. 扣住,扣紧",,
buy,,v.,"买 n. 购买,买卖",,
buyer,,n.,"买主, 顾客",,
buzz,,n.,嗡嗡声 v嗡嗡作响,,
by-product,,n.,副产品； 副作用， 意外结果,,
bylaw,,n.,"附则, 法规",,
bypass,,v.,"绕开, 忽视 n旁道",,
cab,,n.,出租汽车,,
cabbage,,n.,"[植]甘蓝, 卷心菜",,
cabin,,n.,"小屋, 船舱",,
cabinet,,n.,"橱柜, a<美>内阁的",,
cabinetmaker,,n.,"家具师,细工木匠",,
cable,,n.,缆绳；电缆,,
cache,,v.,贮藏，隐藏 n藏物处,,
cactus,,n.,[植]仙人掌,,
cadmium,,n.,[化]镉,,
cafeteria,,n.,自助餐厅， 自助食堂,,
cage,,n.,笼,,
cajun,,n.,移居美国路易斯安纳州的法人后裔,,
calamitous,,adj.,灾难性的,,
calcareous,,adj.,"钙质的,石灰质的",,
calcite,,n.,方解石,,
calcium,,n.,钙,,
calculable,,adj.,可计算的； 能预测的； 可信的,,
calculate,,v.,"计算,考虑",,
calculation,,n.,"计算,考虑",,
calculus,,n.,微积分； 结石,,
caledonian,,,"n&a. 古苏格兰人(的), 苏格兰人（的）",,
calendar,,n.,"日历, 历法",,
caliber,,n.,"口径, 才干",,
calibration,,n.,"标度, 刻度",,
california,,n.,"加利福尼亚,加州",,
californian,,n.,加利福尼亚州人 a加州的,,
calm,,adj.,"镇定的,平静的 v(使)平静",,
calorie,,n.,卡路里,,
calotype,,n.,光力照像法,,
calve,,v.,"生小牛, (使)冰山崩解",,
calvinist,,n.,加尔文教徒(见Calvin),,
cambrian,,n.,威尔斯人,,
camel,,n.,骆驼,,
camera,,n.,照相机,,
camouflage,,,v&n. 伪装,,
camp,,n.,营地 v. 宿营,,
campaign,,n.,"运动,战役 vi发起运动",,
campus,,n.,"<美>校园,大学教育",,
canada,,n.,加拿大,,
canal,,n.,"运河,沟渠",,
cancel,,v.,取消， 废除； 删去， 删除； 抵消,,
candid,,adj.,"率直的, 坦诚的",,
candidate,,n.,"候选人,投考者",,
candle,,n.,蜡烛,,
candlelight,,n.,"烛火,黄昏",,
cane,,n.,"藤条,手杖 v. 以杖击, 以藤编制",,
cannibalism,,n.,同类相食,,
cannon,,n.,"大炮, 加农炮 v. 炮轰",,
cannonball,,n.,炮弹,,
cannot,,conj.,不能,,
canoe,,n.,独木舟,,
canoes,,n.,独木舟,,
canopy,,n.,"天篷,遮篷",,
canvas,,n.,帆布；(帆布)油画,,
canvass,,v.,游说， 拉选票； 细查,,
cany,,adj.,"藤的,状似手杖的",,
canyon,,n.,"<美>峡谷, 溪谷",,
cap,,n.,"帽子,盖 vt覆盖,胜过",,
capability,,n.,能力，才能,,
capable,,adj.,"有能力的,能干的",,
capacity,,n.,"容量,能力",,
cape,,n.,"海角,斗篷",,
capillary,,,n&a. 毛细管；毛状的,,
capital,,n.,"首都 adj. 首都的,重要的",,
capitalism,,n.,资本主义,,
capitalist,,adj.,资本主义的 n资本家,,
capsize,,v.,(特指船)倾覆,,
captain,,n.,"首领, 船长",,
caption,,n.,说明文字；标题；字幕 vt. 给加说明文字,,
captivate,,v.,"迷住, 迷惑",,
captive,,adj.,被监禁的，被困住的；受控制的 n. 俘虏， 战俘,,
captivity,,n.,囚禁， 拘留,,
capture,,,"n&v. 捕获,俘获,夺取",,
caput,,n.,"头, 首",,
car,,n.,汽车,,
caravan,,n.,"旅行队,商队, 大篷车",,
carbohydrate,,n.,"碳水化合物,醣类",,
carbon,,n.,碳,,
carbonate,,n.,碳酸盐,,
carbonic,,adj.,(含)碳的,,
carboniferous,,n.,石炭层,,
carbonization,,n.,碳化(物),,
carcass,,n.,(屠宰后)畜体,,
card,,n.,"纸牌, 卡片",,
cardboard,,n.,纸板,,
cardiac,,n.,"强心剂 adj. 心脏的, (胃的)贲门的",,
cardinal,,adj.,"主要的, 最重要的",,
care,,,"n&v. 关心,担忧,照顾",,
career,,n.,"事业,生涯",,
careful,,adj.,"小心的,仔细的",,
careless,,adj.,"粗心的, 疏忽的",,
carelessly,,adv.,粗心地；疏忽地,,
cargo,,n.,"船货,货物",,
caribbean,,n.,加勒比海,,
caribou,,n.,北美产驯鹿(=Rangifer),,
carman,,n.,"车夫,司机",,
carnation,,n.,"荷兰石竹, 康乃馨, 粉红色",,
carnival,,n.,"狂欢节, 饮宴狂欢",,
carnivore,,n.,食肉动物,,
carnivorous,,adj.,"食肉的, 肉食性的",,
carol,,n.,"颂歌, 欢乐的歌",,
carpenter,,n.,木匠,,
carpet,,n.,地毯,,
carriage,,n.,"马车, 客车",,
carrier,,n.,运送者,,
carrot,,n.,胡萝卜,,
cart,,n.,大车，手推车,,
cartilage,,n.,软骨,,
carton,,n.,"硬纸盒, 纸板箱",,
cartoon,,n.,"漫画,卡通画",,
carve,,v.,"雕刻,切割",,
carver,,n.,雕刻匠,,
carving,,n.,雕刻(品),,
cascade,,n.,小瀑布,,
cascara,,n.,缓泻剂,,
case,,n.,"事例,情形",,
cash,,n.,现金 vt兑现,,
cashier,,n.,收银员， 出纳员,,
cassette,,n.,盒式录音带,,
cast,,v.,"投, 抛",,
caste,,n.,印度的世袭阶级,,
casual,,adj.,"偶然的, 不经意的",,
casualty,,n.,伤亡事故； 伤亡,,
cat,,n.,猫,,
catalog,,n.,目录 v. 编目录,,
catalogue,,n.,目录,,
catalyst,,n.,催化剂,,
catalyze,,v.,"催化, 刺激, 促进",,
catastrophe,,n.,大灾难,,
catastrophic,,adj.,"悲惨的, 灾难的",,
catch,,v.,"捕获,抓住",,
catchment,,n.,"排水,集水",,
cate,,n.,"佳肴, 美食",,
catechism,,n.,"问答教学法, 问答集",,
categorically,,adv.,"断然地, 明确地",,
categorize,,v.,"加以类别, 分类",,
category,,n.,种类,,
cater,,v.,"迎合,提供饮食及服务",,
caterpillar,,n.,毛虫,,
catharsis,,n.,宣泄，净化,,
cathedral,,n.,大教堂,,
catholic,,adj.,广泛的，包罗万象的；[C-]天主教的 n. [C-]天主教,,
cattle,,n.,"牛,家养牲畜",,
caucasian,,n.,"高加索人 adj. 高加索的, 白种人的",,
causal,,adj.,原因的,,
cause,,v.,"引起,使发生 n. 原因",,
cautious,,adj.,"谨慎的, 小心的",,
cavalry,,n.,骑兵,,
cavendish,,n.,"(一种压成饼状的)板烟, 烟草饼",,
cavern,,n.,洞穴，大山洞,,
cavity,,n.,"洞, 空穴",,
cease,,v.,"停止,终了",,
cedar,,n.,雪松,,
ceiling,,n.,"天花板, 上限",,
celebrate,,v.,"庆祝, 祝贺",,
celebration,,n.,"庆祝, 庆典",,
celebratory,,adj.,快乐的,,
celebrity,,n.,"名声,名人",,
celestial,,adj.,天上的 n. 神仙,,
cell,,n.,"单元,细胞",,
cellar,,n.,"地窖, 地下室",,
cellist,,n.,大提琴演奏家,,
cellular,,adj.,细胞组成的，多孔的,,
cellulose,,n.,"纤维素,（植物的）细胞膜质",,
celsius,,adj.,摄氏的,,
cement,,n.,"水泥,接合剂 v接合,粘牢",,
cementation,,n.,粘固,,
cenote,,n.,天然井,,
cenotes,,n.,天然井,,
cenozoic,,n.,"新生代,新生代之岩层 a新生界的",,
censor,,n.,审查员 vt. 审查， 检查,,
census,,n.,人口普查,,
cent,,n.,"(货币单位)分, 分币",,
centennial,,n.,百年纪念,,
center,,,"n&a. 中心(的) v. 居中,使集中",,
centigrade,,adj.,摄氏的,,
centimeter,,n.,厘米,,
central,,adj.,"中心的,主要的,重要的",,
centrality,,n.,"中心, 中央",,
centralization,,n.,"集中, 中央集权化",,
centralize,,v.,"集聚, 集中",,
centrally,,adv.,"在中心, 在中央",,
centric,,adj.,以…为中心的,,
ceramic,,adj.,陶器的 n. 陶瓷制品,,
cereal,,n.,谷类食品,,
cerebral,,adj.,"脑的, 大脑的",,
ceremonial,,n.,仪式 adj. 正式的,,
ceremony,,n.,"典礼,仪式",,
certainty,,n.,"确定, 确实的事情",,
certificate,,n.,证书， 证明书； 文凭， 结业证书,,
certitude,,n.,确定， 确信； 必然性,,
cessation,,n.,停止,,
cetacean,,n.,鲸类动物,,
chafe,,v.,"(将皮肤等)擦热, 使恼火",,
chagrin,,n.,懊恼， 失望,,
chain,,n.,"链(条),一连串,一系列",,
chair,,n.,"椅子,主席 vt担任主席",,
chalk,,n.,粉笔,,
chalky,,adj.,白垩的,,
challenge,,,n&v. 挑战,,
challenger,,n.,挑战者,,
chamber,,n.,"室, 会议厅",,
champagne,,n.,香槟酒,,
champion,,n.,"拥护者vt 拥护, 支持",,
championship,,n.,锦标赛，冠军赛,,
chance,,n.,机会,,
chandler,,n.,杂货零售商,,
changeable,,adj.,"可改变的,无常的",,
changeover,,n.,"转换, 大变更",,
channel,,n.,"[常pl]通道,渠道",,
chant,,n.,圣歌,,
chaos,,n.,混乱，紊乱,,
chaotic,,adj.,"混乱的, 无秩序的",,
chaotically,,adv.,浑沌地,,
chapbook,,n.,畅销故事书,,
chapel,,n.,小教堂,,
chapter,,n.,"(书籍)章,回",,
char,,v.,烧焦 n. 碳,,
character,,n.,"特征,品质",,
characteristic,,n.,"特性,特征 adj. 特有的,典型的",,
characterization,,n.,"描述, 人物之创造",,
characterize,,v.,以…为特征,,
charcoal,,n.,木炭,,
charge,,v.,"指控,收费,充电",,
chariot,,n.,战车,,
charisma,,n.,超凡魅力； 感召力； 号召力,,
charismatic,,adj.,蒙受神恩的； 有超凡魅力的,,
charitable,,adj.,"慈善事业的,慷慨的,仁慈的",,
charm,,n.,"吸引力, 魅力 v. 迷人, 使陶醉",,
chart,,n.,图表 vt制图,,
charter,,v.,租 n宪章,,
chary,,adj.,小心的，审慎的,,
chase,,v.,"追赶, 追逐",,
chaste,,adj.,"贞洁的, 朴素的",,
chateau,,n.,城堡,,
cheap,,adj.,"便宜的,不值钱的",,
cheapen,,v.,"减价, 跌价",,
cheaply,,adv.,廉价地；粗俗地,,
cheater,,n.,"骗子, 欺诈者, 背叛者",,
check,,v.,"检查 n. 核对,支票",,
checked,,adj.,格子花纹的； 棋盘状的,,
cheep,,n.,吱吱的叫声 v吱吱地叫,,
cheer,,,n& v. 欢呼,,
cheerful,,adj.,"愉快的, 高兴的",,
cheerless,,adj.,不快活的,,
cheese,,n.,干酪,,
chemically,,adv.,"用化学, 以化学方法",,
chemist,,n.,"化学家, 药剂师",,
chemistry,,n.,化学,,
chemurgy,,n.,"[化]农业化工,实用化学",,
cherish,,v.,"珍爱, 怀抱(希望等)",,
cherry,,n.,樱桃,,
chest,,n.,胸腔，橱,,
chew,,v.,咀爵,,
chic,,adj.,"别致的, 时髦的",,
chicago,,n.,芝加哥,,
chick,,n.,小鸡,,
chicken,,n.,小鸡,,
chicopee,,n.,奇科皮（美国马萨诸塞州西南部城市）,,
chief,,n.,"首领 adj. 主要的, 首要的",,
chiefly,,adv.,"首要,主要地",,
chihuahua,,n.,吉娃娃(一种产于墨西哥的狗),,
childhood,,n.,孩童时期,,
childless,,adj.,无儿女的,,
chile,,n.,智利,,
chill,,v.,使变冷(冷冻) n寒冷,,
chilly,,adj.,寒冷的,,
chimney,,n.,"烟囱, 灯罩",,
chimp,,n.,(非洲)黑猩猩,,
chimpanzee,,n.,黑猩猩,,
china,,n.,"中国,瓷器",,
chinese,,,n&a. 中国人(的),,
chip,,n.,碎片 v. 削成碎片,,
chipmunk,,n.,[动] 花栗鼠,,
chisel,,n.,凿子 v砍凿,,
chitin,,n.,"壳质, 角素",,
chivalrous,,adj.,有骑士精神的； 彬彬有礼的， 殷勤的,,
chivalry,,n.,"骑士精神, 骑士制度",,
chlorate,,n.,[化]氯酸盐,,
chloride,,n.,[化]氯化物,,
chlorine,,n.,[化]氯,,
chlorophyll,,n.,[生化]叶绿素,,
chlorosis,,n.,"萎黄病, 变色病",,
chocolate,,n.,巧克力,,
choir,,vi.,合唱 n. 唱诗班，合唱队,,
cholesterol,,n.,胆固醇,,
chomp,,v.,"大声地咀嚼, 反复咀嚼",,
chondrite,,n.,球粒状陨石,,
chondritic,,adj.,球粒状陨石的,,
chondrule,,n.,陨石球粒,,
choose,,v.,"选择,选定",,
choosy,,adj.,好挑剔的,,
chop,,v.,砍，劈，斩,,
choppy,,adj.,"（海等）波浪起伏的, (指风)不断改变方向的",,
chord,,n.,"弦,和音",,
choreograph,,v.,设计舞蹈动作， 编舞,,
choreographer,,n.,舞蹈指导,,
choreography,,n.,"舞蹈术, 舞台舞蹈",,
chorus,,n.,合唱(队),,
christian,,n.,"/a基督徒,基督教的",,
chromosome,,n.,染色体,,
chromosphere,,n.,色球,,
chronic,,adj.,"慢性的, 延续很长的",,
chronical,,adj.,慢性的， 延续很长的,,
chronicle,,n.,编年史 v. 编入编年史,,
chronobiology,,n.,"[生]时间生物学, 生物钟学",,
chronological,,adj.,按年代顺序排列的,,
chronologically,,adj.,按年代的,,
chronology,,n.,"年代学, 年表",,
chubby,,adj.,丰满的， 圆胖的,,
chug,,n.,轧轧响声 v. 发出轧轧声,,
chunk,,n.,"大块,相当大的部分（数量）",,
church,,n.,教堂,,
churn,,v.,"搅拌, 搅动",,
cider,,n.,苹果酒,,
cigar,,n.,雪茄,,
cincinnati,,n.,辛辛那提（美国俄亥俄州西南部城市）,,
cinema,,n.,"电影院,电影",,
cipher,,n.,密码， 暗号,,
circadian,,adj.,"昼夜节律的,生理节奏的",,
circle,,n.,"圆(圈) v. 围着,盘旋",,
circuit,,n.,"电路,巡回",,
circular,,adj.,"圆形的, 循环的",,
circulate,,v.,"(使)循环,传播",,
circulation,,n.,"循环,流通,发行额",,
circulatory,,adj.,"循环的, 循环系统的",,
circumference,,n.,"圆周, 周围",,
circumscribe,,v.,在…周围画线；限制,,
circumstance,,n.,"环境,详情,境况",,
circumstantially,,adv.,"因情形地, 附随地",,
circumvent,,v.,"绕行,设法避开",,
citadel,,n.,"根据地, 大本营",,
citation,,n.,"引用,表扬",,
cite,,v.,"引用, 引证",,
cither,,n.,齐特拉琴(古希腊一种类似竖琴的古乐器),,
citizen,,n.,"市民,公民",,
citizenry,,n.,公民成市民(集合称),,
citizenship,,n.,公民的身份,,
civet,,n.,[动物]麝猫,,
civic,,adj.,"市的, 市民的",,
civil,,adj.,"公民的,文明的",,
civilian,,n.,平民,,
civility,,n.,"礼貌, 端庄",,
civilization,,n.,"文明,文化",,
claim,,,"n&v. 声称,要求",,
claimant,,n.,"要求者,申请者, 原告",,
clam,,n.,蛤,,
clamor,,n.,喧闹,,
clan,,n.,"氏族,部落",,
clarification,,n.,"澄清, 净化",,
clarify,,v.,"澄清, 阐明",,
clarity,,n.,"清楚,透明",,
clasp,,n.,搭扣，扣环；紧抱；紧握 vt. 握紧； 抱紧； 扣住， 扣牢,,
class,,n.,"阶级,班级,课",,
classic,,adj.,"最优秀的,标准的 n杰作",,
classical,,adj.,"古典的,正统派的",,
classicism,,n.,"古典主义,古典风格",,
classification,,n.,"分类, 分级",,
classify,,v.,"分类,分等",,
classroom,,n.,教室,,
clause,,n.,"子句, 条款",,
clavichord,,n.,翼琴(钢琴的前身),,
claw,,n.,(脚)爪,,
clay,,n.,"黏土,泥土",,
clayware,,n.,黏土制品,,
clean,,adj.,"清洁的 v. 打扫,使干净",,
cleaner,,n.,"清洁工人, 清洁器",,
cleanliness,,n.,"洁癖, 清洁",,
cleanly,,adv.,"干净地, 清洁地",,
clear,,,a&ad. 清晰的(地) v. 清除 v. 变清澈,,
clearer,,adj.,更清楚的,,
clearing,,n.,"结算,空旷地 vi. 澄清",,
clement,,adj.,仁慈的，温和的,,
clench,,v.,捏紧；紧紧握住,,
clergy,,n.,"圣职者, 牧师",,
clergyman,,n.,"牧师, 教士",,
clerk,,n.,"职员, 办事员",,
clever,,adj.,"机灵的, 聪明的",,
cleverness,,n.,"聪明, 机灵",,
click,,v.,发出滴答声,,
client,,n.,"[计]顾客, 客户, 委托人",,
cliff,,n.,"悬崖, 绝壁",,
climate,,n.,气候； 气候区， 地带； 风气， 氛围； 思潮,,
climatic,,adj.,气候上的,,
climatically,,adv.,"气候上, 风土上",,
climax,,n.,"高潮,顶点",,
climb,,v.,"攀登, 爬",,
cling,,v.,"紧贴, 附着",,
clinic,,n.,门诊部， 诊所,,
clinical,,adj.,"临床的,诊所的",,
clip,,n.,夹子 vt夹住,,
clipper,,n.,"大剪刀, 快速帆船修剪者",,
clock,,n.,时钟,,
clockmaker,,n.,制造或修理钟表者,,
clockwise,,adv.,／ a顺时针方向地(的),,
clog,,v.,堵塞，阻塞 n. 障碍,,
clone,,n.,克隆动物，无性繁殖动物；复制品，翻版 vt. 克隆， 以无性繁殖技术复制,,
closeness,,n.,"紧闭, 狭窄",,
closet,,n.,"壁橱,储藏室",,
cloth,,n.,"布, 织物",,
clothe,,v.,"给穿衣,覆盖",,
cloudlike,,adj.,云雾状的,,
cloudy,,adj.,"多云的, 阴天的",,
clover,,n.,[植]三叶草,,
club,,n.,"俱乐部,(扑克牌)梅花 v. 募集",,
clue,,n.,线索,,
clump,,n.,(树，草)丛 v. 使成一丛,,
clumsy,,adj.,笨拙的,,
cluster,,n.,"串,丛",,
clutch,,v.,"抓住, 攫住",,
coach,,n.,教练；长途公共汽车 vt训练，指导,,
coal,,n.,煤,,
coalescence,,n.,"合并, 接合",,
coalition,,n.,联盟， 同盟； 结合， 联合,,
coaming,,n.,"舱口栏板, 边材",,
coarse,,adj.,"粗糙的,粗俗的",,
coast,,n.,"海岸,海滨",,
coastal,,adj.,"海岸的,沿海的",,
coastline,,n.,海岸线,,
coat,,n.,"外套 v. 涂上,包上",,
coating,,n.,"被覆, 衣料",,
coax,,v.,"巧妙地（耐心地）处理,哄",,
cobalt,,n.,[化]钴,,
cobble,,n.,"圆石,鹅卵石 v. 修补",,
coconut,,n.,椰子,,
cod,,abbr.,货到付款 (Cash on Delivery) n鳕鱼,,
code,,n.,代码 vt把…编码,,
codify,,v.,"把…编成法典, 编纂",,
coefficient,,n.,系数,,
coelenterate,,n.,[动]腔肠动物 adj. 腔肠动物的,,
coerce,,v.,强制,,
coexist,,v.,共存,,
cognition,,n.,认识,,
cognitive,,adj.,认知的，认识能力的,,
cohabitation,,n.,同居， 同住,,
cohere,,vi.,连贯， 一致； 黏合； 齐心协力， 团结一致,,
coherence,,n.,一致,,
coherent,,adj.,条理清楚的， 连贯的； 有表达能力的,,
cohesion,,n.,"结合, 凝聚",,
cohesive,,adj.,粘着的,,
cohesiveness,,n.,"粘合, 凝聚性",,
coil,,v.,"盘绕, 卷",,
coin,,n.,硬币 v. 铸造(硬币),,
coincide,,v.,"一致, 符合",,
coincidence,,n.,"一致, 同时发生或同时存在(尤指偶然)的事",,
coincident,,adj.,"一致的,符合的",,
cold,,adj.,"(寒)冷的 n. (寒)冷,感冒",,
cole,,n.,"油菜, 小菜",,
collaborate,,v.,协作， 合作； 勾结， 通敌,,
collaboration,,n.,合作，协作,,
collaborative,,adj.,"合作的, 协作的",,
collaborator,,n.,合作者,,
collagen,,n.,胶原质,,
collapse,,,"v&n. 倒塌, 崩溃",,
collapsible,,adj.,可折叠的;可拆卸的,,
collarless,,adj.,"无领的,无马轭(或颈圈)的",,
colleague,,n.,"同事, 同僚",,
collect,,v.,收集,,
collectible,,adj.,"可收集的, 可代收的",,
collection,,n.,收藏(品),,
collective,,adj.,"集体的,共同的",,
collector,,n.,"收藏家, 征收者",,
college,,n.,学院,,
collide,,v.,"碰撞,抵触",,
collision,,n.,"碰撞,冲突",,
colonel,,n.,"陆军上校, 团长",,
colonial,,adj.,殖民地的,,
colonist,,n.,"殖民地居民,殖民者",,
colonization,,n.,"殖民地化,殖民",,
colonize,,v.,"拓殖,殖民",,
colonizer,,n.,"殖民者,殖民地开拓者, 移民",,
colony,,n.,殖民地,,
coloration,,n.,"染色, 着色",,
colorfully,,adj.,"华美的, 富有色彩的",,
colorless,,adj.,"无色的, 无趣味的",,
colossal,,adj.,"巨大的, <口>异常的",,
colosseum,,n.,"罗马圆形大剧场(建于公元80年,耗时5年,至今大部分尚存)",,
columbia,,n.,哥伦比亚,,
columbian,,adj.,"美国的, 美洲的,哥伦布的",,
column,,n.,"圆柱,专栏",,
coma,,n.,昏迷,,
combat,,n.,"战斗,格斗",,
combination,,n.,"结合,联合,合并",,
combine,,v.,"联合,使结合",,
combustible,,adj.,可燃的， 易燃的,,
comedy,,n.,喜剧,,
comer,,n.,"来者, 新来者",,
comet,,n.,彗星,,
comfort,,n.,/v安慰,,
comfortable,,adj.,"舒适的,充裕的",,
comfortably,,adv.,舒适地,,
comic,,n.,"滑稽演员 adj. 滑稽的, 喜剧的",,
comical,,adj.,"好笑的, 滑稽的",,
command,,,n&v. 命令；指挥,,
commandment,,n.,戒律,,
commemorate,,v.,纪念,,
commend,,v.,"称赞, 表扬, 推荐",,
commensal,,adj.,"共餐的 n. 共食伙伴, 共生物",,
commensalism,,n.,共栖,,
comment,,n.,评论，意见 vt评论,,
commentary,,n.,"注释, 解说词",,
commentator,,n.,"评论员, 解说员",,
commerce,,n.,商业,,
commercial,,adj.,"商业的,贸易的",,
commercialization,,n.,商品化,,
commercialize,,v.,使商业化,,
comminute,,v.,"使成粉末,粉碎",,
commission,,n.,"委员会 vt委任,委托",,
commissioner,,n.,"委员, 专员",,
commit,,v.,"犯罪, 承诺, 委托",,
commitment,,n.,"委托事项,许诺",,
committee,,n.,委员会,,
commodity,,n.,日用品,,
commonplace,,n.,寻常的事物,,
commonsense,,adj.,"常识的,具有常识的",,
communal,,adj.,公共的，集体的,,
communally,,adv.,"共同地, 社区地",,
commune,,vi.,与…亲密地交谈 n. 群体， 公社,,
communicate,,v.,"沟通,通信,传达",,
communication,,n.,"交流,通讯",,
communicative,,adj.,"健谈的,交流的",,
community,,n.,社会； 社团； 群落； 共同体,,
commute,,v.,"通勤, 折换 n. 乘车上下班",,
commuter,,n.,"通勤者, 每日往返上班者",,
compact,,v.,使坚实 n. 契约,,
compaction,,n.,"压紧,紧束之状态",,
compactness,,n.,"紧密, 简洁",,
companion,,n.,"同伴, 共事者",,
companionship,,n.,友谊,,
company,,n.,公司,,
comparable,,adj.,"可比较的, 比得上的",,
comparably,,adv.,"同等地,可比较地",,
comparative,,adj.,"比较的,相当的",,
compare,,v.,"比较,对比,比喻 n. 比较",,
comparison,,n.,"比较,对照",,
compass,,n.,"罗盘,指南针",,
compatible,,adj.,"谐调的,兼容的",,
compel,,v.,"强迫, 迫使",,
compensate,,v.,"偿还, 补偿",,
compensation,,n.,"补偿, 赔偿",,
compensatory,,adj.,"赔偿的, 补偿的",,
compete,,v.,"竞争,比赛",,
competence,,n.,能力,,
competition,,n.,"竞争,竞赛",,
competitive,,adj.,竞争的,,
competitiveness,,n.,"竞争力,好竞争",,
competitor,,n.,竞争者,,
compile,,v.,"编译, 编辑",,
complacence,,n.,自满,,
complain,,v.,"抱怨,控诉",,
complaint,,n.,"诉苦, 抱怨",,
complement,,n.,补足物,,
complementary,,adj.,"补充的, 补足的",,
completion,,n.,完成,,
complex,,adj.,"复杂的,复合的",,
complexity,,n.,"复杂(性),复杂的事物",,
complicate,,v.,(使)变复杂,,
complicated,,adj.,难懂的， 复杂的,,
complication,,n.,"复杂化, (使复杂的)因素",,
compliment,,vt.,赞美， 称赞 n. 赞美；,,
complimentary,,adj.,称赞的；免费的,,
comply,,v.,"顺从,答应",,
compo,,n.,"组合物,混合涂料",,
component,,n.,成分,,
compose,,v.,"组成,写作",,
composer,,n.,"作家,作曲家",,
composite,,adj.,"合成的, 复合的 n合成物",,
composition,,n.,"成分,作品,合成物",,
compositional,,adj.,"合成的,组成的",,
compost,,n.,混合肥料,,
compound,,n.,混合物,,
comprehend,,v.,理解，领会,,
comprehensible,,adj.,可理解的,,
comprehension,,n.,"理解,包含",,
comprehensive,,adj.,"全面的,能充分理解的",,
compress,,v.,"压缩,摘要叙述",,
compressible,,adj.,可压缩的,,
compression,,n.,"浓缩, 压缩",,
comprise,,v.,"包含, 由组成",,
compromise,,,"v&n. 妥协, 让步",,
compulsory,,adj.,"强制的, 义务的",,
compute,,v.,"计算, 估计",,
computer,,n.,"计算机,电脑",,
concave,,adj.,凹的 n凹(面),,
conceal,,v.,"隐藏, 隐瞒",,
concede,,v.,"勉强, 承认, 退让 vi让步",,
conceit,,n.,自负， 自大,,
conceivable,,adj.,"可能的,想得到的",,
conceivably,,adv.,"可想到地, 想象中",,
conceive,,v.,构想，设想,,
concentrate,,v.,"专心,集中,浓缩",,
concentration,,n.,"集中,专心",,
concentric,,adj.,"同中心的, 同轴的",,
concept,,n.,"观念,概念",,
conception,,n.,"观念, 概念",,
concern,,v.,"有关于,使担心,",,
concert,,n.,音乐会,,
concertina,,n.,类似风琴的六角形的乐器,,
conciliate,,vt.,安抚， 抚慰； 调和,,
concise,,adj.,"简明的,简练的",,
conclude,,v.,"推断出,结束,总结",,
conclusion,,n.,"结束,结论",,
conclusive,,adj.,"决定性的,结论性的",,
conclusively,,adv.,"最后地, 确定地",,
concoct,,v.,编造；调制,,
concomitant,,adj.,伴随的 n. 伴随物,,
concord,,n.,和睦； 公约,,
concrete,,adj.,实在的，具体的 n混凝土,,
concur,,v.,同时发生,,
concurrent,,adj.,一致的；同时的,,
condemn,,v.,"判刑,谴责",,
condensation,,n.,浓缩,,
condense,,v.,"(使)浓缩, 精简",,
condenser,,n.,"冷凝器, 电容器",,
condenses,,v.,"浓缩, 压缩",,
condiment,,n.,调味品,,
conditioner,,n.,"调节者, 调节装置",,
condole,,vi.,向…吊唁； 慰问,,
condor,,n.,"[动]秃鹰, 秃鹫",,
conducive,,adj.,有助于…的， 有益于…的,,
conduct,,n.,"行为 v. 引导,管理",,
conductance,,n.,"电导, 导率",,
conduction,,n.,传导,,
conductivity,,n.,"传导性, 传导率",,
conductor,,n.,"领导者, 经理",,
cone,,n.,圆锥体；,,
conestoga,,n.,一种大篷马车,,
confederacy,,n.,"联盟,邦联",,
confederate,,n.,"同盟者,同盟国 adj. 同盟的 v. (使)联盟, 联合",,
confer,,v.,"授予, 协商",,
conference,,n.,"会议, 讨论会",,
confession,,n.,供认， 招供， 坦白； 供词； 承认,,
confidant,,n.,知己， 密友,,
confidence,,n.,信心,,
confident,,adj.,"自信的, 确信的",,
configuration,,n.,"构造, 结构",,
confine,,v.,限制 n. 界限,,
confinement,,n.,"限制, 禁闭",,
confirm,,v.,"确定,确认",,
confiscate,,vt.,没收， 充公， 征用,,
conflate,,v.,合并,,
conflict,,n.,"冲突,战斗 v. 冲突,抵触",,
confluence,,n.,汇合,,
conform,,v.,"使一致, 遵从",,
conformity,,n.,"一致, 符合",,
confront,,v.,"面临, 对抗",,
confuse,,v.,"搞乱,使糊涂",,
confusion,,n.,"混乱, 混淆",,
congenial,,adj.,"意气相投的,性格相似的",,
congenital,,adj.,"先天的,天生的,天赋的",,
congest,,v.,充满， 拥塞； 充血,,
congestion,,n.,"拥塞, 充血",,
conglomerate,,v.,聚结 n. 企业集团,,
congratulation,,n.,祝贺， 道喜,,
congress,,n.,"(美国等国的)国会,议会",,
congressional,,adj.,会议的；国(议)会的,,
conifer,,n.,"[植]松类, 针叶树",,
coniferous,,adj.,"松类的, 结球果的",,
conjectural,,adj.,"推测的,好推测的",,
conjunction,,n.,"联合, 关联",,
conjure,,v.,变魔术， 变戏法； 召唤,,
connect,,v.,"连接,联系",,
connecticut,,n.,(美国）康涅狄格,,
connection,,n.,"连接,关系",,
connective,,adj.,"连合的, 连接的",,
connoisseur,,n.,鉴赏家,,
connote,,v.,意味着； 暗示,,
conquer,,v.,"征服, 战胜",,
conqueror,,n.,"征服者, 胜利者",,
conquest,,n.,征服 战利品,,
conscientious,,adj.,认真的，勤勤恳恳的,,
conscious,,adj.,意识到的，自觉的,,
consciously,,adv.,"有意识地, 自觉地",,
consciousness,,n.,"意识；觉悟,知觉",,
conscription,,n.,征召,,
consecutive,,adj.,"连贯的,连续不断的",,
consensus,,n.,一致，同意,,
consent,,,n& vi. 同意，赞成,,
consequence,,n.,结果,,
consequent,,n.,"推论,结论",,
conservation,,n.,"保存,保持",,
conservationist,,n.,自然环境保护论者,,
conservatism,,n.,保守主义,,
conservative,,adj.,"保守的,守旧的",,
conserve,,v.,"保存,保藏",,
consider,,v.,"考虑,认为",,
considerable,,adj.,"重要的,相当大的,可观的",,
considerate,,adj.,考虑周到的， 体贴的， 体谅的,,
consideration,,n.,"考虑, 体贴",,
consist,,v.,"由组成,在于",,
consistency,,n.,"坚固性, 浓度, 一致性",,
consistent,,adj.,"一致的,调和的",,
consistently,,adv.,一致地；始终如一地,,
console,,vt.,安慰， 抚慰,,
consolidate,,v.,"合并,统一,巩固",,
consolidation,,n.,"巩固, 合并",,
consonant,,adj.,和谐的，协调的，符合的 n. 辅音,,
consort,,v.,"结交,符合 n. 配偶",,
consortium,,n.,"财团, 联合, 合伙",,
conspicuous,,adj.,"显著的, 显眼的",,
conspiracy,,n.,"共谋, 阴谋",,
constant,,adj.,"不变的,持续的",,
constellation,,n.,"[天]星群, 星座",,
constituency,,n.,"(选区的)选民, 支持者",,
constituent,,n.,"选民,成分 a组成的,构成的",,
constitute,,v.,"构成,组成,建立",,
constitution,,n.,"宪法,章程",,
constitutional,,adj.,法治的；体质的,,
constrain,,v.,"强迫, 限制",,
constraint,,n.,"约束, 强制",,
constrict,,v.,压缩,,
constricted,,adj.,狭窄的； 收缩的； 抑制的， 约束的,,
construct,,v.,"建造,构造,创立",,
construction,,n.,"建造,结构",,
constructive,,adj.,"建设性的,构造上的",,
consult,,v.,"商量, 商议",,
consultant,,n.,"顾问, 商议者, 咨询者",,
consume,,v.,"消耗,消费,消灭",,
consumer,,n.,消费者,,
consumption,,n.,消费,,
contact,,n.,"接触,联系",,
contagious,,adj.,传染性的； 有感染力的,,
contain,,vt.,包含， 容纳； 控制； 防止…蔓延,,
container,,n.,容器,,
contaminate,,v.,"弄脏, 污染",,
contamination,,n.,"污染, 污染物",,
contemplate,,v.,思量， 考虑， 思忖； 注视， 凝视； 打算,,
contemporary,,n.,同时代的人 adj. 当代的,,
contempt,,n.,轻视， 鄙视， 轻蔑,,
contend,,v.,"斗争, 竞争, 主张",,
contender,,n.,竞争者,,
content,,n.,"内容 v. 使满足,使安心",,
contention,,n.,"争夺, 争论",,
contest,,,"n&v. 论争, 竞赛",,
context,,n.,上下文,,
contiguous,,adj.,接壤的， 毗邻的； 不间断的,,
continent,,n.,"大陆,洲",,
continental,,adj.,大陆的,,
contingent,,adj.,"可能发生的, 附随的 n. 偶然的事情",,
continually,,adv.,不断地，频繁地,,
continuation,,n.,继续(部分)；续篇,,
continuator,,n.,继续者,,
continuity,,n.,"连续性, 连贯性",,
continuous,,adj.,"连续的,持续的",,
continuum,,n.,连续统一体,,
contour,,n.,轮廓,,
contract,,n.,"合同 v缩小,订合同",,
contraction,,n.,收缩,,
contractor,,n.,"订约人, 承包人",,
contradict,,v.,"同矛盾, 同抵触",,
contradiction,,n.,"反驳, 矛盾",,
contradictory,,adj.,相矛盾的,,
contrary,,adj.,"相反的 n. 反面, 相反",,
contrast,,,"v&n. 对比,对照",,
contribute,,v.,"捐助,贡献",,
contribution,,n.,贡献,,
contributor,,n.,"贡献者,捐助者",,
contributory,,adj.,"贡献的, 捐助的",,
controllable,,adj.,"可管理的, 可控制的",,
controversial,,adj.,"有争议的,引起争论的",,
controversy,,n.,"论争, 辩论",,
conurbation,,n.,有卫星城的大都市,,
convection,,n.,"传送, 对流",,
convene,,v.,"召集, 集合",,
convenience,,n.,"便利,适宜",,
convenient,,adj.,"便利的,方便的",,
conveniently,,adv.,方便地；合宜地,,
convention,,n.,"习俗,惯例",,
conventionally,,adv.,照惯例,,
converge,,v.,"聚合, 集中",,
convergence,,n.,"集中, 收敛",,
conversation,,n.,会话,,
conversational,,adj.,"会话的, 对话的",,
converse,,v.,交谈 n反面说法 a相反的,,
conversely,,adv.,"倒地,逆地",,
conversion,,n.,"变换, 转化",,
convert,,v.,"使转变,转换",,
converter,,n.,转炉,,
convex,,adj.,凸出的,,
convey,,v.,"搬运,传达",,
convict,,v.,证明有罪 n. 罪犯,,
conviction,,n.,"深信, 定罪",,
convince,,v.,"使确信, 使信服",,
convincingly,,adv.,"令人信服地, 有说服力地",,
convivial,,adj.,"好交际的, 愉快而随和的",,
cook,,n.,"厨师 v烹调, 煮",,
cookout,,n.,野外烧烤宴会,,
cool,,v.,"冷却,(使)冷静",,
cooler,,n.,冷却器,,
cooper,,n.,制桶工人 v. 制桶,,
cooperate,,v.,"合作, 协作",,
cooperation,,n.,"合作, 协作",,
cooperative,,adj.,"合作的, 协力的",,
coordinate,,v.,调节，协调,,
coordination,,n.,协调,,
cop,,n.,"警官, 巡警",,
cope,,v.,"应付,处理",,
copilot,,n.,副驾驶员,,
copious,,adj.,丰富的， 富饶的,,
copper,,n.,"铜,警察",,
coppersmith,,n.,铜匠,,
copy,,n.,"副本 v. 复印,抄袭",,
copyright,,n.,"版权, 著作权",,
coral,,n.,珊瑚(虫),,
cord,,n.,"绳索, 束缚",,
cordial,,adj.,亲切的， 热诚的,,
cordwainer,,n.,鞋匠,,
core,,n.,"核心,要点",,
coriander,,n.,[植]胡荽,,
corn,,n.,玉米,,
corner,,n.,"角落, (街道)拐角处 v. 迫至一隅,把难住",,
cornerstone,,n.,墙角石， 奠基石； 基础,,
cornet,,n.,"圆锥形纸袋, 短号",,
corollary,,n.,必然的结果； 推断,,
corona,,n.,冠壮物,,
corp,,n.,公司,,
corporate,,adj.,法人的， 公司的； 共同的， 全体的,,
corporation,,n.,"公司, 法人",,
corporeal,,adj.,肉体的， 身体的； 物质的； 实体的,,
corps,,n.,军团， 兵团； 特种部队； 一群人， 一组人,,
corpse,,n.,尸体,,
corpus,,n.,"资料, 文集",,
corral,,n.,畜栏 v. 关进畜栏,,
correlate,,v.,相互关联 adj. 相互关联的,,
correlation,,n.,相互关系,,
correspond,,v.,"符合,相当",,
correspondence,,n.,"通信, 信件, 相符",,
correspondent,,n.,报道者， 记者； 通信者,,
correspondingly,,adv.,相应地,,
corridor,,n.,走廊,,
corrosion,,n.,"侵蚀,腐蚀状态",,
corrosive,,adj.,"腐蚀的, 蚀坏的 n腐蚀物",,
corrupt,,adj.,堕落的，腐化的；腐败的，,,
corruption,,n.,腐化；贪污,,
corselet,,n.,"盔甲,胸衣",,
corset,,n.,"束腹, 妇女的胸衣 v. 严格控制",,
cortex,,n.,"外皮, （大脑）皮层",,
cosmic,,adj.,宇宙的,,
cosmopolitan,,adj.,"全球的,四海为家的 n世界主义者",,
cosmos,,n.,宇宙,,
cost,,n.,"价格,成本 v. 花费,使付出",,
costly,,adj.,昂贵的，代价高的,,
costume,,n.,"装束,服装",,
cottage,,n.,"村舍,小别墅",,
cotton,,n.,棉花,,
cottonwood,,n.,[植]三叶杨,,
cougar,,n.,[动]美洲狮(尤指Felis concolor),,
council,,n.,委员会，理事会,,
counsel,,n.,律师 vt劝告，提议,,
counseling,,n.,咨询； 辅导,,
counselor,,n.,顾问； 律师,,
count,,v.,"数,计算",,
counter,,n.,"计算器,柜台 ad&prep. 相反地",,
counteract,,v.,"抵消, 中和, 阻碍",,
counterbalance,,v.,"使平均, 弥补 n. 平衡量, 平衡力",,
counterclockwise,,,n&a. 反时针方向(的),,
countercurrent,,n.,"逆流,反向电流",,
counterexample,,n.,反例,,
counterfeit,,n.,赝品 a伪造的 v伪造,,
counterpart,,n.,"职务相当的人,副本",,
countryside,,n.,乡下地方,,
county,,n.,"县, 郡",,
couple,,n.,夫妇 v结合,,
coupon,,n.,礼券， 优惠券； 配给券， 票证,,
courage,,n.,"勇气, 精神",,
courageous,,adj.,勇敢的,,
courier,,n.,送急件的人， 信使； 旅游服务员,,
course,,n.,"过程,课程",,
court,,n.,法庭，庭院,,
courteous,,adj.,谦恭的， 有礼貌的,,
courtship,,n.,"求爱, 求爱时期",,
courtyard,,n.,"庭院, 院子",,
cousin,,n.,"堂兄弟姊妹, 表兄弟姊妹",,
cover,,v.,"(掩)盖,包括,报道 n. 盖子,封面",,
coverage,,n.,覆盖,,
covering,,n.,遮盖物,,
cow,,n.,母牛,,
cowboy,,n.,牧童；牛仔,,
cowhand,,n.,<美>(牧场的)牧牛工,,
coyote,,n.,"一种产于北美大草原的小狼, 山狗",,
crab,,n.,蟹,,
crack,,n.,"裂缝,噼啪声 v. (使)破裂",,
cradle,,n.,摇篮； 发源地,,
craft,,n.,"工艺,手艺",,
craftsman,,n.,能工巧匠， 手艺人， 工艺师,,
craftsmanship,,n.,技术,,
craftspeople,,n.,工匠; 手艺人,,
cram,,v.,填塞， 塞满； 匆忙准备， 临时死记硬背,,
cramp,,n.,痉挛 v. 限制，束缚,,
cramped,,adj.,狭小的， 狭窄的； 受限制的； 密小难认的,,
crane,,n.,起重机,,
cranial,,adj.,头盖(形)的,,
crash,,v.,碰撞，撞击,,
crater,,n.,弹坑,,
crawl,,,"vi&n. 爬行, 蠕动",,
crayfish,,n.,小龙虾,,
crayon,,n.,"有色粉笔, 蜡笔",,
craze,,n.,狂热,,
crazy,,adj.,疯狂的， 不理智的； 狂热的， 热衷的； 精神失常的,,
crease,,n.,折缝，皱褶 v(使)起皱,,
creation,,n.,"创造,创作物",,
creative,,adj.,有创造力的， 创造性的,,
creativity,,n.,创造(力),,
creator,,n.,"创建者, 创作者",,
creature,,n.,创造物,,
credence,,n.,信任,,
credential,,n.,"外交使节所递的国书, 信任状",,
credentialism,,n.,文凭主义,,
credible,,adj.,"可信的,可靠的",,
credit,,n.,"信任 v. 相信,信任",,
creditor,,n.,债权人,,
creed,,n.,信条,,
creek,,n.,"小溪, 小河,",,
creep,,v.,"爬, 蹑手蹑脚 n. 爬行",,
creeper,,n.,爬行者,,
crescent,,n.,"新月, 月牙",,
crest,,n.,"浪尖, 冠",,
cretaceous,,,n&a. 白垩纪(的),,
crevice,,n.,裂缝,,
crew,,n.,全体人员,,
crime,,n.,犯罪,,
crimp,,v.,"起皱, 卷曲, 抑制",,
crimson,,adj.,深红色的 v. 变深红色 n. 深红色,,
cripple,,n.,跛子 v削弱,,
crippling,,adj.,令人震惊的； 严重损害身体的； 极其有害的,,
crisis,,n.,"决定性时刻,危机",,
criss-cross,,v.,构成十字形图案；交叉往来 adj. 纵横交错的,,
crisscross,,v.,"交叉, 来回移动 n. 十字形",,
criteria,,n.,[criterion的复数形式]标准， 准则,,
criterion,,n.,标准,,
critic,,n.,"批评家,评论家",,
critical,,adj.,"批评的,挑剔的,决定性的",,
critically,,adv.,"批评性地, 危急地",,
criticism,,n.,"批评, 批判",,
criticize,,v.,"批评,责备",,
critique,,n.,批评，评论 vt. 写评论,,
crocodile,,n.,"鳄鱼, 鳄鱼皮",,
crook,,v.,使弯曲,,
crooked,,adj.,不诚实的； 欺诈的； 弯曲的,,
cross,,n.,"十字,交叉 v. 使交叉,横过",,
crossbill,,n.,交喙鸟,,
crossbones,,n.,交叉腿骨的图形,,
crossbreed,,n.,[生物]杂种 v异种交配,,
crossing,,n.,交叉口,,
crouch,,v.,"蜷缩, 蹲伏",,
crow,,n.,乌鸦 v. 啼叫,,
crowbar,,n.,"撬棍, 铁橇",,
crowd,,n.,人群 v拥挤,,
crown,,n.,王冠，冕,,
crucial,,adj.,至关紧要的,,
crucible,,n.,"坩锅, 严酷的考验",,
crude,,adj.,"天然的,未加工的,粗鲁的",,
crudely,,adv.,"粗糙地, 粗鲁地",,
cruel,,adj.,"残酷的, 悲惨的",,
cruise,,,"vi&n. 巡游, 漫游",,
crumble,,v.,"弄碎,崩溃",,
crumple,,v.,(使)皱，扭曲；(使)崩溃,,
crunch,,,vi&n. 嘎吱嘎吱地响(声),,
crusade,,v.,加入十字军， 投身正义运动 n. 十字军；斗争，运动,,
crush,,,vt&n. 压碎,,
crust,,n.,"外壳,硬壳,面包皮",,
crustacean,,adj.,甲壳类的 n. 甲壳纲动物,,
crustal,,adj.,地壳的,,
cry,,,v&n. 哭,,
cryptic,,adj.,"秘密的, 含义模糊的",,
crystal,,n.,水晶,,
crystalline,,adj.,"水晶(般)的,透明的",,
crystallize,,v.,结晶； 明确,,
cuban,,n.,古巴人 adj. 古巴(人)的,,
cube,,n.,"立方体, 立方",,
cubic,,adj.,"立方体的, 立方的",,
cubism,,n.,立体派,,
cucumber,,n.,黄瓜,,
cud,,n.,反刍的食物,,
cue,,n.,"暗示,提示",,
cuisine,,n.,烹饪； 烹调法， 烹调风格,,
culminate,,v.,达到顶点,,
culpable,,adj.,有罪的； 该谴责的， 难辞其咎的,,
cult,,n.,"祭仪, 礼拜式",,
cultivate,,v.,"培养,耕作",,
cultivation,,n.,"培养,教养",,
cultural,,adj.,"文化的,教养的",,
culturally,,adv.,"人文地, 文化地",,
culture,,n.,"文化,文明",,
cumbersome,,adj.,"笨重的,累赘的",,
cumulative,,adj.,累积的,,
cuneiform,,,"a&n. 楔形的,楔形文字(的)",,
cup,,n.,杯子,,
curative,,adj.,有助于治疗的，有疗效的 n. 药物,,
curator,,n.,管理者,,
cure,,,"n&v. 治愈, 治疗",,
curio,,n.,"古董, 古玩",,
curiosity,,n.,好奇心,,
curious,,adj.,"好奇的, 奇特的",,
curiously,,adv.,好奇地,,
curl,,v.,卷曲，蜷缩 n. 卷发； 卷曲状； 卷曲物,,
curly,,adj.,"卷曲的, 弯曲的, (木材)有皱状纹理的",,
currency,,n.,流通,,
current,,adj.,当前的 n. 趋势,,
curriculum,,n.,课程,,
currier,,n.,制革匠,,
curtail,,vt.,缩短， 缩减， 削减,,
curtain,,n.,窗帘,,
curtsy,,vi.,行屈膝礼 n. 屈膝礼,,
curvature,,n.,"弯曲, 曲率",,
curve,,,"n&v. 曲线,弯曲",,
cushion,,n.,垫子,,
cuspidor,,n.,痰盂,,
custodial,,adj.,"保管的,保管人的 n. [宗]圣物保管容器",,
custodian,,n.,管理人,,
custom,,n.,"习惯, 风俗,",,
customarily,,adv.,"通常,习惯上",,
customary,,adj.,"习惯的, 惯例的",,
customer,,n.,消费者,,
customs,,n.,关税， 进口税； 海关,,
cut,,v.,"切,割,剪",,
cute,,adj.,"可爱的, 聪明的",,
cuticle,,n.,"表皮,角质层",,
cyan,,n.,"蓝绿色, 青色",,
cyanide,,n.,[化]氰化物,,
cycle,,n.,"循环,周期 v. 骑自行(摩托)车,循环",,
cyclic,,adj.,"循环的,周期性的",,
cylinder,,n.,"圆筒,圆柱体",,
cylindrical,,adj.,圆柱形的,,
cynical,,adj.,愤世嫉俗的， 冷嘲热讽的,,
cynthia,,n.,"月亮女神, 月亮",,
daddy,,n.,爸爸,,
daguerreotype,,n.,(早期)银板照相,,
daily,,adj.,"每日的,日常的",,
dairy,,n.,"牛奶场,乳品店",,
daisy,,n.,雏菊； 一流的人物,,
dale,,n.,"宽谷, 溪谷",,
dam,,n.,"水坝,障碍",,
damage,,,"v&n. 损害,毁坏",,
damp,,n.,"湿气 adj. 潮湿的 v. 使潮湿,阻尼",,
dampen,,v.,"使潮湿,沮丧",,
damper,,n.,"风阀, 减音器",,
dandelion,,n.,蒲公英,,
danger,,n.,危险(物),,
dapple,,n.,"斑纹, 斑点 v. (使）有斑纹",,
dare,,v.,"敢, 挑战",,
dark,,n.,黑暗,,
darken,,v.,(使)变暗,,
darkness,,n.,"黑暗,漆黑",,
darling,,n.,"心爱的人, 亲爱的",,
darn,,v.,缝补，补缀,,
dart,,n.,"标枪, 镖 v. 投掷",,
dash,,n.,"冲撞, 破折号 v猛掷, 冲撞",,
data,,n.,"数据,资料",,
database,,n.,数据库,,
date,,n.,"日期,时期 v. 追溯到",,
datebase,,n.,"数据库, 资料库",,
dateline,,n.,日期栏； 国际日期变更线,,
dating,,n.,约会 v. 约会,,
daughter,,n.,女儿,,
daunt,,v.,沮丧,,
dawn,,n.,"黎明 vi破晓,开始出现",,
day,,n.,"天,一昼夜,时期",,
daylight,,n.,"日光, 白昼",,
daytime,,n.,"白天, 日间",,
dazzling,,adj.,令人眼花缭乱的， 耀眼的,,
dazzlingly,,adv.,"灿烂地, 耀眼地",,
dead,,adj.,死的 n. 死者,,
deadline,,n.,最后期限， 截止时间,,
deadly,,adj.,致命的,,
deaf,,adj.,聋的,,
deal,,n.,"交易 v. 处理,分配",,
dealer,,n.,"经销商, 商人",,
dealing,,n.,"行为, 交易",,
dearth,,n.,缺乏， 短缺,,
death,,n.,"死,死亡",,
debatable,,adj.,"成问题的,未决定的",,
debate,,v.,"争论, 辩论",,
debris,,n.,"碎片,残骸",,
debt,,n.,债务,,
debtor,,n.,债务人,,
debut,,n.,首次演出，初次露面,,
decade,,n.,"十年,十",,
decadent,,adj.,堕落的， 颓废的,,
decay,,,"v&n. 衰退,腐败",,
decease,,n.,死亡 v. 死,,
deceitful,,adj.,欺诈的， 惯于欺骗的， 不诚实的,,
deceive,,v.,"欺骗, 行骗",,
december,,n.,十二月(略作Dec),,
decent,,adj.,体面的； 适当的， 得体的； 令人满意的； 正派的,,
deception,,n.,"欺骗, 诡计",,
deceptive,,adj.,骗人的，造成假象的,,
decide,,v.,"决定,判决",,
deciduous,,adj.,"每年落叶的, 非永久性的",,
decimal,,adj.,十进位的，小数的 n. 小数,,
decipher,,v.,译解,,
decision,,n.,"决定,决议",,
decisive,,adj.,"决定性的,果断的",,
deck,,n.,"甲板, 舰板",,
declaration,,n.,"宣布, 声明",,
declare,,v.,宣布，声明,,
decline,,,"v&n. 下降,衰退",,
deco,,n.,装饰派艺术,,
decode,,v.,"解码, 译解",,
decompose,,v.,(使)腐烂,,
decomposition,,n.,"分解, 腐烂",,
decor,,n.,舞台装饰,,
decorate,,v.,装饰,,
decoration,,n.,装饰(品),,
decorative,,adj.,装饰的,,
decorator,,n.,油漆工,,
decrease,,,"v&n. 减少,降低",,
decree,,v.,判决； 颁布 n. 政令，法令；裁定，判决,,
dedicate,,v.,"献(身), 致力",,
dedication,,n.,"贡献, 奉献",,
deduct,,vt.,扣除， 减去； 推论， 演绎,,
deductive,,adj.,演绎的， 推论的,,
deed,,n.,行为，事迹；契约,,
deem,,v.,"认为, 相信",,
deep,,adj.,深的 adv. 深深地,,
deepen,,v.,"加深, 深化",,
deer,,n.,鹿,,
default,,vi.,不履行义务， 违约 n. 违约；弃权；缺省,,
defeat,,,"vt&n. 击败,战败",,
defecate,,vi.,排便； 澄清,,
defect,,vi.,变节， 叛变 n. 瑕疵， 缺陷； 过失,,
defend,,v.,"防护, 辩护",,
defender,,n.,"防卫者, 拥护者",,
defense,,n.,"国防部,防卫",,
defenseless,,adj.,无防备的,,
defensible,,adj.,可防御的,,
defensive,,,n&a. 防御(的),,
defer,,v.,推迟， 延期,,
deference,,n.,"顺从, 尊重",,
deferential,,adj.,"恭敬的, 顺从的",,
defiant,,adj.,反叛的， 挑衅的， 公然违抗的,,
deficiency,,n.,"缺乏,不足",,
deficient,,adj.,"缺乏的, 不足的",,
deficit,,n.,不足额； 赤字， 逆差,,
define,,v.,"定义,详细说明",,
definite,,adj.,"明确的,一定的",,
definition,,n.,"定义,解说",,
definitive,,adj.,"最后的,确定的",,
definitively,,adv.,"决定性地, 最后地",,
deflect,,v.,"(使)偏斜, (使)偏转",,
deform,,v.,(使)变形,,
deformation,,n.,变形,,
deformity,,n.,"残缺, 畸形",,
deft,,adj.,"敏捷熟练的, 灵巧的",,
degas,,v.,除去瓦斯,,
degenerate,,vi.,退化， 衰退 adj. 堕落的； 退化的,,
degenerative,,adj.,衰退的， 堕落的； 变性的,,
deglaciation,,n.,冰消作用,,
degradation,,n.,"降级, 降格, 退化",,
degrade,,v.,"(使)降级, (使)堕落",,
degree,,n.,"学位,程度,度数",,
dehydrate,,v.,(使)脱水,,
deity,,n.,"神, 神性",,
delay,,v.,"/n耽搁, 延迟",,
delectable,,adj.,使人愉快的,,
delegate,,n.,代表 vt. 委派…为代表， 授权,,
delft,,n.,代夫特(荷兰城市)陶器,,
deliberate,,adj.,"故意的,深思熟虑的",,
deliberately,,adv.,故意地,,
deliberation,,n.,仔细考虑；商量,,
delicate,,adj.,"精巧的, 精致的",,
delight,,,"n&v. 高兴,欣喜",,
delightful,,adj.,"令人愉快的, 可喜的",,
delineate,,v.,描绘,,
delinquency,,n.,行为不良； 过失， 失职,,
delirium,,n.,精神错乱， 神志失常,,
deliver,,v.,"递送, 陈述，交付",,
delivery,,n.,"递送,交付,传输",,
delta,,n.,三角州,,
deluge,,n.,"洪水, 豪雨",,
demand,,,"n&v. 要求,需要",,
demanding,,adj.,苛求的， 难满足的； 需要高的， 费力的,,
demerit,,n.,"缺点,过失",,
demise,,n.,"死亡,让位",,
demobilize,,v.,"使复员, 使退伍, 遣散",,
democracy,,n.,"民主政治, 民主主义",,
democrat,,n.,"民主主义者,美国民主党人",,
democratic,,adj.,"民主的,民主主义的",,
democratization,,n.,民主化,,
demographic,,adj.,人口统计学的,,
demolish,,v.,"毁坏, 推翻, 粉碎",,
demolition,,n.,"毁坏, 毁坏之遗迹",,
demonstrate,,v.,"示范,证明,论证",,
demonstration,,n.,"示范, 实证",,
denial,,n.,"否认,谢绝",,
denmark,,n.,丹麦,,
denomination,,n.,"面额,名称,教派",,
denote,,v.,表示， 意指； 标示， 预示， 象征,,
denounce,,vt.,谴责， 公开指责， 抨击； 告发,,
dense,,adj.,"密集的,浓厚的",,
densely,,adv.,浓密地,,
density,,n.,密度,,
dent,,vt.,使凹下；挫伤，损害 n. 缺口， 凹痕,,
dentist,,n.,牙科医生,,
deny,,v.,"否认, 拒绝",,
depart,,v.,离开，出发,,
department,,n.,"部, 局",,
departure,,n.,"启程, 出发",,
depend,,v.,"依靠,取决于",,
dependable,,adj.,"可靠的, 可信赖的",,
dependably,,adv.,可信任地,,
dependence,,n.,"依靠,信任",,
dependent,,adj.,"依靠的,依赖的",,
depict,,v.,"描述,描写",,
depiction,,n.,"描写, 叙述",,
deplete,,v.,"耗尽, 使衰竭",,
depletion,,n.,损耗,,
deplorable,,adj.,"可叹的,凄惨的",,
deplore,,vt.,悲叹， 哀叹， 公开谴责,,
deploy,,vt.,部署， 调度； 利用,,
deport,,vt.,驱逐出境,,
depose,,vt.,革除， 罢免， 废黜,,
deposit,,v.,"沉淀,存放,堆积 n. 存款,堆积物",,
deposition,,n.,"沉积, 免职",,
depositor,,n.,"寄托者, 存款人",,
depot,,n.,"贮藏所, 仓库",,
deprecate,,v.,"抨击, 反对",,
depreciation,,n.,"贬值, 减价",,
depredation,,n.,"掠夺, 破坏痕迹",,
depress,,v.,"使沮丧, 使消沉",,
depression,,n.,"沮丧,消沉",,
deprivation,,n.,剥夺,,
deprive,,v.,"剥夺,使丧失",,
depth,,n.,深度,,
derisive,,adj.,嘲笑的,,
derivation,,n.,起源， 发源； 派生,,
derivative,,adj.,派生的，引出的；无创意的 n. 派生词， 衍生词； 派生物,,
derive,,v.,"获取,得自,起源",,
derrick,,n.,"起重机, (钻井)井口上的铁架塔",,
desalination,,n.,"减少盐分, 脱盐作用",,
descend,,v.,"下来, 下降",,
descendant,,n.,"子孙, 后裔",,
descent,,n.,"下降,下倾",,
description,,n.,"描写,记述",,
descriptive,,adj.,"描述的, 叙述的",,
desegregate,,v.,废除种族隔离,,
deserted,,adj.,荒废的， 空无一人的； 被离弃的， 被遗弃的,,
desertification,,n.,"荒漠化,沙漠化",,
deserve,,v.,"应受, 值得",,
desiccation,,n.,干燥,,
designate,,v.,"指明,指定",,
designation,,n.,"指示, 指定, 名称",,
designer,,n.,设计者,,
desirability,,n.,"愿望, 希求",,
desirable,,adj.,"值得拥有的,可取的",,
desire,,,"n&vt. 渴望,要求",,
desolate,,adj.,"荒凉的, 无人烟的",,
desperate,,adj.,"不顾一切的, 拚死的, 令人绝望的",,
despise,,vt.,鄙视， 看不起,,
despite,,prep.,"尽管,不论",,
despoil,,vt.,夺取， 掠夺； 蹂躏,,
despondent,,adj.,"失望的, 沮丧的",,
destination,,n.,目的地,,
destine,,v.,"注定, 预定",,
destined,,adj.,注定的； 以…为目的地的,,
destroy,,v.,"破坏,毁灭,消灭",,
destruction,,n.,"破坏,毁灭",,
destructive,,adj.,破坏(性)的,,
detach,,v.,"拆卸,使分开",,
detachment,,n.,"冷漠, 脱离",,
detail,,n.,"细节,详情 v. 详述",,
detect,,v.,"察觉,侦查,发现",,
detectable,,adj.,"可发现的,可察觉的",,
detection,,n.,"察觉, 侦查",,
detective,,adj.,侦探的 n. 侦探，私人侦探,,
deter,,v.,阻止,,
detergent,,adj.,净化的， 清洁的 n. 清洁剂,,
deteriorate,,v.,(使)恶化,,
deteriorates,,v.,恶化，变坏,,
deterioration,,n.,"变坏, 退化",,
determinant,,adj.,决定性的 n. 决定因素,,
determination,,n.,"决心, 果断",,
determine,,v.,查明， 确定； 决心， 决定； 支配， 影响,,
determinedly,,adv.,"决然地,断然地",,
deterrent,,n.,威慑 a遏制的,,
detest,,v.,憎恶,,
detract,,v.,转移,,
detractor,,n.,诽谤者,,
detritus,,n.,碎石,,
devastate,,v.,毁坏,,
devastation,,n.,"毁坏,荒废",,
developer,,n.,开发者,,
developmental,,adj.,"发展的, 进化的",,
deviant,,adj.,不正常的，越出常规的 n. 不正常的人,,
deviate,,v.,"偏离,偏轨",,
deviation,,n.,"背离,偏离",,
device,,n.,"装置,设备",,
devise,,v.,"设计,发明",,
devoid,,adj.,"全无的, 缺乏的",,
devote,,v.,"投入于, 献身",,
devotion,,n.,"献身, 热爱",,
devour,,v.,"吞食,吞没",,
devout,,adj.,虔敬的； 诚恳的,,
dew,,n.,露水,,
dexterous,,adj.,惯用右手的； 灵巧的， 熟练的,,
diagnose,,v.,诊断； 判断,,
diagonal,,,n&a. 对角线(的),,
diagonally,,adv.,"斜对地, 对角地",,
diagram,,n.,图表,,
dialect,,n.,方言,,
dialogue,,n.,对话,,
diameter,,n.,直径,,
diamond,,n.,"钻石,金钢石",,
dichotomy,,n.,"两分, 二分法",,
dictaphone,,n.,录音电话机（商标名称） [商标名] 录音机,,
dictate,,v.,口授；命令,,
diction,,n.,"措辞, 用语, 言语",,
die,,v.,死亡,,
diet,,n.,"通常所吃的食物,会议",,
dietary,,adj.,饮食的 n. 规定的食物,,
differ,,v.,"不同,有区别 n. 区别",,
differential,,adj.,差别的，有区别的；微分的 n. 差别， 差异； 微分,,
differentiate,,v.,"区分 ,区别",,
differentiating,,adj.,微分的,,
differently,,adv.,不同地，有差别地,,
difficulty,,n.,"困难,难点",,
diffuse,,v.,"散播,传播",,
diffusely,,adv.,"广泛地,扩散地",,
diffuses,,v.,"扩散,弥漫",,
diffusion,,n.,传播，散布,,
difluoride,,n.,二氟化物,,
dig,,v.,挖,,
digest,,v.,"消化,融会贯通",,
digestion,,n.,"消化力, 领悟",,
digestive,,adj.,消化的,,
digitize,,vt.,数字化,,
dignify,,vt.,使有尊严， 使高贵； 美化,,
dignity,,n.,尊严， 庄严； 高贵， 尊贵； 自尊， 自重,,
digression,,n.,离题， 扯到枝节上； 题外话， 枝节内容,,
dike,,n.,堤防 v. 筑堤提防,,
dilate,,v.,膨胀， 扩大； 详述,,
dilemma,,n.,"进退两难的局面, 困难的选择",,
diligence,,n.,勤奋,,
diligent,,adj.,勤奋的， 刻苦的， 勤勉的,,
dilute,,v.,稀释，冲淡,,
dilution,,n.,稀释,,
dim,,v.,"(使)暗淡,(使)模糊",,
dime,,n.,<美> 一角硬币,,
dimension,,n.,"尺寸, 尺度",,
dimensional,,adj.,"维度的, 空间的, 尺寸的",,
diminish,,v.,"(使)减少, (使)变小",,
diminution,,n.,减少， 缩减,,
dimly,,adv.,"微暗, 朦胧",,
dimply,,adj.,"有酒窝的, 有凹处的",,
dining,,n.,吃饭,,
dinner,,n.,"正餐, 宴会",,
dinosaur,,n.,恐龙,,
dioxide,,n.,二氧化物,,
diplomat,,n.,外交官； 有手腕的人,,
diplomatic,,adj.,外交的， 从事外交的； 有策略的， 有手腕的， 老练的,,
dire,,adj.,"可怕的,极端的",,
direct,,,"a&ad. 直接的 v. 对准,指导",,
directional,,adj.,方向的,,
directive,,n.,指示 adj. 指导的,,
director,,n.,"主管,导演",,
directory,,n.,人名地址录， 电话号码簿； 目录,,
dirt,,n.,"污垢, 泥土",,
disability,,n.,"无力, 残疾",,
disadvantage,,n.,"不利,缺点,劣势",,
disadvantageous,,adj.,不利的,,
disaffection,,n.,不满,,
disagree,,v.,"不一致, 不适宜",,
disagreement,,n.,不一致；争论,,
disappear,,v.,消失,,
disappearance,,n.,"不见,消失",,
disappoint,,v.,使失望,,
disappointment,,n.,失望,,
disapproval,,n.,不赞成,,
disarm,,v.,解除武装； 裁军； 消除， 消解,,
disaster,,n.,灾难,,
disastrous,,adj.,"灾难性的, 极糟的",,
disc,,n.,"圆盘, 唱片",,
discard,,v.,"丢弃, 抛弃",,
discern,,v.,"察觉出,识别",,
discernible,,adj.,可辨别的,,
discharge,,,"v&n. 释放,排出",,
disciple,,n.,"信徒, 弟子",,
discipline,,n.,"纪律,学科 v. 训练",,
disclaimer,,n.,"放弃, 弃权",,
disclose,,vt.,泄露， 透露； 揭发,,
disco,,n.,迪斯科舞厅,,
discolor,,v.,"使脱色, (使)变色,(使)退色",,
discoloration,,n.,"变色, 污点",,
disconcert,,vt.,使惊慌， 使不安； 使困惑,,
discontent,,n.,不满a不满的vt使不满,,
discontinuity,,n.,"不连续, 中断",,
discord,,n.,不一致； 不和， 纷争； 不和谐,,
discount,,n.,折扣 vt. 把…打折扣； 不全信， 漠视， 低估,,
discourage,,v.,"使气馁,阻碍",,
discourse,,,"n&v. 谈话, 演讲",,
discoverer,,n.,发现者,,
discovery,,n.,"发现,发现物",,
discredit,,v.,怀疑 n丧失名誉,,
discrete,,adj.,"不连续的, 离散的",,
discriminate,,v.,"歧视,区别待遇",,
discrimination,,n.,歧视；辨别力,,
discussion,,n.,讨论,,
disdain,,n.,轻蔑 v蔑视,,
disease,,n.,疾病,,
disguise,,,n&v. 伪装，掩饰,,
disgust,,n.,厌恶vi令人厌恶，作呕,,
dish,,n.,"盘, 碟 v. 把…装盘",,
dishabituate,,vt.,"使戒除(或放弃)习惯,使不习惯",,
dishonest,,adj.,不诚实的,,
disillusion,,v.,醒悟,,
disintegrate,,v.,分裂成小片，瓦解,,
disinterest,,n.,"无兴趣, 不关心",,
disinterested,,adj.,客观的， 无私的， 公正的； 无兴趣的， 不关心的,,
disk,,n.,"磁盘,圆盘",,
dislike,,v.,"讨厌, 不喜欢",,
dislodge,,v.,驱逐,,
disloyalty,,n.,不忠实,,
dismal,,adj.,"阴沉的, 凄凉的n沼泽",,
dismantle,,v.,拆除,,
dismay,,,"n&v. 沮丧, 绝望",,
dismember,,v.,"肢解,割断手足",,
dismiss,,v.,"解散, 下课, 解职,",,
disorder,,n.,混乱 vt扰乱,,
disorient,,v.,"使失去方向感, 使迷惑",,
disorientation,,n.,"迷失方向, 迷惑",,
disparate,,adj.,迥然不同的,,
dispatch,,v.,"分派, 派遣",,
dispel,,vt.,驱散， 驱逐； 消除,,
dispense,,v.,"分发, 分配",,
dispersal,,n.,"散布,传播,分散",,
disperse,,v.,"分散, 疏散",,
displace,,v.,"转移, 取代",,
displacement,,n.,"移置, 转移, 取代",,
display,,,"n&vt. 陈列,展览,显示",,
disposal,,n.,"处理, 处置",,
dispose,,v.,"处理,布置, 安排",,
disproportionate,,adj.,不成比例的,,
disprove,,v.,"反驳,证明为误",,
dispute,,,"n&v. 争论,争端",,
disquiet,,v.,不安，忧虑 n. 不安， 忧虑,,
disrepute,,n.,坏名声,,
disrupt,,v.,使中断，扰乱,,
disruption,,n.,分裂,,
disruptive,,adj.,"使破裂的, 分裂性的",,
dissatisfaction,,n.,不满,,
dissatisfy,,v.,"使感觉不满, 不满足",,
disseminate,,v.,散布，传播,,
dissension,,n.,"意见不同, 纠纷",,
dissent,,vi.,不同意，持异议 n. 不同意见， 异议,,
dissenter,,n.,持异议者,,
dissimulate,,v.,掩盖， 掩饰， 假装,,
dissipate,,v.,"驱散, 消散",,
dissolute,,adj.,放荡的， 放纵的， 道德沦丧的,,
dissolution,,n.,"分解, 解散",,
dissolve,,v.,"溶解,解散",,
dissuade,,vt.,劝阻， 阻止,,
distance,,n.,"距离,路程",,
distant,,adj.,"远的,疏远的",,
distantly,,adj.,"疏远的, 遥远的",,
distasteful,,adj.,"味道差的,反感的",,
distend,,v.,"(使)扩大, (使)扩张",,
distill,,v.,"蒸馏, 滴下, 吸取",,
distinct,,adj.,"清楚的,明显的,不同的",,
distinction,,n.,"差别,区分,优秀",,
distinctive,,adj.,"有区别的,独特的",,
distinctively,,adv.,"ad/ 区别地, 特殊地",,
distinctly,,adv.,"清楚地, 显然",,
distinguish,,v.,"区别,辨别",,
distinguishable,,adj.,"可区别的, 可辨别的",,
distort,,v.,"歪曲, 扭曲,变形",,
distortion,,n.,"扭曲, 变形,曲解",,
distract,,v.,"转移,分散",,
distress,,n.,痛苦，忧伤；贫困，窘迫；遇难 vt. 使痛苦， 使悲伤， 使忧虑,,
distribute,,v.,"分发,分配",,
distribution,,n.,"分发,分配,分布",,
distributor,,n.,"发行人,经销商",,
district,,n.,"区域,行政区",,
distrust,,,n&vt. 不信任，怀疑,,
disturb,,v.,"打扰,弄乱",,
disturbance,,n.,"骚动, 动乱",,
disuse,,,"n&v. 废弃, 废止",,
ditch,,n.,"沟, 壕沟",,
diva,,n.,歌剧中的首席女主角,,
dive,,v.,"潜水, 跳水",,
diver,,n.,潜水者,,
diverge,,v.,分歧,,
divergence,,n.,分歧,,
divergent,,adj.,"分歧的,分开的, 偏离的",,
diverse,,adj.,"不同的,变化多的",,
diversification,,n.,"变化, 多样化",,
diversify,,v.,"使多样化, 作多样性的投资",,
diversion,,n.,"转向, 转移",,
diversity,,n.,"多样性,差异",,
divert,,v.,"使转向,转移",,
divide,,v.,"分,划分",,
dividend,,n.,红利， 股息； 回报， 效益； 被除数,,
divine,,adj.,"神圣的, 非凡的 n牧师 v占卜",,
diviner,,n.,"占卜者, 占卦的人",,
division,,n.,"分开,分割,区分",,
divorce,,,"n&v. 离婚, 脱离",,
dizzy,,adj.,(指人)晕眩的 v. 使人晕眩的,,
dna,,abbr.,[生化]脱氧核糖核酸(=deoxyribonucleic acid),,
doctor,,n.,医生；博士,,
doctrine,,n.,"教条, 学说",,
document,,n.,"公文,文件 v. 记载",,
documentary,,n.,"记录片 a纪录的, 文件的",,
documentation,,n.,文件,,
dodge,,v.,"/n避开, 躲避",,
dog,,n.,"狗, 犬",,
dogged,,adj.,顽强的， 坚持不懈的； 顽固的， 固执的,,
doggedly,,adv.,"固执地, 顽强地",,
dogwood,,n.,山茱萸,,
doll,,n.,"洋娃娃, 玩偶",,
dollar,,n.,"元, 美元",,
dolphin,,n.,海豚,,
domain,,n.,"领地,范围",,
dome,,n.,圆屋顶,,
domelike,,adj.,穹顶状的,,
domestic,,adj.,"国内的,家庭的",,
domestically,,adv.,"家庭式地,国内地",,
domesticate,,v.,"驯养, 教化",,
domestication,,n.,"驯养, 教化",,
domicile,,n.,住处， 住所,,
dominance,,n.,"支配,优势",,
dominant,,adj.,"有统治权的,占优势的",,
dominate,,v.,"支配,占优势",,
don,,n.,"先生,阁下",,
donate,,vt.,捐赠； 赠送,,
donation,,n.,"捐赠品, 捐款, 贡献",,
doodle,,vi.,乱涂， 胡画,,
doom,,v.,注定，命定 n厄运,,
door,,n.,门,,
doorknob,,n.,门把手,,
doorway,,n.,门口,,
dormancy,,n.,休眠,,
dormant,,adj.,冬眠的,,
dormitory,,n.,宿舍,,
dorsal,,adj.,"背的, 脊的",,
dosage,,n.,剂量,,
dose,,n.,"剂量, (一)剂 v(给)服药",,
dot,,n.,"点 vt打点于,点缀",,
dote,,vi.,溺爱,,
double,,,n&a. 两倍(的) v. 使加倍,,
doubt,,,"n&v. 怀疑,怀疑",,
doubtful,,adj.,"可疑的, 不确的, 疑心的",,
dough,,n.,生面团,,
douse,,v.,熄灭；浸，洒,,
downhill,,adv.,下坡；向下,,
downside,,n.,缺点， 负面； 底侧； 下降趋势,,
downtown,,adv.,在市区 adj. 市区的,,
downward,,adj.,向下的,,
dozen,,n.,"一打, 十二个",,
drab,,adj.,"土褐色的, 单调的",,
draft,,n.,草稿 v. 草拟,,
drag,,v.,"拖, 拖曳",,
dragon,,n.,"龙, 凶暴的人",,
dragonfly,,n.,蜻蜓,,
drain,,n.,"排水,消耗",,
drainage,,n.,"排水系统,下水道",,
drainpipe,,n.,排水管,,
drake,,n.,"公鸭, 蜉蝣类",,
dram,,n.,"液量特兰(药衡系统中的容量单位), 少量",,
drama,,n.,戏剧,,
dramatic,,adj.,"戏剧性的,生动的",,
dramatically,,adv.,"戏剧地,引人注目地",,
dramatize,,v.,编写剧本,,
drape,,n.,窗帘 v. 使褶皱,,
drapery,,n.,布业，布匹,,
drastic,,adj.,"激烈的, 极端的",,
drastically,,adv.,"大幅度地, 彻底地",,
draw,,v.,"画,拖,移动",,
drawback,,n.,"缺点,障碍",,
drawing,,n.,"图画,制图",,
dread,,n.,"恐惧,可怕的人(或物) v. 惧怕 adj. 恐怖的",,
dream,,v.,"做梦 n梦,梦想",,
dredge,,n.,"挖泥机 v挖掘,",,
drench,,v.,湿透,,
dress,,n.,"连衣裙,女装 v打扮",,
drift,,,v&n. 漂流,,
drill,,n.,"钻子 v. 练习,钻孔",,
drink,,v.,喝酒,,
drip,,n.,水滴 v. (使)滴下,,
dripstone,,n.,滴水石,,
drive,,,n&v. 驾驶,,
driver,,n.,驾驶员，司机,,
driveway,,n.,车道,,
drop,,v.,"下降,放弃 n. 下降",,
droplet,,n.,小滴,,
dropstone,,n.,滴石,,
drought,,n.,"干旱,缺乏",,
drown,,v.,"溺死, 淹没",,
drowsy,,adj.,昏昏欲睡的； 催眠的,,
drug,,n.,药,,
drugstore,,n.,"药房, 杂货店",,
drum,,n.,鼓,,
dry,,adj.,"干的,干燥的 v. (使)变干",,
dryness,,n.,干燥,,
dual,,adj.,"双的, 二重的",,
dubious,,adj.,"可疑的, 不确定的",,
duchenne,,n.,杜氏营养不良症,,
duck,,n.,鸭，鸭肉,,
duct,,n.,"管道, 导管 vt. 用导管输送",,
ductile,,adj.,"易延展的, 易教导的",,
ductless,,adj.,无导管的,,
due,,adj.,应有的 n. 应得物,,
duet,,n.,二重奏,,
dugout,,n.,"防空洞, 独木舟",,
duke,,n.,公爵,,
dulcimer,,n.,[乐] 洋琴,,
dull,,adj.,乏味的；阴沉的,,
dumb,,adj.,"哑的,沉默的",,
dump,,v.,"倾倒(垃圾), 倾卸 n. 堆存处",,
dune,,n.,沙丘,,
dung,,n.,粪 vt施粪肥于,,
dupe,,n.,上当者 vt. 欺骗， 愚弄,,
duplicate,,n.,复制品 a复制的 vt复制，复印,,
durability,,n.,"经久, 耐久力",,
durable,,adj.,"持久的,耐用的",,
duration,,n.,持续时间,,
dust,,n.,"尘土,粉末 v. 除尘,撒(粉末等)",,
dusty,,adj.,"满是灰尘的, 粉状的",,
dutch,,n.,荷兰人 adj. 荷兰的,,
dutchman,,n.,荷兰人,,
duty,,n.,"义务, 责任",,
dwarf,,n.,"矮子, 侏儒",,
dwell,,v.,居住,,
dweller,,n.,"居住者,居民",,
dwelling,,n.,住处,,
dwindle,,v.,缩小,,
dy,,n.,[化]镝(=dysprosium),,
dye,,n.,染料 v. 给…染色,,
dyestuff,,n.,染料,,
dynamic,,adj.,"动力的, 动力学的",,
dynamical,,adj.,动态的； 动力的； 充满活力的,,
dynasty,,n.,"朝代,王朝",,
eager,,adj.,"热心于, 渴望着",,
eagerly,,adv.,"热心地,急切地",,
eagle,,n.,鹰,,
ear,,n.,耳朵,,
earn,,v.,赚得,,
earner,,n.,赚钱的人,,
earnest,,adj.,认真的；真诚的 n. 诚挚； 认真,,
earnestness,,n.,"坚定, 认真",,
earning,,n.,"所得,收入",,
earthen,,adj.,"土制的, 陶制的",,
earthenware,,n.,"土器,陶器",,
earthquake,,n.,"地震, [喻]在震荡, 在变动",,
earthward,,adv.,"向地球, 向地面",,
earthworm,,n.,蚯蚓,,
ease,,n.,安逸,,
easily,,adv.,容易地,,
east,,n.,东(方，部)a东方(部)的 adv. 向东方,,
easter,,n.,[宗](耶稣)复活节,,
eastern,,adj.,"东方的,东部的",,
eastward,,adj.,向东的 adv. 向东,,
easy,,adj.,"容易的,轻松的",,
eat,,v.,吃,,
eccentric,,adj.,古怪的 n. 怪人,,
eccentricity,,n.,反常，怪癖,,
eclectic,,adj.,折衷的 n. 折衷主义者,,
eclecticism,,n.,折中主义,,
eclipse,,n.,(日、月)食 vt形成(日、月)食,,
ecological,,adj.,生态学的,,
ecologist,,n.,生态学者,,
ecology,,n.,生态学,,
economic,,adj.,经济的； 经济上的； 经济学的； 合算的,,
economical,,adj.,经济的， 实惠的； 节俭的， 节约的； 精打细算的,,
economist,,n.,经济学者,,
economize,,v.,"节省, 有效地利用",,
ecosystem,,n.,生态系统,,
ectotherm,,n.,"[动] 冷血动物,变温动物",,
ectothermic,,n.,变温动物,,
eddy,,n.,"旋转,漩涡",,
edge,,n.,"边(缘) v. 侧着移动,徐徐移动",,
edible,,adj.,可食用的,,
edifice,,n.,"大厦, 大建筑物",,
edit,,v.,"编辑, 校订",,
edition,,n.,"版,版本",,
editor,,n.,"编辑,编者",,
editorial,,adj.,社论的； 编辑的 n. 社论，重要评论,,
educable,,adj.,"可教育的, 可培养的",,
educate,,v.,"教育,培养",,
educated,,adj.,受过教育的， 有教养的,,
education,,n.,教育,,
educational,,adj.,教育(上)的,,
educationally,,adv.,"教育的, 有关教育的",,
educator,,n.,教育家,,
eel,,n.,鳗鱼,,
effective,,adj.,有效的， 生效的； 显著的； 实际的， 事实上的,,
effectively,,adv.,有效地,,
effectiveness,,n.,效力,,
efficacious,,adj.,"有效的,灵验的",,
efficacy,,n.,"功效, 效验",,
efficiency,,n.,"效率, 功效",,
efficient,,adj.,"效率高的,有能力的",,
efficiently,,adv.,有效地；能胜任地,,
effluent,,n.,流出物， 废水， 污水,,
effort,,n.,"努力,成就",,
effortlessly,,adv.,"毫不费力地, 轻易地",,
egalitarian,,adj.,平等主义的,,
egg,,n.,蛋,,
eggshell,,n.,"蛋壳, 易碎的东西",,
egypt,,n.,埃及,,
egyptian,,,n&a. 埃及人(的),,
eight,,num.,"八,八个,第八",,
eighteen,,num.,十八,,
eighteenth,,num.,"第十八,十八分之一",,
eighty,,num.,"八十, 八十个",,
einkorn,,n.,单粒小麦,,
either,,adv.,[否]也 a&pron. 任一的,,
eject,,v.,"逐出,喷射",,
eka,,n.,准(第一),,
eke,,v.,"补充, 增加",,
elaborate,,adj.,"详尽的,复杂的 v. 详述",,
elaboration,,n.,"苦心经营, 详尽的细节",,
elapse,,vi.,消逝， 流逝,,
elasticity,,n.,弹力； 弹性,,
elder,,n.,"年长者, 老人",,
elect,,v.,"选举, 选择",,
election,,n.,选举,,
elective,,adj.,"选举的,随意选择的",,
electric,,adj.,电的,,
electrical,,adj.,"电的,与电有关的",,
electrically,,adv.,用电力;有关电地,,
electrician,,n.,"电工, 电学家",,
electricity,,n.,"电流,电",,
electrify,,v.,"使充电, 使通电",,
electro,,n.,"电镀物品, 电版",,
electrocardiogram,,n.,[医]心电图,,
electrode,,n.,电极,,
electroencephalogram,,n.,[医]脑电图,,
electrolysis,,n.,电解作用； 电解术,,
electromagnetic,,adj.,电磁的,,
electron,,n.,电子,,
electronic,,adj.,电子的,,
electronically,,adv.,"电子地, 通过电子手段",,
elegance,,n.,"高雅,典雅",,
elegant,,adj.,"优雅的, 雅致的",,
element,,n.,元素，要素，组成部分；,,
elemental,,adj.,"元素的,自然力的",,
elementary,,adj.,初级的， 基础的； 基本的； 简单的,,
elephant,,n.,象,,
eletricity,,n.,"电, 电学",,
elevate,,v.,"举起, 提升的职位",,
elevation,,n.,"上升, 提高",,
elevator,,n.,"电梯,升降机",,
eleven,,n.,十一,,
elicit,,v.,"得出, 引出, 抽出, 引起",,
eligible,,adj.,"有资格的, 合适的",,
eliminate,,v.,"排除,除去",,
elimination,,n.,"排除,消除",,
elite,,n.,"精英,精华",,
elixir,,n.,"炼金药, 不老长寿药",,
elk,,n.,麋鹿,,
elliot,,n.,埃利奥特(男子名),,
ellipse,,n.,椭圆， 椭圆形,,
elliptical,,adj.,"椭圆的,省略的",,
elm,,n.,榆树,,
elongate,,v.,"拉长, (使)伸长 adj. 伸长的",,
eloquent,,adj.,"雄辩的, 有口才的",,
eloquently,,adv.,"雄辩地, 有口才地",,
else,,adj.,"别的,其他的 ad另外",,
elsewhere,,adv.,在别处,,
elusive,,adj.,"难懂的, 难捉摸的",,
emanate,,v.,"散发,发出",,
emancipate,,v.,"释放, 解放",,
embargo,,n.,禁止贸易令；,,
embark,,v.,上船,,
embarrass,,v.,"使困窘, 使局促不安",,
embed,,v.,"使插入, 嵌入",,
embellish,,v.,修饰,,
ember,,n.,"灰烬, 余烬",,
emblem,,n.,"象征, 徽章 vt. 用象征表示",,
embody,,v.,使具体化,,
embolism,,n.,"加闰日, 栓塞",,
emboss,,v.,"饰以浮饰, 使浮雕出来",,
embrace,,v.,拥抱,,
embroider,,v.,刺绣，修饰,,
embroidery,,n.,刺绣(品),,
embryo,,n.,胚胎,,
embryonic,,adj.,胚胎的，萌芽期的,,
emerald,,n.,祖母绿， 绿宝石； 翡翠绿,,
emerge,,v.,"浮现,显露",,
emergence,,n.,"浮现,露出",,
emergency,,n.,"紧急情况, 突然事件",,
emergent,,adj.,紧急的,,
emigrant,,n.,"移居外国者, 移民",,
emigrate,,v.,"移居, 移民",,
emigration,,n.,"移民出境, 侨居",,
eminence,,n.,"出众, 显赫",,
eminent,,adj.,"著名的, 卓越的",,
emission,,n.,"散发,发行,排放",,
emit,,v.,"发出,放射",,
emotion,,n.,感情， 激情， 情绪,,
emotional,,adj.,感情的， 情绪的； 引起情感的； 易动感情的,,
emotionally,,adv.,"感情上地, 冲动地",,
emotive,,adj.,"感情的, 引起强烈感情的",,
empathy,,n.,"移情作用, 共鸣",,
emperor,,n.,"皇帝, 君主",,
emphasis,,n.,"强调,重点",,
emphasize,,v.,"强调,着重",,
empire,,n.,帝国,,
empirical,,adj.,经验主义的,,
empiricism,,n.,经验论， 经验主义,,
employ,,v.,雇用,,
employee,,n.,"职工, 雇员",,
employment,,n.,雇用,,
empower,,v.,授权， 准许； 使控制局势,,
empress,,n.,"皇后, 女皇帝, 皇太后, 极有权力的女人",,
empty,,adj.,"空的 v. (使)空,倒出",,
emulsion,,n.,乳状液,,
enable,,v.,"使能够,使可能",,
enact,,v.,制定法律， 颁布； 扮演,,
enactment,,n.,"设定,制定",,
enamel,,n.,"珐琅, 瓷釉",,
encapsulate,,v.,装入胶囊，压缩,,
encase,,v.,"装入, 包住",,
encircle,,v.,"环绕, 围绕",,
enclose,,v.,"放入封套,围绕",,
enclosure,,n.,"围住, 围栏",,
encode,,v.,把编码,,
encompass,,v.,"包围,环绕",,
encounter,,,"v&n. 遭遇,遇到",,
encourage,,v.,"鼓励,促进,支持",,
encouragement,,n.,"鼓励, 奖励",,
encroach,,v.,"侵占,侵犯",,
encroachment,,n.,"侵蚀, 侵犯",,
encrust,,v.,在表面形成硬壳， 结壳； 用…装饰外层,,
encyclopedia,,n.,百科全书,,
endanger,,v.,危及,,
endangered,,adj.,濒危的， 将要灭绝的,,
endear,,v.,使亲密,,
endeavor,,,"n&v. 尽力, 努力",,
ending,,n.,"结尾, 结局",,
endless,,adj.,"无止境的,无穷的",,
endocrine,,n.,内分泌,,
endocrinology,,n.,内分泌学,,
endogenous,,adj.,"内生的, 内成的",,
endorse,,vt.,签名； 宣传， 代言； 签署； 赞同， 支持,,
endotherms,,n.,"温血动物, 恒温动物",,
endow,,v.,"捐赠, 赋予",,
endowment,,n.,"捐赠,天资,捐款",,
endpoint,,n.,端点,,
endurance,,n.,"忍耐(力), 持久(力)",,
endure,,v.,"耐久,忍耐",,
enemy,,n.,敌人,,
energetic,,adj.,"精力充沛的,积极的",,
enforce,,v.,"实施, 执行,加强",,
enforcer,,n.,"实施者,强制执行者",,
engage,,v.,"雇佣,从事,参加",,
engagement,,n.,"约会, 婚约",,
engaging,,adj.,迷人的,,
engender,,v.,造成,,
engine,,n.,"发动机,引擎",,
engineer,,n.,"工程师 v. 设计,建造",,
engineering,,n.,工程； 工程学,,
england,,n.,英格兰,,
english,,,"n&a. 英语,英国人(的)",,
engrave,,v.,"雕刻,使铭记",,
engraving,,n.,"雕刻术,雕版",,
engulf,,v.,吞没,,
enhance,,v.,"提高,增强",,
enhancement,,n.,"增进, 增加",,
enigma,,n.,"谜, 难以理解的事物",,
enigmatic,,adj.,"谜的, 莫明其妙的",,
enjoy,,v.,"享受,喜爱",,
enjoyable,,adj.,"有趣的, 愉快的",,
enjoyment,,n.,"享乐, 快乐",,
enlarge,,v.,"扩大, 放大",,
enlargement,,n.,放大,,
enlighten,,vt.,启发， 启迪； 开导； 阐明,,
enlightenment,,n.,"启迪, 教化",,
enlist,,v.,征募； 从军， 参军； 谋取,,
enormous,,adj.,"巨大的,庞大的",,
enormously,,adv.,"极度,大量",,
enrich,,v.,"充实,使富裕",,
enrichment,,n.,"发财致富, 丰富, 肥沃",,
enroll,,v.,"登记, 招收, 参加",,
enrollment,,n.,登记， 注册； 入学,,
ensconce,,vt.,使安顿， 安置， 使安坐,,
enslave,,vt.,奴役,,
ensue,,v.,接着发生，接踵而来,,
ensure,,v.,"确保,保证",,
entail,,v.,"使必需, 使蒙受 n. [建]限定继承权",,
entanglement,,n.,纠缠,,
enter,,v.,"进入,参加",,
enterprise,,n.,"企业, 事业",,
enterprising,,adj.,"有事业心的, 有进取心的",,
entertain,,v.,"娱乐,招待",,
entertainer,,n.,"款待者, 表演娱乐节目的人",,
entertainment,,n.,"款待,娱乐",,
enthusiasm,,n.,"热情, 热衷",,
enthusiast,,n.,"热心家, 狂热者",,
enthusiastic,,adj.,"热心的, 热情的",,
enthusiastically,,adv.,"热心地,满腔热情地",,
entire,,adj.,"全部的,整个的",,
entitle,,v.,"给权利(或资格), 给题名",,
entity,,n.,实体,,
entomb,,v.,"埋葬, 成为的坟墓",,
entourage,,n.,〈总称〉随从， 随行人员,,
entrance,,n.,入口,,
entreat,,v.,乞求， 恳求， 请求,,
entrench,,v.,"以壕沟防护,保护",,
entrepreneur,,n.,"企业家, 主办人",,
entrepreneurial,,adj.,"企业家的, 企业性质的",,
entry,,n.,"进入, 入口",,
entwine,,v.,"(使)缠住, (使)盘绕",,
enunciate,,v.,清晰地发音； 表达， 阐明,,
enure,,v.,使习惯于 v. 变得更有利,,
envelop,,v.,"包封, 遮盖",,
envelope,,n.,"信封, 封套",,
environmental,,adj.,有关环境的， 自然环境的， 生态环境的； 环境的,,
environmentalist,,n.,"环境保护论者, 环境论者, 环境论信奉者",,
environmentally,,adv.,在环境方面地,,
envision,,v.,想象；预想,,
envy,,n.,"羡慕,嫉妒 v. 羡慕,嫉妒",,
enzyme,,n.,[生化]酶,,
eocene,,,n&a. 始新世(的),,
eohippus,,n.,<古生>始祖马,,
eon,,n.,"永世, 无数的年代",,
ephemeral,,adj.,"朝生暮死的, 短暂的",,
epic,,n.,"史诗, 伟大事迹",,
epidemic,,adj.,流行性的， 传染性的 n. 流行；流行病,,
epidermis,,n.,"[生]表皮, 上皮",,
episode,,n.,一段情节,,
episodic,,adj.,"插曲式的,短暂的",,
epistle,,n.,书信,,
epithet,,n.,"绰号, 称号",,
epitome,,n.,摘要,,
epitomize,,vt.,成为…的缩影； 摘要， 概括， 缩写,,
epoch,,n.,"新纪元, 时代",,
equal,,adj.,同样的 v. 等于,,
equality,,n.,"等同性, 平等",,
equation,,n.,等式， 方程式； 等同， 相等； 均衡,,
equator,,n.,赤道,,
equatorial,,adj.,(近)赤道的,,
equestrian,,adj.,骑马的 n骑手,,
equilateral,,adj.,等边的 n等边形,,
equilibrium,,n.,平衡,,
equip,,v.,"装备, 配备",,
equipment,,n.,"装备,设备",,
equitable,,adj.,"公平的, 公正的",,
equivalent,,adj.,"相等的,相当的n等价物",,
era,,n.,"时代,纪元",,
eradicate,,v.,根除,,
eradication,,n.,"连根拔除, 根除",,
ere,,,pron&conj. 在…之前,,
erect,,v.,"建造,竖立,使直立",,
erectus,,adj.,[拉丁语]直立的,,
erie,,n.,伊利(人),,
erode,,v.,"侵蚀,腐蚀",,
erosion,,n.,"腐蚀,侵蚀",,
errand,,n.,差事， 差使,,
erratic,,adj.,古怪的，飘忽不定的,,
error,,n.,"错误, 过失",,
erupt,,v.,喷出 vi爆发,,
eruption,,n.,"爆发,火山灰",,
escalator,,n.,电动扶梯,,
escape,,v.,"逃跑,逃脱",,
eschew,,vt.,避开， 戒除， 回避,,
escutcheon,,n.,"有花纹的盾, 锁眼盖, 孔罩",,
esoteric,,adj.,"秘传的, 神秘的, 难懂的",,
especially,,adv.,"特别,尤其",,
espouse,,vt.,支持， 拥护， 赞成,,
essay,,n.,散文,,
essence,,n.,本质，实质,,
essential,,adj.,基本的，本质的；极其重要的，必不可少的 n. 要素， 实质； 必需品,,
establish,,v.,"建立,确立,创办",,
establishment,,n.,"确立,制定",,
estate,,n.,"财产, 地产",,
esteem,,n.,／ vt尊重，敬重,,
estimate,,,"n&v. 估计,估价",,
estuarine,,adj.,"入海的, 在入海口形成的",,
estuary,,n.,"河口, 江口",,
etch,,v.,蚀刻,,
etching,,n.,蚀刻版画,,
eternal,,adj.,"永恒的,永远的",,
ether,,n.,"天空醚, 大气",,
ethic,,n.,道德规范,,
ethical,,adj.,道德的,,
ethically,,adv.,伦理(学)上,,
ethnic,,adj.,"人种的, 种族的",,
ethnographic,,adj.,"民族志学的, 人种志学的",,
ethnology,,n.,民族学， 文化人类学,,
ethological,,n.,"行为性的, 行为学的",,
ethology,,n.,"动物行动学, 人种学",,
etiquette,,n.,礼节， 礼仪,,
eukaryote,,n.,〈生〉真核细胞,,
eukaryotic,,adj.,真核状态的,,
euphrates,,n.,幼发拉底河,,
eurasia,,n.,欧亚大陆,,
eurasian,,adj.,"欧亚的, 欧亚人的",,
europe,,n.,欧洲,,
european,,adj.,欧洲的 n. 欧洲人,,
eusocial,,adj.,(昆虫)完全社会性的,,
evacuate,,v.,疏散， 撤离； 排空,,
evacuation,,n.,撤离,,
evade,,v.,逃避， 回避； 躲开， 避开,,
evaluate,,v.,"评价, 估计",,
evaluation,,n.,"估价, 评价",,
evanescent,,adj.,"迅速消失的, 短暂的",,
evaporate,,v.,"(使)蒸发,消失",,
evaporation,,n.,蒸发,,
even,,adv.,甚至，连；甚至可以说 adj. 平滑的，平坦的；平稳的，均匀的；均衡的；平均的；偶数的 v. 平坦； 相等,,
evening,,n.,"傍晚, 晚间",,
evenness,,n.,"平均, 平等, 平坦",,
eventual,,adj.,"最后的, 结局的",,
eventually,,adv.,"最后,终于",,
ever,,adv.,"曾经,永远",,
everest,,n.,珠穆朗玛峰(世界最高峰),,
evergreen,,n.,常绿树 adj. 常绿的,,
everlasting,,adj.,"永恒的, 持久的",,
every,,adj.,"每个,一切的,每隔",,
everyday,,adj.,每天的，日常的,,
everyone,,pron.,每个人,,
everything,,pron.,每件事物,,
everywhere,,adv.,"到处, 无论何处",,
evidence,,vt.,证明 n. 证据； 迹象； 根据,,
evident,,adj.,"明显的, 显然的",,
evidently,,adv.,"显然,清楚地",,
eviscerate,,v.,"取出内脏, 除去精华",,
evoke,,v.,"唤起, 引起",,
evolution,,n.,"进化,发展,演变",,
evolutionary,,adj.,"进化的,发展的,演变的",,
evolve,,v.,"演变,进化,发展",,
exact,,adj.,"精确的,准确的",,
exaggerate,,v.,"夸大,夸张",,
exaggeration,,n.,夸张,,
exalt,,v.,晋升,,
exalted,,adj.,崇高的， 高贵的， 显赫的,,
exam,,n.,"考试, 测验",,
examination,,n.,"考试, 检查, 细查",,
examine,,v.,"检查,调查,考试",,
excavate,,v.,"挖掘,开凿",,
excavation,,n.,"挖掘, 发掘",,
exceed,,v.,"超越, 胜过",,
exceedingly,,adv.,"非常,极度地",,
excel,,v.,"优秀, 胜过他人",,
excellence,,n.,"优秀, 卓越",,
excellent,,adj.,"卓越的, 极好的",,
exception,,n.,"除外,例外",,
exceptionally,,adv.,"格外地, 特别地",,
excess,,,n&a. 过量(的),,
excessive,,adj.,"过多的,过分的",,
excessively,,adv.,"过分地, 过度地, 极度地",,
exchange,,,"v&n. 交换,兑换",,
exchanger,,n.,"交换器, 换热器",,
excise,,vt.,切除； 删去,,
excitation,,n.,"刺激,兴奋, 激动",,
excite,,v.,"使兴奋,激动",,
excitement,,n.,"刺激, 兴奋",,
exclaim,,v.,"呼喊, 惊叫",,
exclude,,v.,"把排除在外, 排斥",,
exclusion,,n.,"排除, 除外",,
exclusive,,adj.,"排外的,独占的,唯一的",,
exclusively,,adv.,专门地，排除其他地,,
excrete,,v.,"排泄, 分泌",,
excursion,,n.,远足，短途旅行,,
execute,,v.,"执行, 处决",,
execution,,n.,"处决, 执行",,
executive,,n.,主管，行政官a行政的,,
exemplary,,adj.,"典范的,惩戒性的",,
exemplify,,v.,"例证, 例示",,
exempt,,v.,免除 adj. 被免除的,,
exercise,,,"n&v. 运动,练习",,
exert,,v.,"尽(力),发挥",,
exertion,,n.,"努力, 发挥,运用",,
exhale,,v.,"呼气,发出",,
exhaust,,v.,"使筋疲力尽,耗尽",,
exhaustion,,n.,"耗尽枯竭,疲惫,竭尽",,
exhibit,,,"n&v. 展览,陈列,展示",,
exhibition,,n.,"表现,展览会",,
exhibitor,,n.,"展出者,显示者",,
exhilarate,,v.,"使高兴, 使愉快",,
exhilarating,,adj.,令人高兴的， 使人兴奋的,,
exhort,,vt.,劝告， 规劝， 告诫,,
existence,,n.,存在(物),,
exocrine,,adj.,[医]外分泌的,,
exodus,,n.,大批离去， 成群外出,,
exogenous,,adj.,"外生的,外界产生的",,
exorbitant,,adj.,"（要价等）过高的,（性格等）过分的",,
exoskeleton,,n.,[动] 外骨骼,,
exotic,,adj.,外来的,,
expand,,v.,"扩大,扩展,膨胀",,
expanse,,n.,广阔；宽阔的区域,,
expansion,,n.,"膨胀,扩展,扩充",,
expansionist,,,n&a. 扩张主义(的),,
expect,,v.,"期待,预期",,
expectation,,n.,"期待,预料",,
expedient,,adj.,得当的， 可取的 n. 权宜之计，应急办法，临时手段,,
expedition,,n.,"远征,探险队",,
expeditious,,adj.,迅速而有效的， 迅速完成的,,
expel,,vt.,开除； 驱逐； 排出,,
expend,,v.,"花费,消耗,支出",,
expendable,,n.,"消耗品, 可牺牲的",,
expenditure,,n.,"支出, 花费",,
expense,,n.,"费用,代价",,
expensive,,adj.,"昂贵的,高价的",,
experience,,,"n&vt. 经历,经验",,
experiment,,n.,"试验 v. 尝试,做实验",,
experimental,,adj.,实验(性)的，试验(性)的,,
experimentation,,n.,实验,,
experimenter,,n.,实验者,,
expert,,n.,"专家, 行家",,
expertise,,n.,专门知识(或技能等)，专长,,
expertly,,adv.,熟练地,,
expire,,vi.,到期， 期满， 失效； 断气， 去世,,
explanation,,n.,"解释,说明",,
explicit,,adj.,"明确的,清晰的",,
explode,,v.,爆炸；爆发,,
exploit,,v.,"开拓,开采",,
exploitation,,n.,"开发, 开采",,
exploration,,n.,"探险, 探测",,
exploratory,,adj.,"勘探的, 探索的",,
explore,,v.,"探险,探测",,
explorer,,n.,探险者,,
explosion,,n.,"爆炸,爆发",,
explosive,,adj.,"爆炸(性)的,暴露 n. 爆炸物",,
explosively,,adv.,"爆发地, 引起爆炸地",,
expo,,n.,"博览会, 展览会",,
exponent,,n.,"阐述者,倡导者",,
exponential,,n.,"指数 adj. 指数的, 幂数的",,
export,,,"v&n. 输出,出口",,
exportation,,n.,出口,,
expose,,v.,"暴露,显露",,
exposition,,n.,"展览会, 说明",,
exposure,,n.,"暴露, 揭露",,
expression,,n.,"措辞,表达",,
expressionless,,adj.,无表情的,,
expressive,,adj.,"表达的,意味深长的",,
expressiveness,,n.,"表现, 表示",,
expropriate,,vt.,征用， 没收,,
extend,,v.,"延伸,扩展",,
extension,,n.,"延长, 扩充",,
extensive,,adj.,"广泛的,广阔的",,
extensively,,adv.,广泛地，彻底地,,
extent,,n.,"范围,程度,广度",,
exterior,,adj.,外部的 n外部,,
extermination,,n.,"消灭, 根绝",,
external,,,n&a. 外部(的),,
externality,,n.,外部性， 外界效应,,
externally,,adv.,"外部地, 外面地",,
extinct,,adj.,"熄灭的,灭绝的",,
extinguish,,vt.,熄灭， 扑灭； 消灭， 毁灭， 使破灭,,
extol,,v.,赞美,,
extort,,vt.,勒索， 敲诈， 强夺,,
extra,,adj.,额外的,,
extract,,v.,"取出,提取 n. 摘录",,
extraction,,n.,"抽出,拔出",,
extracurricular,,adj.,"课外的, 业余的",,
extraordinarily,,adv.,"非常,格外地",,
extraordinary,,adj.,"非凡的, 特别的",,
extrapolate,,v.,外推； 推断， 推知,,
extravagant,,adj.,放肆的， 过分的； 奢侈的， 铺张的,,
extravagantly,,adv.,挥霍无度地,,
extreme,,adj.,"极度的,极端的 n. 极端,过分",,
extremity,,n.,极度，绝境,,
extrinsic,,adj.,外来的， 外在的， 非本质的,,
exuberant,,adj.,"繁茂的,生气勃勃的",,
eye,,n.,眼睛,,
eyeball,,n.,"眼球, 眼珠子",,
eyebrow,,n.,眉毛,,
eyelid,,n.,"眼皮, 眼睑",,
eyesight,,n.,"视力, 目力",,
eyewitness,,n.,"目击者, 见证人",,
fable,,n.,寓言； 谎言,,
fabric,,n.,"结构, 织物, 构造",,
fabricate,,v.,"编造, 虚构",,
fabulous,,adj.,寓言式的； 难以置信的； 极好的,,
facade,,n.,正面,,
face,,n.,"脸 v. 面向,面对",,
facelift,,n.,整容手术（除去面部皱纹）,,
facet,,n.,"小平面, 方面, 刻面",,
facial,,adj.,"脸部的,面部的",,
facilitate,,v.,"促进, 帮助",,
facilitation,,n.,"简易化, 助长",,
facility,,n.,"设备,便利，能力",,
facsimile,,n.,"摹写, 传真",,
faction,,n.,"派别,小集团",,
factor,,n.,要素， 因素； 因数； 系数,,
factory,,n.,"工厂,制造厂",,
factual,,adj.,"事实的,实际的",,
faculty,,n.,能力，院系，全体教员,,
fad,,n.,"时尚, 一时流行的狂热",,
fade,,v.,褪去，褪色,,
fahrenheit,,n.,华氏温度计,,
fail,,v.,"失败,没有通过",,
failure,,n.,失败,,
faint,,n.,昏晕 v. 昏晕 adj. 头晕的,,
faintly,,adv.,"微弱地, 朦胧地",,
fair,,,a&ad. 公平的,,
fairground,,n.,"游乐场, 集市",,
faith,,n.,"信仰, 信念",,
faithful,,adj.,"守信的, 忠实的",,
fake,,v.,伪造； 伪装,,
falcon,,n.,猎鹰,,
falconer,,n.,"以鹰狩猎者,养鹰者",,
fallacy,,n.,"谬误, 谬论",,
fallout,,n.,"辐射微尘, 原子尘, 附带结果",,
false,,adj.,错误的；假的,,
falsely,,adj.,"虚伪地, 错误地",,
falter,,v.,衰退， 衰落； 发抖， 结巴地说； 蹒跚,,
fame,,n.,"名声, 名望",,
familiar,,adj.,"熟悉的,常见的",,
familiarity,,n.,"熟悉,通晓,精通",,
familiarization,,n.,"亲密, 熟悉, 精通",,
familiarize,,vt.,使熟悉,,
family,,n.,"家,家庭",,
famine,,n.,"饥荒,",,
famish,,v.,饥饿,,
famous,,adj.,"著名的,出名的,",,
fan,,n.,(风)扇 vt扇，煽动,,
fanatical,,adj.,"狂热的, 入迷的",,
fanciful,,adj.,"想像的, 奇怪的",,
fancy,,v.,喜欢n爱好；想象力,,
fanner,,n.,通风机,,
fanners,,n.,"电风扇,通风机",,
fantastic,,adj.,"幻想的, 奇异的",,
fantasy,,n.,幻想,,
fanwise,,,ad& adj. 呈扇形展开的,,
far-fetched,,adj.,牵强的,,
faraway,,adj.,遥远的,,
farce,,n.,闹剧；荒唐可笑,,
fare,,n.,"费用,票价 v. 遭遇, 进展",,
farmhand,,n.,农业工人，农场工人,,
farmland,,n.,农田,,
farsighted,,adj.,"有先见之明的, 远视的",,
fascinate,,v.,使着迷,,
fascinating,,adj.,迷人的， 醉人的,,
fascination,,n.,"魔力, 魅力, 迷恋",,
fashion,,n.,"方式,流行款式 v. 形成,塑造",,
fashionable,,adj.,"流行的, 时髦的",,
fast,,,"a&ad. 快的,迅速的",,
fasten,,v.,"扎牢,扣住",,
fastidious,,adj.,"过分讲究的, 挑剔的",,
fat,,adj.,肥胖的,,
fatal,,adj.,致命的，灾难性的,,
fate,,n.,"天数,命运",,
fateful,,adj.,重大的；不幸的,,
father,,n.,父亲,,
fathom,,n.,长度单位(6英尺),,
fatigue,,n.,疲劳，劳累 v(使)疲劳,,
fatten,,v.,养肥；使肥沃,,
fatty,,adj.,脂肪的,,
faucet,,n.,"龙头, (连接管子的)插口",,
fault,,n.,"过错 v. 挑剔,弄错",,
faultfinding,,n.,"找茬,挑剔",,
fauna,,n.,动物群,,
faunal,,adj.,动物区系的,,
favor,,n.,"好感 v. 偏爱,支持",,
favorable,,adj.,"赞成的,有利的",,
favorably,,adv.,"赞同地, 亲切地",,
favorite,,adj.,喜爱的 n特别喜爱的人(或物),,
fear,,n.,"恐怖,害怕 v. 害怕,畏惧",,
fearless,,adj.,不怕的，无畏的,,
fearsome,,adj.,可怕的,,
feasibility,,n.,"可行性, 可能性",,
feasible,,adj.,可行的,,
feast,,v.,尽情享用 n. 节日；盛宴，宴会,,
feat,,n.,功绩，伟业,,
feather,,n.,"羽毛,轻的东西",,
feathery,,adj.,"生有羽毛的,柔软如羽毛的",,
feature,,n.,"特征 v. 以为特色,起作用",,
featureless,,adj.,"无特色的, 平凡的",,
february,,n.,二月(略作Feb),,
fecund,,adj.,"生殖力旺盛的, 多产的",,
federal,,adj.,"联邦的,联合的",,
federalist,,n.,"联邦党,联邦制拥护者",,
fee,,n.,"费, 酬金",,
feeble,,adj.,"虚弱的, 衰弱的",,
feed,,v.,喂养,,
feedback,,n.,"反馈, 反应",,
feeder,,n.,饲养员,,
feel,,v.,"感觉,触摸 v. 有知觉",,
feeling,,n.,"触觉,知觉",,
feign,,vt.,装作， 假装； 伪造,,
feldspar,,n.,[矿]长石,,
fellow,,n.,"家伙, 同事",,
fellowship,,n.,伙伴关系,,
female,,n.,女性,,
feminist,,n.,男女平等主义者,,
fen,,n.,"沼泽, 沼池",,
fence,,n.,栅栏 v用篱笆围住,,
fend,,v.,"保护, 供养",,
ferment,,v.,发酵； 骚动 n. 发酵； 动乱， 骚动,,
fern,,n.,蕨类植物,,
ferromagnetic,,adj.,铁磁的,,
fertile,,adj.,"肥沃的, 富饶的, 能繁殖的",,
fertility,,n.,"肥沃, 多产",,
fertilization,,n.,"肥沃, 施肥, 授精",,
fertilize,,v.,使肥沃；使多产,,
fertilizer,,n.,肥料,,
fervor,,n.,"热情, 热烈",,
festival,,n.,"节日,喜庆日 adj. 节日的,快乐的",,
festive,,adj.,"庆祝的, 喜庆的",,
fetus,,n.,胎儿,,
feud,,n.,"不和,争执 v. 长期争斗",,
feudal,,adj.,封建的,,
fever,,n.,"发烧, 狂热 v(使)发烧, 狂热",,
feverishly,,adv.,"兴奋地, 发热地",,
fiber,,n.,光纤,,
fibrous,,adj.,"含纤维的, 纤维性的",,
fiction,,n.,"虚构,小说",,
fictional,,adj.,"虚构的,小说的",,
fictitious,,adj.,虚构的； 假的； 假装的， 虚伪的,,
fictive,,adj.,"虚构的, 想象上的",,
fiddler,,n.,"拉提琴的人,游手好闲的人",,
fidelity,,n.,"忠实, 诚实, 忠诚, 保真度, (收音机, 录音设备等的)逼真度, 保真度, 重现精度",,
field,,n.,"田地,领域",,
fieldstone,,n.,"散石,大卵石",,
fierce,,adj.,"凶猛的, 猛烈的",,
fiercely,,adv.,"猛烈地, 厉害地",,
fiery,,adj.,似火的； 易怒的， 暴躁的,,
fifteen,,num.,十五,,
fifteenth,,num.,第十五,,
fifth,,adj.,第五的,,
fifty,,num.,五十,,
fight,,,"n&v. 战斗,打架,斗争",,
figural,,adj.,"借喻的,比喻的",,
figurative,,adj.,比喻的，借喻的,,
figuratively,,adv.,比喻地,,
figure,,n.,"图形,外形 v. 计算,认为",,
figurehead,,n.,"装饰船头的雕像, 破浪神",,
figurine,,n.,小雕像,,
filament,,n.,"细丝, 灯丝",,
file,,n.,"文档 vt登记备案 ,提出",,
filial,,adj.,子女的； 子孙后代的,,
fill,,v.,装满,,
filmmaker,,n.,电影摄制者,,
filmy,,adj.,"薄膜的, 朦胧的",,
filter,,v.,"过滤 ,透(过)",,
fin,,n.,"鳍, 鱼翅",,
final,,adj.,"最后的,最终的",,
finalize,,vt.,使完成； 把…最后定下来； 定稿,,
finally,,adv.,"最后,终于",,
finance,,n.,"财政 v. 供给经费,筹措资金",,
financial,,adj.,"财政的,金融的",,
financially,,adv.,财政上(金融上),,
financier,,n.,"财政家, 金融家",,
finch,,n.,雀类,,
fine,,adj.,"好的,优质的,健康的",,
finely,,adv.,"细微地,美好地",,
finger,,n.,手指 v用手指拨弄,,
fingerboard,,n.,键盘,,
finish,,,"n&v. 完成,结束",,
finite,,adj.,"有限的,限定的",,
finnish,,adj.,芬兰的,,
fiord,,n.,"(尤指挪威的)海湾, 峡湾",,
fir,,n.,[植]冷杉,,
fire,,n.,"火 v. 开火,解雇,点燃",,
firearm,,n.,"火器,枪炮",,
fireball,,n.,"火球, 大流星",,
fireplace,,n.,壁炉,,
firewood,,n.,"木柴, 柴火",,
firing,,n.,"开火, 生火 v. 开火,烧制",,
firm,,n.,公司,,
firmly,,adv.,坚固地，稳定地,,
firn,,n.,"粒雪, 积雪",,
fish,,n.,鱼 v. 钓鱼,,
fisherman,,n.,"渔民, 渔夫",,
fishery,,n.,"渔业, 水产业",,
fist,,n.,拳头,,
fit,,v.,"适合,适应,安装",,
fitness,,n.,健康， 健壮； 适合,,
fitting,,adj.,适合的n试穿，装配,,
five,,num.,"五,五个",,
fix,,v.,"修理,安装,整理",,
fixation,,n.,"固定, 注视",,
fixture,,n.,固定物(装置),,
flag,,n.,旗，旗帜,,
flagellum,,n.,[动]鞭毛,,
flagpole,,n.,旗杆,,
flair,,n.,"才能, 本领",,
flake,,n.,"薄片 v. 使成薄片,剥落",,
flamboyant,,adj.,"辉耀的,艳丽的",,
flame,,n.,"火焰, 光辉",,
flaming,,adj.,熊熊燃烧的；热情的,,
flank,,n.,肋，侧边,,
flannel,,n.,法兰绒(衣服),,
flap,,n.,片状垂悬物；飘动 v飘动，拍动,,
flare,,n.,"闪光, 闪耀 v. 闪光,闪耀",,
flash,,,"n&v. 闪光,闪现",,
flashbulb,,n.,[摄]闪光灯泡,,
flashy,,adj.,浮华的,,
flask,,n.,长颈瓶,,
flat,,adj.,平坦的,,
flatboat,,n.,(浅水)平底船,,
flatfish,,n.,比目鱼,,
flatten,,v.,"变平, 变单调",,
flatter,,v.,"过分夸赞, 奉承,使满意",,
flattish,,adj.,"有点平凡的, 稍平的",,
flavin,,n.,"[化]黄素, 四羟酮醇",,
flavor,,n.,"情味, 风味 v. 加味于",,
flaw,,n.,缺点，瑕疵,,
flax,,n.,亚麻,,
flee,,v.,"逃避,逃跑,消失",,
fleet,,n.,"舰队 v疾驰,掠过",,
flesh,,n.,肉，果肉,,
fleshy,,adj.,"肉的, 多肉的",,
fletcher,,n.,"<古>造箭者,弗莱彻",,
flexibility,,n.,"灵活性, 弹性",,
flexible,,adj.,"易弯曲的,灵活的,柔韧的",,
flexibly,,adv.,"易曲地, 柔软地",,
flick,,v.,轻拍；移动 n. 轻拍； 浏览,,
flicker,,,"n&v. 闪烁,摇曳",,
flier,,n.,"飞行者,快车,宣传单",,
flight,,n.,"飞行,航班",,
flint,,n.,"打火石, 燧石",,
flipper,,n.,鳍状肢,,
float,,,"v&n. 漂浮,浮现",,
flock,,n.,羊群 v. 聚集，成群,,
floe,,n.,"大浮冰, 浮殡冰块",,
flood,,v.,"淹没,充满 n. 洪水",,
floodplain,,n.,"泛洪平原, 漫滩",,
floor,,n.,"地面,地板",,
flop,,v.,猛落，惨败,,
flora,,n.,[罗神]花神,,
floral,,adj.,"花的,像花的",,
florida,,n.,佛罗里达(美国州名),,
florist,,n.,种花人,,
flotation,,n.,浮选,,
flour,,n.,面粉,,
flourish,,,"v&n. 繁荣,茂盛",,
flout,,,"vt&n. 轻视, 嘲笑",,
flow,,,"n&v. 流动,淹没",,
flower,,n.,"花 v. 开花,繁荣",,
flowerbed,,n.,"花床,花圃",,
flowerpot,,n.,"花盆, 花钵",,
flu,,n.,流感,,
fluctuate,,v.,"变动,波动",,
fluctuation,,n.,"波动,起伏",,
flue,,n.,"烟道, 暖气管",,
fluent,,adj.,"流利的, 流畅的",,
fluffy,,adj.,"绒毛似的, 蓬松的",,
fluid,,n.,"液体 adj. 流体的,流动的",,
fluidity,,n.,"流动性,变移性",,
fluke,,n.,侥幸，偶然的机会,,
flush,,v.,冲洗；(脸)发红,,
flute,,n.,"长笛 v. 吹长笛,刻槽",,
flutter,,v.,振翼；飘动,,
flux,,n.,变迁， 不断的变动,,
fly,,v.,"乘,飞(行) n. 苍蝇",,
flyspeck,,n.,"污点,小斑 v. 弄脏",,
flyway,,n.,候鸟迁徙所经的路径,,
focal,,adj.,焦点的； 很重要的,,
focalize,,v.,调节焦距； 使聚焦； 使集中,,
focus,,v.,"集中,聚集 n. 焦点,中心",,
fodder,,n.,"饲料, 草料",,
foe,,n.,"敌人,危害物",,
fog,,n.,"雾, 烟雾",,
foghorn,,n.,"[航海]雾角,尖而响的声音",,
foil,,n.,"箔, 金属薄片",,
fold,,n.,/v折叠,,
foliage,,n.,"树叶,植物",,
folk,,n.,人们,,
folklore,,n.,"民间传说, 民俗学",,
folkloric,,adj.,"民间传说的, 民俗的",,
folkway,,n.,社会风俗,,
follower,,n.,"追随者, 信徒",,
folly,,n.,"愚蠢, 荒唐事",,
foment,,v.,[医]热敷,,
fond,,adj.,"喜欢的,温柔的",,
foodstuff,,n.,"食品, 粮食",,
foolish,,adj.,愚蠢的，荒谬的,,
foot,,n.,"足,脚",,
foothill,,n.,"山麓小丘, 丘陵地带",,
footprint,,n.,足迹,,
forage,,n.,草料,,
forager,,n.,强征(粮食)者,,
foraminifera,,n.,有孔虫类,,
foray,,,v&n. 突袭，偷袭,,
forbearance,,n.,自制，忍耐,,
forbes,,n.,福布斯（美国著名财经杂志）,,
forbid,,v.,"禁止, 不许",,
forceful,,adj.,"有力的, 强烈的",,
ford,,n.,浅滩 v徒涉,,
fore,,adj.,"在前的 n. 前头,船头",,
forebear,,n.,"祖先, 祖宗",,
forecast,,v.,"预见,预测",,
forecaster,,n.,预报员,,
forefather,,n.,"祖先, 祖宗",,
forefront,,n.,"最前部, 最前线",,
foreign,,adj.,外国的,,
foreleg,,n.,前肢(指四肢或多肢动物的)前脚,,
forelimb,,n.,前肢,,
foremost,,adj.,"最重要的,最初的",,
forerunner,,n.,先驱(者),,
foresee,,v.,"预见, 预知",,
foreshadow,,v.,预示,,
foreshorten,,vt.,用透视法缩小； 缩短， 节略,,
foresight,,n.,"远见, 深谋远虑",,
foresightedness,,n.,先见之明,,
forest,,n.,森林 v. 种植于,,
forestall,,v.,"之前, 先(用先发制人的方法)预防, 阻止",,
forester,,n.,"林务官, 森林人",,
forever,,adv.,"永远, 永恒",,
forfeit,,vt.,被没收，丧失 n. 罚款； 没收物,,
forge,,v.,"铸造, 伪造",,
forget,,v.,"忘记, 忽略",,
forgiveness,,n.,"宽恕, 宽仁之心",,
fork,,n.,"叉, 叉状物 vi分叉",,
formal,,adj.,"正式的,正规的",,
formalize,,v.,"使正式, 形式化",,
formally,,adv.,"正式地, 形式上",,
format,,n.,"设计,格式",,
formation,,n.,"形成,构成,编队",,
former,,adj.,"从前的,以前的",,
formerly,,adv.,"从前, 以前",,
formidable,,adj.,可怕的；难以克服的,,
formula,,n.,"公式, 规则",,
formulate,,v.,构想出，规划,,
forsake,,vt.,遗弃， 放弃， 抛弃,,
fort,,n.,"堡垒,要塞",,
forte,,n.,长处,,
forth,,adv.,"往前,向外",,
fortification,,n.,防御工事,,
fortify,,v.,"增强(体力,结构等) v. 筑防御工事",,
fortuitous,,adj.,"偶然的, 幸运的",,
fortuitously,,adv.,"偶然地,意外地",,
fortunate,,adj.,"幸运的, 侥幸的",,
fortunately,,adv.,幸运地，幸亏,,
fortune,,n.,"财富, 运气",,
forty,,num.,四十,,
forum,,n.,"讨论会, 论坛",,
forward,,adv.,"向前,从今往后 adj. 前部的",,
fossil,,adj.,化石的；陈腐的 n. 化石； 老顽固,,
fossilization,,n.,化石作用,,
fossilize,,v.,"成化石,陈腐",,
foster,,v.,收养；培养，促进,,
foul,,adj.,"邪恶的,下流的 n犯规 v弄脏",,
found,,v.,"建立, 创办",,
foundation,,n.,"基础, 根本",,
founding,,adj.,创办的 n. 资金,,
foundry,,n.,"铸造, 铸造场",,
fountain,,n.,喷泉,,
fourth,,num.,第四个,,
fox,,n.,狐狸 v奸狡地行动,,
fraction,,n.,"小部分, 片断",,
fracture,,v.,"(使)破碎,(使)破裂",,
fragile,,adj.,"易碎的,脆的",,
fragility,,n.,"脆弱, 虚弱",,
fragment,,n.,碎片 v. (使)成碎片,,
fragmentary,,adj.,由碎片组成的,,
fragrance,,n.,"芬芳, 香气",,
fragrant,,adj.,芬芳的， 香的,,
frail,,adj.,体弱的， 虚弱的； 易碎的,,
frame,,n.,"镜框,构架 v. 镶框,制定",,
framework,,n.,"框架, 体系, 结构",,
france,,n.,"法国,法兰西",,
franchise,,n.,特权，特许；特许经销权；选举权 vt. 赋予特权； 赋予选举权,,
frank,,adj.,坦白的， 直率的,,
franklin,,n.,"小地主, 乡绅",,
fraud,,n.,骗子， 冒名顶替者； 冒牌货； 欺骗,,
fraudulent,,adj.,欺诈的， 欺骗性的,,
fray,,n.,吵架 v. 磨破，恼火,,
free,,,"a&ad. 自由的(地),免费的(地) v. 解放",,
freedom,,n.,自由,,
freely,,adv.,自由地；慷慨地,,
freeze,,v.,"(使)结冰,(使)冷冻",,
freezing,,adj.,"冰冻的,严寒的",,
freight,,n.,货物 v. 运送,,
freighter,,n.,"货船,承运人",,
french,,,n&a. 法国(人)(的),,
frenetic,,adj.,"发狂的, 狂热的",,
frenzy,,n.,"狂暴, 狂怒 vt使发狂",,
frequency,,n.,"频率,发生次数",,
frequent,,adj.,"频繁的,经常的",,
fresco,,n.,壁画 vt作壁画于,,
fresh,,adj.,"新鲜的,无经验的",,
fresher,,n.,"大学一年级新生, 新鲜人",,
freshly,,adv.,新近，刚才,,
freshness,,n.,"新鲜, 精神饱满",,
freshwater,,n.,淡水,,
freudian,,n.,"n&a,佛洛伊德学说(的)",,
friction,,n.,"摩擦,摩擦力",,
friend,,n.,"朋友, 赞助者, 助手",,
friendliness,,n.,"友谊,友善",,
friendly,,adj.,"友好的, 友谊的",,
friendship,,n.,"友谊, 友好",,
fright,,n.,"惊骇, 吃惊",,
frighten,,v.,"使惊吓 ,惊恐",,
frigid,,adj.,寒冷的,,
frill,,n.,皱边,,
fringe,,n.,"边缘, 须边 adj. 边缘的",,
frisky,,adj.,"活泼的, 欢闹的",,
frivolity,,n.,"轻薄,轻浮",,
frivolous,,adj.,琐碎的， 无关紧要的； 愚蠢的， 可笑的； 无聊的， 不严肃的， 轻佻的,,
frog,,n.,青蛙,,
front,,,n&a. 前面(的) v. 面向,,
frontal,,n.,前沿,,
frontality,,n.,正面描绘,,
frontier,,n.,"国境,边疆",,
frost,,n.,霜 v. 结霜,,
frown,,v.,／ n皱眉，蹙额,,
frugal,,adj.,节约的， 节俭的； 少量的,,
fruit,,n.,"水果,果实",,
fruitful,,adj.,"果实结得多的, 多产的",,
fruitfulness,,n.,"多产, 肥沃",,
fruitless,,adj.,不结果实的,,
frustrate,,v.,"挫败, 阻挠 n. 挫败的",,
frustration,,n.,"挫败, 挫折",,
fuel,,n.,燃料 v. 加燃料,,
fulfill,,v.,"履行,实现",,
full,,n.,"全部 adj. 充满的,完全的",,
fuller,,n.,漂洗工,,
fullness,,n.,"满, 丰富, 成熟",,
fully,,adv.,"充分地,完全地",,
fume,,vi.,冒烟； 大为恼火,,
fumigate,,v.,"熏制, 以烟熏消毒",,
fun,,n.,"娱乐, 玩笑",,
function,,n.,"功能,职务 v. 运行,起作用",,
functional,,adj.,功能的,,
functionalism,,n.,"功能主义, 机能心理学",,
fund,,n.,"资金 v. 支助,投资",,
fundamental,,adj.,"基础的,基本的",,
fundamentally,,adv.,"从根本上, 基本地",,
funding,,n.,基金， 资金； 提供资金,,
fungal,,adj.,真菌的,,
fungi,,n.,[fungus的复数]真菌,,
fungicide,,n.,杀真菌剂,,
fungus,,n.,"真菌,真菌类植物",,
funnel,,n.,"漏斗,烟囱",,
fur,,n.,毛皮,,
furious,,adj.,狂怒的， 狂暴的； 强烈的， 猛烈的,,
furnace,,n.,"炉子,熔炉",,
furnish,,v.,"布置, 装备, 提供",,
furnishing,,n.,供给(装备),,
furniture,,n.,"家具,设备",,
furry,,adj.,毛皮似的； 盖着毛皮的； 生苔的,,
further,,,"a&ad. 更远的,更进一步地",,
furthermore,,adv.,"而且,此外",,
fuse,,n.,保险丝 v熔合,,
fusion,,n.,"熔化,融合",,
futile,,adj.,无效的， 无用的， 无意义的； 琐细的； 没出息的,,
future,,n.,"未来,将来",,
gain,,,"n&v. 获得,增益",,
gait,,n.,步法， 步态,,
galaxy,,n.,"银河,星系",,
galilean,,adj.,"伽利略的, 加利利的（位于巴基斯坦北部）",,
gallery,,n.,"走廊,画廊",,
gallium,,n.,镓,,
gallon,,n.,加仑,,
gallop,,n.,"/v疾驰, 飞奔",,
galvanize,,v.,"通电流于, 电镀",,
gamble,,,v& n. (打)赌；投机，冒险,,
game,,n.,比赛,,
gamma,,n.,"100万分之1克, 微克",,
gang,,n.,"(一)伙, (一)群",,
gannet,,n.,塘鹅,,
gap,,n.,"缺口裂缝,差距",,
gar,,n.,"雀鳝属鱼, 雀鳝",,
garb,,n.,服装 v. 装扮,,
garbage,,n.,"垃圾, 废物",,
garden,,n.,(菜、花)园,,
gardening,,n.,园艺,,
garland,,n.,花环 vt戴花环,,
garrison,,n.,"守备队, 驻地",,
gaseous,,adj.,"气体的,气态的",,
gaslit,,adj.,以煤气灯照明的,,
gasoline,,n.,汽油,,
gate,,n.,大门,,
gateway,,n.,入口；通道,,
gather,,v.,"聚集,集合,收集",,
gatherer,,n.,"收集者, 收集器",,
gauge,,n.,标准，规格；测量仪表，计量器 vt. 测量， 度量,,
gaze,,v.,"盯, 凝视",,
gazelle,,n.,"瞪羚,小羚羊",,
gazette,,n.,"报纸, 政府的公报",,
gear,,n.,齿轮 v. 使适应,,
gel,,n.,凝胶体 v成冻胶,,
gem,,n.,"宝石, 珍宝",,
gemstone,,n.,经雕琢的宝石,,
gender,,n.,"性别,(语法中的)性",,
gene,,n.,"[遗传]因子,[遗传]基因",,
general,,adj.,"普遍的,概括的",,
generalist,,n.,"多面手,通才",,
generalization,,n.,"一般化, 归纳, 概括",,
generalize,,v.,"归纳, 概括",,
generally,,adv.,"通常,普遍地",,
generate,,v.,"产生,发生",,
generation,,n.,"一代人(或产品),产生,发生",,
generator,,n.,"发电机, 发生器",,
generic,,adj.,种类的，类属的,,
generically,,adv.,"属类地, 属类上",,
generous,,adj.,"慷慨的,丰富的",,
genesis,,n.,起源,,
genetic,,adj.,"遗传的, 起源的",,
genetically,,adv.,遗传(基因)方面,,
genetics,,n.,遗传学,,
genial,,adj.,亲切的,,
genius,,n.,"天才, 天赋",,
genotype,,n.,基因型,,
genre,,n.,"类型, 流派",,
gentility,,n.,"文雅, 出身高贵, 有教养",,
gentle,,adj.,"温和的, 文雅的",,
gentleman,,n.,"阁下, 先生",,
gentlemanly,,adj.,绅士派头的,,
gently,,adv.,"轻轻地, 温柔地",,
genu,,n.,膝,,
genuine,,adj.,"真实的, 真正的, 诚恳的",,
genuinely,,adv.,"真正地, 由衷地",,
geochemical,,adj.,地球化学的,,
geographer,,n.,地理学者,,
geographic,,adj.,地理(学)的,,
geographical,,adj.,地理(学)的,,
geography,,n.,地理(学),,
geologic,,adj.,地质的,,
geological,,adj.,地质学的,,
geologically,,adv.,地质学上,,
geologist,,n.,地质学者,,
geology,,n.,"地质学,地质概况",,
geomagnetic,,adj.,"地磁的,地磁气的",,
geometric,,adj.,几何(学)的,,
geometrical,,adj.,"几何学的, 几何的",,
geometrically,,adv.,成几何级数(图形)地,,
geometry,,n.,几何， 几何学,,
geophysical,,adj.,地球物理学的,,
georgia,,n.,(美)乔治亚州,,
geothermal,,adj.,地热的,,
geothermally,,adj.,地热的,,
germ,,n.,"微生物, 细菌",,
german,,n.,德国人 adj. 德国的,,
germanium,,n.,锗,,
germany,,n.,德国,,
germinate,,v.,"发芽,使生长",,
germination,,n.,"萌芽, 发生",,
gesso,,n.,"(雕刻、绘画用的)石膏, 石膏粉",,
gesture,,n.,"姿态, 手势",,
get,,v.,"获得,得到",,
geyser,,n.,天然热喷泉,,
ghost,,n.,"鬼, 幽灵",,
ghostly,,adj.,可怕的,,
giant,,n.,"巨人,天才",,
gibbon,,n.,长臂猿,,
gibe,,v.,"嘲笑,讥笑 n. 嘲笑",,
gibraltar,,n.,直布罗陀(海峡),,
gift,,n.,"赠品, 天赋",,
gigantic,,adj.,巨大的， 庞大的,,
gild,,v.,镀金,,
gilding,,n.,镀金； 贴金层， 镀金层； 金色涂层,,
gill,,n.,"鳃,及耳[液量单位]",,
gin,,n.,杜松烧酒 v开始,,
gingham,,n.,条纹棉布,,
giraffe,,n.,长颈鹿,,
girder,,n.,梁,,
girl,,n.,女孩,,
gist,,n.,"要点, 要旨",,
given,,adj.,规定的，特定的；假定的 prep. 考虑到， 鉴于,,
glacial,,adj.,"冰川(期)的,非常冷的",,
glaciate,,v.,"使结冰, 以冰(或冰河)覆盖",,
glaciation,,n.,"冻结成冰,冰河作用",,
glacier,,n.,冰川， 冰河,,
glamorous,,adj.,"富有魅力的, 迷人的",,
glance,,n.,"/v一瞥,匆匆一看",,
gland,,n.,腺,,
glandular,,adj.,"腺的,腺状的",,
glare,,n.,"闪耀光, 刺眼 v发眩光, 瞪视",,
glass,,n.,"玻璃,玻璃杯,[pl]眼镜",,
glasslike,,adj.,玻璃状的,,
glassmaker,,n.,玻璃工人,,
glassmaking,,n.,玻璃(或玻璃器皿等)制造(术),,
glassware,,n.,玻璃器具类,,
glasswork,,n.,玻璃制品 v. 制成玻璃状的,,
glassy,,adj.,象玻璃的,,
glaze,,v.,变呆滞 v. 上釉 n. 釉(料),,
gleam,,vi.,闪光， 闪烁； 流露出 n. 微光；一丝，一线；表露,,
glean,,v.,"拾落穗, 收集",,
glen,,n.,"峡谷, 溪谷",,
glial,,adj.,神经胶质的,,
glide,,,v&n. 滑行,,
glider,,n.,"滑行(或物), 滑翔机",,
glimmer,,vi.,发微光； 隐约出现 n. 闪烁的微光；隐约的迹象；一丝，一线,,
glimpse,,n.,一瞥v瞥见,,
glisten,,v.,闪光,,
glitter,,vi.,闪烁，闪耀 n. 灿烂的光辉； 诱惑力， 魅力,,
global,,adj.,"全球性的,总的",,
globally,,adv.,"世界上, 全世界",,
globe,,n.,"球体,地球仪",,
gloomy,,adj.,忧郁的， 令人沮丧的； 昏暗的， 阴暗的， 阴沉的,,
glorify,,vt.,吹捧， 美化； 赞美， 赞扬,,
glorious,,adj.,壮丽的， 辉煌的； 光荣的； 令人愉快的， 极好的,,
glory,,n.,"荣誉, 光荣",,
gloss,,n.,光泽，注解,,
glossy,,adj.,"平滑的, 有光泽的",,
glow,,v.,"发光, 发热",,
glue,,n.,胶(水) vt胶合,,
glycoprotein,,n.,"[化]糖蛋白类, 醣蛋白",,
glycoside,,n.,"[化]配醣, 配糖类",,
gnaw,,v.,啃，咬,,
go,,v.,"去,离开,进行",,
goal,,n.,"目的,目标",,
goat,,n.,山羊,,
gobi,,n.,戈壁,,
god,,n.,"神, 上帝",,
gold,,n.,"黄金,金币 adj. 金的",,
golden,,adj.,金(黄)色的；金的,,
goldfish,,n.,金鱼,,
goldsmith,,n.,金匠,,
golf,,n.,高尔夫球 vi打高尔夫球,,
gondwanaland,,n.,[地]冈瓦纳大陆,,
goods,,n.,"货物,商品",,
goose,,n.,鹅,,
gorge,,v.,狼吞虎咽 n. 山峡， 峡谷,,
gorgeous,,adj.,"华丽的, 灿烂的",,
gorilla,,n.,大猩猩,,
gosling,,n.,小鹅，年轻无知的人,,
gospel,,n.,〈圣经·新约〉福音书,,
gossamer,,n.,蛛丝，薄纱 a轻而薄的,,
gossip,,n.,"闲话, 闲谈",,
gothic,,n.,"哥特式 adj. 哥特式的,野蛮的",,
gouache,,n.,树胶水彩画,,
gouge,,vt.,挖出；敲竹杠 n. 凿子,,
gourd,,n.,葫芦,,
gourmet,,n.,美食家,,
govern,,v.,"统治,支配,管理",,
governance,,n.,"统治, 管理",,
governmental,,adj.,政府的,,
governor,,n.,"统治者, 管理者",,
grab,,v.,"抢夺, 攫取",,
grace,,n.,"优美, 雅致 v. 使优雅",,
graceful,,adj.,优美的,,
grade,,n.,"等级 v. 评分,分等级",,
gradient,,adj.,"倾斜的 n. 梯度,坡度",,
grading,,n.,评分； 等级,,
gradual,,adj.,"逐渐的,逐步的",,
graduate,,n.,毕业生,,
graduation,,n.,毕业典礼,,
graham,,adj.,全麦(面粉)的,,
grain,,n.,"谷物,颗粒 v. 形成(颗粒),(用谷物)喂养",,
grainy,,adj.,"粒状的, 木纹状的",,
gram,,n.,克,,
grama,,n.,美国西部产的一种牧草,,
grammar,,n.,文法,,
grammatical,,adj.,"语法的,合乎文法的",,
grand,,adj.,"盛大的,极重要的",,
grande,,adj.,重大的，显要的,,
grandeur,,n.,"庄严, 伟大",,
grandiose,,adj.,"宏伟的,堂皇的",,
grandma,,n.,奶奶,,
grandparent,,n.,"祖父或祖母, 祖父母",,
grandparents,,n.,"外祖父母, 祖父母",,
granite,,n.,花岗岩,,
grant,,v.,"授予,同意，准予",,
granular,,adj.,"由小粒而成的,粒状的",,
granule,,n.,小粒，微粒,,
grape,,n.,"葡萄, 葡萄树",,
graph,,n.,图表,,
graphic,,adj.,"绘画似的, 图解的",,
graphics,,n.,图形， 图像； 制图法， 制图学,,
graphite,,n.,石墨,,
grapple,,v.,"格斗,抓住 n. 格斗",,
grasp,,v.,"抓住,领会",,
grass,,n.,草,,
grasshopper,,n.,蚱蜢，蝗虫,,
grassland,,n.,"牧草地, 草原",,
grassy,,adj.,"绿色的, 象草的",,
grateful,,adj.,"感激的, 感谢的",,
gratify,,v.,使满足,,
gratuitous,,adj.,无缘无故的；免费的,,
gravel,,n.,砂砾(层),,
gravitas,,n.,庄严(举止),,
gravitation,,n.,"地心吸力, 引力作用",,
gravitational,,adj.,"重力的, 引力作用的",,
gravity,,n.,"地心引力,重力",,
gray,,adj.,"灰色的, 暗淡的",,
graze,,v.,"放牧,掠过",,
grazing,,n.,放牧； 牧场,,
grecian,,adj.,"希腊的, 希腊式的 n希腊学家",,
greece,,n.,希腊,,
greedy,,adj.,贪婪的,,
greek,,n.,希腊人 adj. 希腊的,,
green,,adj.,"绿色的,生的 v. 使…变绿",,
greener,,n.,生手,,
greenhouse,,n.,"温室, 花房",,
greenish,,adj.,呈绿色的,,
greet,,v.,"问候,向致意",,
gregarious,,adj.,"社交的,群居的",,
grid,,n.,"格子, 栅格",,
grievance,,n.,"委屈, 冤情, 不平",,
grievous,,adj.,令人忧伤的； 极严重的,,
grill,,vt.,烧烤；拷问，盘问 n. 烤架,,
grimly,,adv.,"严格地,冷酷地",,
grind,,v.,"磨(碎),折磨",,
grinder,,n.,"磨工, 研磨者",,
grip,,v.,握紧，抓牢,,
gripe,,n.,"紧握, 柄 v. 握紧",,
grit,,n.,粗砂 v研磨,,
grizzly,,adj.,灰(白)色的,,
groan,,,"n&v. 呻吟, 叹息",,
grocery,,n.,食品杂货店,,
groom,,v.,刷洗 n新郎；马夫,,
groove,,n.,沟，槽,,
grope,,v.,/ n摸索,,
gross,,adj.,总的，毛的；粗俗的，粗野的；令人不快的 vt. 总收入为 n. 一罗；,,
grotto,,n.,"洞穴,人工洞室",,
grounding,,n.,"基础训练, 染色的底色, [电]接地",,
groundwater,,n.,地下水,,
grouse,,v.,发牢骚，抱怨 n. 松鸡； 怨言,,
grovel,,vi.,摇尾乞怜， 奴颜婢膝,,
grower,,n.,种植者，栽培者,,
grudge,,v.,勉强做； 不情愿地给 n. 怨恨，积怨,,
grumble,,adj.,嘟囔地说 n. 怨言 v. 发牢骚,,
grump,,vi.,发脾气，发牢骚 n. 脾气不好的人,,
guarantee,,n.,"保证(书)vt保证, 担保",,
guarantor,,n.,[律]保证人,,
guard,,n.,警戒 v. 守卫,,
guess,,v.,"猜测, 推测",,
guest,,n.,"客人, 来宾",,
guidance,,n.,"指导, 领导",,
guide,,n.,"领路人,指南 vt指导, 支配",,
guideline,,n.,方针,,
guild,,n.,"行会,协会",,
guilde,,n.,"行会, 协会",,
guilty,,adj.,有罪的， 犯罪的； 内疚的,,
guinea,,n.,几内亚,,
gulf,,n.,"海湾,深渊",,
gull,,n.,海鸥 v. 欺骗,,
gully,,n.,"小峡谷, 排水沟",,
gun,,n.,"炮, 枪,",,
guncotton,,n.,[军]强棉药,,
gunfire,,n.,炮火,,
gunpowder,,n.,"黑色火药, 有烟火药",,
gush,,v.,"涌出,滔滔不绝 n. 迸发",,
gust,,n.,"一阵狂风,（感情的）迸发，汹涌",,
gut,,n.,内脏,,
gymnasium,,n.,体育馆； 健身房,,
gymnastic,,adj.,"体操的,体育的 n. 训练课程",,
gypsum,,n.,"石膏,",,
gypsy,,,"n&a. 吉普赛人(的),吉普赛语（的）",,
gyration,,n.,"旋回, 回转",,
habit,,n.,"习惯,习性",,
habitat,,n.,"栖息地,住处",,
habitual,,adj.,"习惯的, 惯常的",,
habituation,,n.,适应,,
hacienda,,n.,庄园,,
hail,,n.,"雹 v. 下雹,高呼",,
hair,,n.,"头发, 毛发",,
haircut,,n.,理发,,
hairdo,,n.,发型,,
hairlike,,adj.,"毛一般的, 细微的",,
hairy,,adj.,毛发的，多毛的,,
haiti,,n.,海地,,
hale,,adj.,强壮的 v. 硬拖,,
half,,,"n&a. 一半,半个的",,
halfway,,adj.,中途的ad半路地,,
halite,,n.,[化]岩盐,,
hall,,n.,"会堂, 大厅",,
hallmark,,n.,特点,,
halt,,n.,"停止,暂停 v. 停止,使立定",,
halve,,v.,"二等分, 分享",,
hamlin,,n.,哈姆林（姓氏）,,
hammer,,n.,"槌,锤子 v锤击",,
hammerhead,,n.,"锤头 a锤头状的, 鲁钝的",,
hamper,,v.,"妨碍, 牵制",,
hampshire,,n.,汉普郡(英国南部之一郡),,
handbook,,n.,"手册, 便览",,
handcraft,,n.,"手工, 手艺",,
handedness,,n.,用右手或左手的习惯,,
hander,,n.,"支持器,夹头",,
handful,,n.,"一把, 少数",,
handicap,,n.,障碍 v. 妨碍,,
handicraft,,n.,手工艺(品),,
handle,,v.,"处理,操作",,
handmade,,adj.,手工的,,
handsome,,adj.,"英俊的,大方的",,
handsomely,,adv.,"漂亮地,慷慨地",,
handy,,adj.,可用的； 易使用的， 便利的； 手巧的,,
hang,,v.,"悬挂,附着",,
hanker,,v.,"渴望, 追求",,
haphazard,,adj.,偶然的， 任意的； 无计划的， 无秩序的,,
haphazardly,,adv.,"不规则地, 随意地",,
happen,,v.,"发生,碰巧,出现",,
happily,,adv.,"幸福地, 愉快地",,
happiness,,n.,"幸福, 快乐",,
happy,,adj.,快乐的，幸福的,,
harbor,,n.,海港,,
hard,,adj.,"硬的,困难的 adv. 努力地,强烈地",,
harden,,v.,"(使)变硬, (使)坚强",,
hardly,,adv.,"几乎不,刚刚",,
hardness,,n.,硬度,,
hardship,,n.,"困苦, 艰难",,
hardware,,n.,五金器具,,
hardwood,,n.,"硬木, 阔叶树",,
hardworking,,adj.,"努力工作的, 勤奋的",,
hardy,,adj.,能吃苦耐劳的，坚强的,,
hare,,n.,野兔,,
harem,,n.,"（伊斯兰教教徒之）闺房, 为一个雄性动物所控制的许多雌性动物",,
harlem,,n.,(纽约的）黑人住宅区,,
harm,,v.,"伤害, 损害",,
harmful,,adj.,"有害的, 伤害的",,
harmfully,,adv.,"伤害地,有害地",,
harmless,,adj.,无害的,,
harmonic,,n.,泛音；,,
harmonious,,adj.,"和谐的, 和睦的",,
harmony,,n.,"协调,融洽",,
harness,,n.,马具 v. 治理，束以马具,,
harper,,n.,"弹竖琴者, 竖琴师",,
harpsichord,,n.,大键琴,,
harsh,,adj.,"粗糙的,严厉的",,
harshly,,adv.,"严厉地, 苛刻地",,
harshness,,n.,"粗糙的事物, 严肃, 刺耳",,
hart,,n.,雄赤鹿,,
harvard,,n.,哈佛大学(美国),,
harvest,,n.,"收获 v. 收获,收割",,
harvester,,n.,收割机,,
haste,,n.,"匆忙, 急忙",,
hat,,n.,帽子 vt戴帽子,,
hatch,,n.,"孵化 vt孵出, 策划",,
hatchery,,n.,孵卵所,,
hatchet,,n.,短柄斧,,
hatchling,,n.,人工孵化的鱼苗或小鸟,,
haul,,,vt& n. (用力)拖，拉,,
haunt,,v.,出没于,,
haven,,n.,"港口, 避难所",,
havoc,,n.,混乱， 大破坏,,
hawaii,,n.,夏威夷,,
hawk,,n.,鹰,,
hay,,n.,干草,,
hazard,,n.,危险 vt冒…风险,,
hazardous,,adj.,"危险的, 冒险的",,
hazel,,n.,榛树 adj. 〔眼睛〕绿褐色的,,
head,,n.,"头部,头脑v前进,领导",,
heading,,n.,标题,,
headquarter,,v.,将之总部设在,,
heal,,v.,"治愈, 医治",,
healer,,n.,"医治者, 治病术士",,
healing,,adj.,有治疗功用的 n. 康复， 治疗； 复原,,
health,,n.,健康,,
healthful,,adj.,有益健康的,,
healthy,,adj.,健康的,,
hear,,v.,"听到,听说",,
hearsay,,n.,谣言， 传闻， 道听途说,,
heart,,n.,"心,心脏",,
heartbeat,,n.,心跳,,
heartbreak,,n.,心碎；伤心事,,
hearth,,n.,"壁炉地面, 家庭（生活）",,
heater,,n.,加热器,,
heave,,v.,"举起 n. 举起,投掷",,
heavy,,,"a&ad. 重的,大量的",,
hectare,,n.,公顷（等于1万平方米）,,
hedge,,v.,用篱笆围； 避免直接回答 n. 树篱；防止损失的措施；防备,,
heed,,n.,"注意,留意 v. 注意,留意",,
heel,,n.,脚后跟,,
height,,n.,"高度,海拔",,
heighten,,v.,"提高, 升高",,
helicopter,,n.,"直升(飞)机, 直升机",,
helium,,n.,氦,,
helper,,n.,"帮忙者, 助手",,
helpful,,adj.,有益的；给予帮助的,,
helpless,,adj.,"无助的,没用的",,
helplessly,,adv.,无能为力地,,
helplessness,,n.,无能为力,,
hem,,n.,"边,缘 v给缝边",,
hemisphere,,n.,半球,,
hemlock,,n.,"铁杉,毒芹",,
hemp,,n.,大麻； 由大麻制成的麻醉药,,
hence,,adv.,"因此,从此",,
henceforth,,adv.,"今后,自此以后",,
henderson,,n.,亨德森（姓氏）,,
herald,,n.,"使者 v. 预报, 标志",,
herb,,n.,"药草, 香草",,
herbaceous,,adj.,草本植物的,,
herbicide,,n.,除草剂,,
herbivore,,n.,草食动物,,
herculean,,adj.,"极困难的,需要大力气的",,
herd,,n.,兽群 v. 使集中，把…赶在一起,,
here,,adv.,"在这里,这时",,
hereditary,,adj.,"世袭的,遗传的",,
heredity,,n.,"遗传, 形质遗传",,
herein,,adv.,"在此处, 此中",,
heritage,,n.,"遗产, 继承权",,
hermetic,,adj.,"密封的, 与外界隔绝的",,
hermit,,n.,"隐士, 隐居者",,
hero,,n.,英雄,,
heroic,,adj.,"英雄的, 英勇的",,
heroism,,n.,"英雄品质, 英雄主义",,
herring,,n.,"青鱼, 鲱",,
herself,,pron.,她自己,,
hesitant,,adj.,"迟疑的, 犹豫不定的",,
hesitate,,v.,"犹豫, 踌躇",,
heterogeneous,,adj.,"异种的, 异质的",,
hexagon,,n.,"六角形, 六边形",,
hexagonal,,adj.,"六角形的,六边的",,
heyday,,n.,全盛时期,,
hibernate,,v.,冬眠,,
hibernation,,n.,"过冬, 冬眠, 避寒",,
hiccup,,n.,打嗝 v. 打嗝,,
hide,,v.,"躲藏,隐瞒",,
hierarchy,,n.,等级制度,,
hieratic,,adj.,"僧侣的, 僧侣用的",,
hieroglyph,,n.,"象形文字, 图画文字",,
hieroglyphic,,n.,象形文字,,
highland,,n.,"高地,丘陵地带",,
highlight,,vt.,强调，突出；以强烈光线照射 n. 最精彩部分,,
highway,,n.,公路,,
hike,,,n&v. 徒步旅行,,
hill,,n.,"小山,丘陵",,
hillbilly,,n.,"山地内部的贫农,乡下人",,
hillside,,n.,山腰,,
hilly,,adj.,"多小山的, 多坡的",,
him,,pron.,他,,
himalaya,,n.,喜马拉雅山,,
himself,,pron.,他自己,,
hind,,adj.,"后边的,后面的",,
hinder,,v.,"阻碍, 打扰",,
hinge,,n.,（门、盖等的）铰链,,
hint,,n.,"暗示, 线索",,
hinterland,,n.,"内地, 穷乡僻壤",,
hippopotamus,,n.,河马,,
hire,,v.,／n租用，雇用,,
hispanic,,adj.,西班牙的,,
hiss,,v.,"嘶嘶作声, 用嘘声表示",,
historian,,n.,历史学家,,
historic,,adj.,"有历史意义的, 历史的",,
historically,,adv.,历史上地,,
hit,,v.,打，击,,
hitch,,v.,搭便车；提起，拉起；拴住 n. 故障， 障碍,,
hitherto,,adv.,"迄今,至今",,
hive,,n.,"蜂房 v. (使)入蜂箱, 群居",,
hoard,,v.,贮藏，囤积 n. 储藏， 贮存,,
hobby,,n.,业余爱好,,
hockey,,n.,曲棍球,,
hoe,,vt.,用锄头锄 n. 锄头,,
hohokam,,adj.,霍霍坎文化的,,
holder,,n.,"持有者, 占有者",,
holding,,n.,保持，固定,,
hole,,n.,"洞,孔 v. 凿洞",,
holiday,,n.,假日,,
holistic,,adj.,整体的， 全面的； 功能整体性的,,
holland,,n.,荷兰,,
hollow,,n.,"洞, 窟窿 v. 挖空,弄凹",,
hollywood,,n.,好莱坞,,
holm,,n.,(河，湖中的)小岛,,
holocene,,,n&a. [地]全新世(的),,
holy,,adj.,"神圣的, 圣洁的",,
homage,,n.,尊敬， 敬意,,
home,,n.,家(乡),,
homeland,,n.,"祖国,本国",,
homeless,,adj.,"无家的, 无家可归的",,
homely,,adj.,"家常的,平凡的",,
homemaker,,n.,主妇,,
homemaking,,n.,家政,,
homeotherm,,n.,<主美>恒温动物,,
homeownership,,n.,房主,,
homesick,,adj.,"想家的,思乡病的",,
homespun,,n.,手织物,,
homestead,,n.,家宅，宅基,,
homesteader,,n.,"农场所有权人, 自耕农",,
hometown,,n.,故乡,,
homework,,n.,"家庭作业, 副业",,
homing,,adj.,有返回原地本能的,,
hominid,,n.,原始人类,,
homo,,n.,"人, 同性恋者",,
homogeneous,,adj.,"同质的,相似的",,
homosexuality,,n.,同性恋； 同性恋行为,,
hone,,n.,磨（刀）石vt用磨刀石磨,,
honest,,adj.,"诚实的, 正直的",,
honey,,n.,"(蜂)蜜,宝贝 a甜美的",,
honeybee,,n.,蜜蜂,,
honeycomb,,n.,"蜂房, 蜂巢",,
honor,,,n&v. 尊敬,,
honorable,,adj.,"光荣的,高贵的",,
hoof,,n.,蹄 v踢,,
hook,,n.,钩 v. 钩住,,
hop,,,"n&v. 跳跃, 单脚跳",,
hope,,,"v&n. 希望,信心",,
hopeless,,adj.,"没有希望的,不可救药",,
hopewell,,n.,霍普韦尔,,
hopper,,n.,单足跳者,,
horde,,n.,游牧部落,,
horizon,,n.,地平(线,,
horizontal,,adj.,"地平线的, 水平的",,
hormonal,,adj.,"荷尔蒙的,激素的",,
hormone,,n.,"荷尔蒙,激素",,
horn,,n.,触角 v. 强行介入,,
horse,,n.,马,,
horseback,,n.,"马背, 隆起的条状地带",,
horsefly,,n.,马蝇,,
horsepower,,n.,马力,,
horseshoe,,n.,马蹄铁,,
horticultural,,adj.,园艺的,,
horticulturalist,,n.,园艺家,,
horticulture,,n.,园艺,,
hospitable,,adj.,"好客的, 宜人的",,
hospital,,n.,医院,,
hospitalize,,v.,"就医, 使住院",,
host,,n.,主人,,
hostile,,adj.,敌对的,,
hostility,,n.,"敌意, 不友善",,
hot,,adj.,"热的,辣的,强烈的",,
hotel,,n.,"旅馆, 客栈,",,
hotelkeeper,,n.,旅馆经营者,,
hour,,n.,"小时,钟点",,
house,,n.,房屋 v. 给…房子住,,
household,,n.,家庭,,
housewares,,n.,家用器皿,,
hover,,v.,盘旋,,
hub,,n.,"中心,轮轴",,
huckleberry,,n.,越橘类,,
huddle,,,"n&v. 拥挤,挤作一团",,
hue,,n.,色彩，色调,,
huge,,adj.,"巨大的,庞大的",,
hugely,,adv.,"巨大地, 非常地",,
hull,,n.,外壳；船身，船体 vt. 给…去外壳,,
humanist,,n.,"人道主义者, 人文主义者",,
humanitarian,,,n&a. 人道主义者(的),,
humanity,,n.,人性,,
humanlike,,adj.,似人类的,,
humanness,,n.,"为人,人性",,
humble,,adj.,"卑下的, 微贱的 v. 使卑下, 挫",,
humid,,adj.,"充满潮湿的, 湿润的",,
humidity,,n.,"湿气,潮湿",,
humiliate,,v.,"羞辱, 使丢脸",,
humility,,n.,谦卑,,
hummingbird,,n.,蜂雀,,
humor,,n.,"幽默, 诙谐",,
humorous,,adj.,"幽默的,诙谐的",,
humorously,,adv.,"幽默地, 滑稽地",,
hump,,n.,"驼峰,峰丘 v. (使)隆起",,
hundred,,n.,"百,[pl]数以百计",,
hundredfold,,adj.,"百倍的 n. 百倍, 百重",,
hunger,,n.,"饥饿, 欲望",,
hungry,,adj.,"饥饿的,渴望的",,
hunt,,,"n&v. 狩猎,追捕,搜寻",,
hunter,,n.,猎人,,
hurl,,n.,用力或猛烈的投掷v用力投掷,,
hurricane,,n.,"飓风, 狂风",,
hurry,,v.,"赶紧,匆忙",,
hurt,,v.,伤害,,
hurtle,,v.,急飞,,
husband,,n.,丈夫,,
husbandry,,n.,管理,,
husk,,n.,"外壳；v剥壳,削皮",,
hustle,,v.,推搡，硬挤 n. 忙碌；喧闹,,
hut,,n.,"小屋, 棚屋",,
hybrid,,adj.,杂交产生的；混合的，合成的 n. 杂交植物； 混合物， 合成物,,
hydra,,n.,"[希神]九头怪蛇, 难以根除之祸害, [动]水螅",,
hydration,,n.,水合作用,,
hydraulic,,adj.,"水力的,水压的",,
hydrodynamic,,adj.,水力的,,
hydroelectric,,adj.,水力电气的,,
hydrogen,,n.,氢,,
hydrographic,,adj.,"水道测量数的,水道学的",,
hydrologic,,adj.,水文的,,
hydrological,,adj.,水文学的,,
hydroponic,,adj.,溶液培养的,,
hydroponically,,n.,"水耕法, 水栽培",,
hydropower,,n.,水力发出的电力,,
hydrosphere,,n.,"水圈, 水气",,
hydrothermal,,adj.,热液的,,
hydroxyapatite,,n.,[矿]羟磷灰石,,
hygiene,,n.,"卫生, 卫生学",,
hyksos,,n.,希克索斯王朝(古埃及王朝之一),,
hyper,,adj.,"亢奋的,高度紧张的",,
hypersensitive,,adj.,过份敏感的,,
hypertext,,n.,超文本,,
hypha,,n.,[植]菌丝,,
hypocritical,,adj.,伪善的， 虚伪的,,
hypothalamus,,n.,[解剖]视丘下部,,
hypothesis,,n.,假设,,
hypothesize,,v.,"假设,猜测",,
hypothetical,,adj.,假说的，臆说的,,
ibex,,n.,野生山羊,,
iceberg,,n.,"冰山,冷若冰霜的人",,
icebox,,n.,冷藏库,,
iceland,,n.,"冰岛(欧洲岛名,在大西洋北部,近北极圈)",,
ichthyosaur,,n.,鱼龙,,
icicle,,n.,冰柱,,
icon,,n.,"图标, 肖像",,
iconographic,,adj.,"肖像的, 图像材料的",,
iconography,,n.,"肖像学, 肖像画法",,
icy,,adj.,"冰冷的, 冷淡的",,
id,,abbr.,"身份 (identification, identity) n. 遗传素质",,
ideal,,n.,"理想 adj. 理想的,完美的",,
idealistic,,adj.,"理想主义的, 空想的",,
idealization,,n.,"理想化, 理想化的事物",,
idealize,,vt.,将…理想化,,
identical,,adj.,"同一的,相同的",,
identifiable,,adj.,可辨认的,,
identification,,n.,"辨认, 鉴定",,
identify,,v.,"识别,鉴定",,
identity,,n.,"一致, 身份, 特征",,
ideological,,adj.,意识形态的,,
ideologically,,adv.,"意识形态上地, 思想上地",,
ideology,,n.,意识形态,,
ideomotor,,adj.,观念运动的,,
idiom,,n.,"成语, 方言",,
idiomatic,,adj.,地道的 成语的,,
idle,,adj.,"空闲的,懒惰的 v. 虚度, 闲散",,
idyllic,,adj.,"田园短诗的, 牧歌的",,
igloo,,n.,圆顶建筑,,
igneous,,adj.,"(指岩石)火成的, 火的",,
ignite,,v.,点火,,
ignition,,n.,"点火, 点燃",,
ignorance,,n.,无知,,
ignorant,,adj.,无知的,,
ignore,,v.,"不理睬, 忽视",,
ill,,adj.,"有病的,坏的",,
illegible,,adj.,难以辨认的， 模糊的,,
illinois,,n.,伊利诺斯州(美国州名),,
illiterate,,n.,文盲 a不识字的,,
illness,,n.,"疾病, 生病",,
illuminate,,v.,"照明,阐释, 说明",,
illumination,,n.,"阐明, 启发",,
illusion,,n.,幻想,,
illusory,,adj.,虚幻的,,
illustrate,,v.,"说明,阐明",,
illustration,,n.,"说明, 例证",,
illustrative,,adj.,作为例证的； 用做说明的； 解释性的,,
illustrator,,n.,"插图画家,说明者",,
image,,n.,形象， 印象； 画像； 影像， 映像； 意象， 比喻,,
imagery,,n.,"意象, 肖像",,
imaginary,,adj.,"假想的,虚构的",,
imagination,,n.,想象(力),,
imaginative,,adj.,富有想象力的,,
imagine,,v.,"想象,设想",,
imagist,,,n&a. 意像派者(的),,
imbalance,,n.,"不平衡,不均衡",,
imbibe,,v.,吸收,,
imitate,,v.,"模仿,仿制",,
imitation,,n.,"模仿, 效法",,
imitative,,adj.,"仿制的,模仿的",,
imitator,,n.,模仿者,,
immature,,adj.,"不成熟的, 未完全发展的",,
immaturity,,n.,不成熟,,
immeasurably,,adv.,"无法计量地, 无限地",,
immediate,,adj.,"直接的, 立即的",,
immense,,adj.,"极广大的, 无边的,",,
immensely,,adv.,"极大地,无限地",,
immerse,,v.,"沉浸, 使陷入",,
immersion,,n.,"沉浸,专心",,
immigrant,,n.,"移民,侨民",,
immigrate,,v.,移入,,
immigration,,n.,移民入境,,
imminent,,adj.,"逼近的, 即将发生的",,
immobile,,adj.,"不动的, 静止的",,
immobility,,n.,"牢固,不动",,
immobilize,,v.,固定不动,,
immune,,adj.,免疫的,,
immunity,,n.,免疫性,,
immutable,,adj.,"不变的,不可变的",,
impact,,v.,影响； 冲击， 撞击 n. 影响； 冲击， 撞击,,
impair,,v.,"损害,削弱",,
impart,,v.,"传授, 赋予, 告知",,
impartially,,adv.,"公平地,无私地",,
impatient,,adj.,"焦躁的,不耐心的",,
impede,,vt.,妨碍， 阻碍， 阻止,,
impediment,,n.,"妨碍,口吃, 障碍物",,
impel,,vt.,驱使， 促使,,
impend,,v.,迫近，逼近,,
impending,,adj.,即将发生的， 迫近的,,
impenetrable,,adj.,"不能穿过的, 不可理喻的",,
imperative,,n.,"命令,祈使语气 adj. 命令的,强制的",,
imperfect,,adj.,"有缺点的,未完成的 n. 未完成体",,
imperial,,adj.,帝国的，帝王的,,
impermanence,,n.,"暂时, 无常",,
impermeable,,adj.,不能渗透的,,
impersonal,,adj.,"客观的,没有人情味的",,
impersonation,,n.,扮演,,
impervious,,adj.,不透的；不受影响的,,
impetus,,n.,"推动力, 促进",,
impinge,,v.,撞击,,
implausible,,adj.,"难信的, 似乎不合情理的",,
implement,,v.,"履行,实施 n. 工(器,用)具",,
implementation,,n.,执行,,
implicate,,v.,"含意, 暗示",,
implication,,n.,"含意, 暗示",,
implicit,,adj.,"暗示的,盲从的",,
implicitly,,adv.,"含蓄地, 暗中地",,
implore,,v.,哀求， 恳求,,
imply,,v.,"暗示, 意味",,
import,,,"vt&n. 进口,输入,[pl]进口商品",,
importance,,n.,重要(性),,
importation,,n.,"进口, 输入品",,
importer,,n.,"输入者, 进口商",,
impose,,v.,"强加,征收(税款)",,
imposition,,n.,强迫接受,,
impossible,,adj.,不可能的,,
impractical,,adj.,"不切实际的,不实用的",,
imprecise,,adj.,不精确的,,
impregnate,,v.,"使怀孕, 使受精 a怀孕的, 充满的",,
impress,,v.,"印,留下印象",,
impression,,n.,"印象, 感想",,
impressionism,,n.,"印象派, 印象主义",,
impressionist,,n.,印象主义者,,
impressionistic,,adj.,"印象派的,给人深刻印象的",,
impressive,,adj.,"给人深刻印象的, 感人的",,
impressively,,adj.,"令人难忘地, 令人印象深刻地",,
imprint,,v.,留下烙印,,
imprisonment,,n.,"关押,监禁",,
improbable,,adj.,"不大可能的, 不像会发生的, 似不可信的",,
improve,,v.,"改善,改进",,
improvement,,n.,"改进,进步",,
improvisation,,n.,即席创作,,
improvise,,v.,即兴创作,,
impulse,,n.,冲动 vt. 推动,,
impurity,,n.,不纯；杂质,,
inability,,n.,"无能, 无力",,
inaccessible,,adj.,"难接近的, 难达到的",,
inaccurate,,adj.,"不准确的, 错误的",,
inactivate,,v.,"使不活泼, 阻止活动",,
inactive,,adj.,"不活动的, 怠惰的",,
inactivity,,n.,"不活动, 迟钝",,
inadequacy,,n.,不充分,,
inadequate,,adj.,"不充分的,不适当的",,
inadequately,,adv.,"不够地, 不够好",,
inadvertently,,adv.,"非故意地,不注意地",,
inanimate,,adj.,无生命的,,
inanity,,n.,"空虚, 愚蠢",,
inappropriate,,adj.,"不适当的, 不合宜的",,
inaugurate,,v.,开始；举行就职典礼,,
inborn,,adj.,"天生的,生来的",,
inca,,n.,印加人(古代秘鲁土著人),,
incandescent,,adj.,"遇热发光的, 白炽的",,
incapable,,adj.,无能力的,,
incapacitate,,vt.,使无资格； 使失去能力； 使不胜任,,
incapacitated,,vt.,使不能,,
incense,,n.,〔燃烧时发出怡人香味的〕香 v. 使〔某人〕十分愤怒,,
incentive,,adj.,"刺激的, 鼓励的 n动机",,
inception,,n.,"起初, 获得学位",,
incessant,,adj.,"不断的, 无尽的",,
incessantly,,adv.,不间断地,,
inch,,n.,英寸,,
inchworm,,n.,[昆] 尺蠖,,
incident,,n.,"事件 adj. 附带的, 易于发生的",,
incidental,,adj.,偶然的；附带的,,
incinerate,,v.,"把烧成灰,烧弃",,
incipient,,adj.,"初期的,初始的",,
incise,,v.,"切入, 切割",,
inclination,,n.,"倾斜, 弯曲",,
incline,,v.,(使)倾斜；倾向于， n斜面,,
inclusion,,n.,包含,,
inclusive,,adj.,包含在内的,,
income,,n.,"收入,收益,",,
incoming,,adj.,引入的,,
incompatibility,,n.,"不两立, 不相容",,
incompatible,,adj.,"不相容的 ,矛盾的",,
incomplete,,adj.,"不完全的, 不完整的",,
incompletely,,adv.,不完全地,,
incomprehensible,,adj.,"费解的,不可思议的",,
inconclusive,,adj.,"非决定性的,不确定的",,
incongruity,,n.,"不调和的, 不适宜的",,
incongruous,,adj.,"不协调的,不一致的",,
inconsistency,,n.,矛盾,,
inconspicuous,,adj.,"不显眼的,不引人注意的",,
inconspicuously,,adv.,"难以觉察地, 不显著地",,
inconvenient,,adj.,"不便的,打扰的",,
incorporate,,v.,"合并,组成公司",,
incorporation,,n.,合并；组建公司,,
incorrect,,adj.,"不正确的,错误的",,
incorrectly,,adv.,"错误地,不适当地",,
increasingly,,adv.,"日益,愈加",,
incredible,,adj.,不可信的；不可思议的,,
incredulous,,adj.,怀疑的， 不轻信的,,
increment,,n.,增加； 增量； 定期的加薪,,
incubate,,v.,孵卵,,
incubation,,n.,"孵化, 熟虑",,
incubator,,n.,"培养的器具, 孵卵器",,
incur,,v.,招致,,
incursion,,n.,侵犯，入侵,,
indebted,,adj.,"受惠的, 负债的",,
indecipherable,,adj.,"无法解释的,难辨认的",,
indeed,,adv.,"真正地,的确,事实上",,
indefinite,,adj.,不明确的，含糊的,,
indefinitely,,adv.,不确定地,,
independence,,n.,"独立,自主",,
independent,,n.,"中立派,无党派者",,
indeterminate,,adj.,"不确定的, 含混的",,
index,,n.,"索引, 指数",,
india,,n.,印度,,
indian,,n.,印度(人),,
indiana,,n.,印地安那州,,
indicate,,v.,表明， 显示； 指出， 指示； 象征， 预示； 暗示， 间接提及,,
indication,,n.,"指示,表示,迹象",,
indicator,,n.,指示器,,
indict,,vt.,控诉， 起诉， 控告,,
indifference,,n.,不关心,,
indifferent,,adj.,"漠不关心的,中性的",,
indigenous,,adj.,"本地的, 天生的",,
indigent,,adj.,贫困的， 贫穷的,,
indigestible,,adj.,"不吸收的,难理解的",,
indigestion,,n.,消化不良,,
indignant,,adj.,愤慨的， 恼怒的,,
indigo,,n.,"靛, 靛青",,
indirect,,adj.,"间接的,迂回的",,
indirectly,,adv.,间接地,,
indiscernible,,adj.,看不清的,,
indispensable,,n.,不可缺少之物 adj. 不可缺少的,,
indium,,n.,[化]铟,,
individual,,adj.,单独的；独特的 n. 个人， 个体,,
individualism,,n.,"个人主义, 利己主义",,
individualistic,,adj.,个人主义的,,
individuality,,n.,"个性,(通常用复数)个人的嗜好",,
individually,,adv.,"个别地,单独地",,
indolent,,adj.,懒惰的， 懒散的； 不活跃的,,
indonesia,,n.,印尼(东南亚岛国),,
indoor,,adj.,"户内的, 室内的",,
induce,,v.,"促使,引诱",,
inducement,,n.,"诱因, 刺激物",,
inducible,,adj.,"可诱导的,可导致的",,
induct,,v.,"感应,引导",,
indulge,,v.,纵容,,
indus,,n.,印度河（印度西北部的河流）,,
industrial,,adj.,"工业的,产业的",,
industrialism,,n.,"产业主义,工业制度",,
industrialist,,n.,"工业家, 实业家,",,
industrialization,,n.,"工业化,产业化",,
industrialize,,v.,使工业化,,
industrially,,adv.,企业[工业]地,,
industrious,,adj.,"勤劳的, 勤奋的",,
industry,,n.,"工业,产业",,
inedible,,adj.,不能吃的，不宜食用的,,
ineffective,,adj.,"无效的, (指人)工作效率低的",,
inefficient,,adj.,"效率低的,效率差的",,
inequality,,n.,"不平等, 不平均",,
inert,,adj.,无活动的， 惰性的； 不活泼的， 迟钝的,,
inertia,,n.,惯性； 惰性,,
inevitable,,adj.,"不可避免的, 必然的",,
inevitably,,adv.,不可避免地；必然地,,
inexpensive,,adj.,"廉价的,便宜的",,
inexplicable,,adj.,无法解释的，难理解的,,
inextricably,,adv.,"分不开地, 无法摆脱地",,
infancy,,n.,幼年,,
infant,,n.,婴儿,,
infantile,,adj.,幼稚的，幼儿的,,
infatuate,,vt.,使迷恋； 使糊涂,,
infect,,v.,"[医] 传染, 感染",,
infection,,n.,"传染病, 影响,",,
infectious,,adj.,传染性的， 传染病的； 有感染力的,,
inference,,n.,推论,,
inferential,,adj.,"推理的, 推论的",,
inferior,,adj.,"下等的, 下级的",,
inferiority,,n.,"自卑, 次等",,
infertile,,adj.,"贫瘠的, 不能生育的",,
infest,,v.,"骚扰,大批滋生",,
infiltrate,,v.,渗入， 渗透； 悄悄进入， 潜入,,
infiltration,,n.,渗透,,
infinite,,adj.,无限的，无穷的,,
infinitesimally,,adv.,极小地,,
infirm,,adj.,虚弱的； 不坚定的,,
inflammation,,n.,炎症， 发炎,,
inflate,,v.,充气， 膨胀； 鼓吹， 吹捧； 涨价,,
inflation,,n.,"通货膨胀, 膨胀",,
inflection,,n.,变形,,
inflexible,,adj.,"不可弯曲的, 僵硬的",,
inflexibly,,adv.,"不弯曲地, 不屈地",,
inflow,,n.,"流入, 流入物",,
influential,,adj.,"有影响的, 有势力的",,
influenza,,n.,流行性感冒,,
influx,,n.,流入,,
inform,,v.,"通知, 告诉",,
informal,,adj.,不正式的,,
informant,,n.,"通知者, 告密者",,
informative,,adj.,"提供消息的, 情报的",,
informed,,adj.,有学识的； 见多识广的， 有见识的,,
infrared,,adj.,红外线的；产生红外线的 n. 红外线,,
infrastructure,,n.,"下部构造,基础下部组织",,
infrequent,,adj.,"不频发的,不常见的",,
infrequently,,adv.,"罕见地, 稀少的",,
infuriate,,vt.,激怒,,
infusion,,n.,灌输,,
ingenious,,adj.,设计独特的，巧妙的,,
ingeniously,,adv.,"贤明地,有才能地",,
ingenuity,,n.,"机灵, 独创性",,
ingoing,,adj.,"进入的 n. 进入,迁就",,
ingot,,n.,"[冶]锭铁, 工业纯铁",,
ingredient,,n.,"成分, 因素",,
inhabit,,v.,"居住于,栖息",,
inhabitant,,n.,"居民,居住者",,
inherent,,adj.,"固有的,与生俱来的",,
inherit,,v.,继承,,
inheritance,,n.,遗产， 继承物； 继承； 遗传,,
inhibit,,v.,阻止妨碍抑制,,
inhibition,,n.,"禁止, 阻止",,
inhospitable,,adj.,"不好客的,不适于居住的",,
initial,,adj.,"最初的,初始的",,
initiate,,v.,"开始,发起",,
inject,,v.,"注射, 注入",,
injure,,v.,伤害，损害,,
injurious,,adj.,侮辱的， 诽谤的； 造成伤害的， 有害的,,
injury,,n.,"伤害,侮辱",,
ink,,n.,墨水,,
inland,,adj.,"内陆的,国内的",,
inn,,n.,(尤指乡村或公路边的) 旅馆 vi. 住旅馆,,
innate,,adj.,"先天的, 天生的",,
inner,,adj.,"内部的,里面的,内心的",,
innermost,,adj.,"最里面的, 内心的",,
innkeeper,,n.,旅馆主人,,
innocence,,n.,清白,,
innocent,,adj.,"清白的, 无罪的, 天真的",,
innovate,,v.,革新， 创新,,
innovation,,n.,"改革,创新",,
innovative,,adj.,"创新的, 革新的",,
innovator,,n.,"改革者, 革新者",,
innumerable,,adj.,"无数的,数不清的",,
inoffensive,,adj.,"不触犯人的,无害的",,
inorganic,,adj.,"无机的, 非自然生长的",,
input,,n.,输入，投入,,
inquire,,v.,"询问, 查究",,
insanity,,n.,"精神错乱, 疯狂, 愚顽",,
insatiable,,adj.,"不知足的, 贪求无厌的",,
inscribe,,v.,题写,,
inscription,,n.,"题字, 碑铭",,
insect,,n.,"昆虫,虫",,
insecure,,adj.,"不安全的,不稳固的",,
insensitivity,,n.,"感觉迟钝,不灵敏性",,
insert,,v.,"插入,嵌入",,
inside,,,"ad&prep. 在…里面,少于 n&a. 里面(的)",,
insight,,n.,"洞察力, 见识",,
insightful,,adj.,"有深刻见解的, 富有洞察力的",,
insignificant,,adj.,"无关紧要的, 可忽略的",,
insist,,v.,"坚持, 强调",,
insistence,,n.,"坚持, 坚决主张",,
insoluble,,adj.,"不能溶解的, 不能解决的",,
insolvent,,adj.,财力不足的， 破产的,,
inspect,,v.,"检查, 视察",,
inspection,,n.,"检查, 视察",,
inspector,,n.,"检查员, 巡视员",,
inspiration,,n.,灵感,,
inspire,,v.,"鼓舞,激起,给…以灵感",,
instability,,n.,不稳定(性),,
install,,v.,"安装, 安置",,
installation,,n.,"安装, 装置",,
instance,,n.,"实例,建议",,
instantaneous,,adj.,瞬间的，即刻的,,
instantaneously,,adv.,"即刻,突如其来地",,
instantly,,adv.,"立即地, 即刻地",,
instead,,adv.,"代替,反而",,
instigate,,v.,鼓动,,
instill,,vt.,慢慢灌输； 逐渐培养,,
instinct,,n.,本能,,
instinctive,,adj.,"本能的,直觉的",,
instinctively,,adv.,本能地,,
instinctual,,adj.,本能的,,
institute,,n.,学院 vt建立，设立,,
institution,,n.,"公共机构,协会,制度",,
instruct,,v.,"教导, 指示",,
instruction,,n.,"命令,指示,用法说明",,
instructive,,adj.,"有益的, 教育性的",,
instructor,,n.,"教师,指导书",,
instrument,,n.,"仪器,工具",,
instrumentalist,,n.,乐器演奏家,,
insufficient,,adj.,不足的,,
insulate,,v.,"使绝缘, 隔离",,
insulation,,n.,绝缘,,
insulator,,n.,"绝缘体, 绝热器",,
insulin,,n.,胰岛素,,
insult,,,"n&vt. 侮辱, 辱骂",,
insurance,,n.,保险； 保险费； 保险业,,
insure,,v.,"给保险,确保",,
insurmountable,,adj.,"不能克服的,不能超越的",,
intact,,adj.,"完好无缺的, 未经触碰的",,
intaglio,,n.,"凹雕, 阴雕vt凹雕",,
integral,,adj.,"完整的, 整体的",,
integrate,,v.,"使成整体, 结合",,
integration,,n.,综合,,
integrity,,n.,"正直, 诚实, 完整",,
intellect,,n.,智力， 理解力； 知识分子,,
intellectual,,adj.,"智力的, 有智力的",,
intellectually,,adv.,"理智地, 与智力(或思维)有关地",,
intelligence,,n.,"智力, 聪明",,
intelligent,,adj.,"聪明的, 智能的",,
intelligently,,adv.,聪明地；理智地,,
intelligible,,adj.,"可理解的,明了的",,
intend,,v.,"想要, 打算",,
intense,,adj.,"强烈的,激烈的",,
intensely,,adv.,激烈地；热切地,,
intensify,,v.,"加强,强化",,
intensity,,n.,"强度,强烈",,
intensive,,adj.,"强烈的, 精深的",,
intensively,,adv.,"加强地, 集中地",,
intent,,n.,"意图, 目的",,
intention,,n.,"意图, 目的",,
intentional,,adj.,"故意的,策划的",,
intentionally,,adv.,"有意地,故意地",,
intently,,adv.,"专心地, 集中地",,
inter,,v.,埋葬,,
interact,,v.,"互相作用,互相影响",,
interaction,,n.,交互作用,,
interactive,,adj.,"交互式的,相互作用的",,
interchangeable,,adj.,"可互换的,可交换的",,
intercity,,adj.,城市间的,,
intercommunity,,n.,"共同性, 共有",,
interconnect,,v.,使互相连接,,
interdependence,,n.,互相依赖,,
interdependent,,adj.,"相互依赖的,互助的",,
interest,,n.,兴趣，关注；业余爱好；利息；利害关系 vt. 使感兴趣， 引起…关注,,
interestingly,,adv.,有趣地,,
interface,,n.,界面， 分界面； 接口,,
interfere,,v.,"干涉,妨碍",,
interference,,n.,"冲突, 干涉",,
interferometer,,n.,干涉计,,
intergalactic,,adj.,"银河间的, 星际间的",,
interglacial,,adj.,间冰期的,,
interim,,adj.,暂时的， 过渡的 n. 间歇，过渡期间,,
interior,,adj.,内部的,,
interject,,v.,"插嘴, 突然插入",,
interlock,,v.,互锁,,
intermediate,,adj.,中间的 n媒介,,
intermittent,,adj.,间歇的，断断续续的,,
intermittently,,adv.,间歇地,,
intern,,n.,实习生 vt. 拘禁， 软禁,,
internal,,adj.,"内在的,国内的",,
internally,,adv.,"内部地, 国内地",,
international,,adj.,"国际的,世界的",,
internationally,,adv.,"国际性地, 在国际间",,
internet,,n.,国际互联网，因特网,,
internship,,n.,实习期,,
interpersonal,,adj.,"人与人之间的, 人际关系的",,
interplanetary,,adj.,"太阳系内的,行星间的",,
interplay,,n.,相互影响,,
interpret,,v.,"解释,说明",,
interpretation,,n.,"解释,阐明",,
interrelate,,v.,相互关联， 紧密联系,,
interrelationship,,n.,相互关系,,
interrogate,,vt.,审问， 讯问， 盘问,,
interrupt,,v.,"打断, 妨碍, 插嘴",,
interruption,,n.,"中断, 打断",,
intersect,,v.,"贯穿, 交叉",,
intersection,,n.,"交集, 交叉点",,
interstate,,adj.,州际的,,
interstellar,,adj.,星际的,,
interstitial,,adj.,"空隙的, 裂缝的,",,
intertidal,,,n&a. 潮间带(的),,
intertwine,,v.,"(使)纠缠,(使)缠绕",,
interval,,n.,"间隔,距离",,
intervene,,v.,干涉，干预,,
intervening,,adj.,介于中间的， 发生于期间的,,
intervention,,n.,干涉,,
interview,,n.,接见，会见；面谈,,
interviewer,,n.,会见者,,
interweave,,v.,交织， 编结,,
intestinal,,adj.,肠的,,
intestine,,adj.,"内部的,国内的",,
intimacy,,n.,"亲密, 隐私",,
intimate,,adj.,"亲密的,私人的",,
intimately,,adv.,"密切地, 亲密地",,
intimidate,,v.,胁迫,,
intolerant,,adj.,"不宽容的, 偏狭的",,
intonation,,n.,"语调, 声调",,
intoxication,,n.,"陶醉,中毒",,
intrepid,,adj.,勇敢的， 无畏的,,
intricate,,adj.,"复杂的,难懂的",,
intricately,,adv.,"杂乱地, 复杂地",,
intrigue,,v.,"激起兴趣,耍阴谋 n. 阴谋，密谋",,
intriguing,,adj.,引起兴趣的， 吸引人的,,
intrinsic,,adj.,"内在的, 固有的",,
intrinsically,,adv.,"内在地, 固有地",,
introduce,,v.,"介绍,引进",,
introduction,,n.,"介绍,传入",,
introductory,,adj.,"引导的,介绍的",,
introspective,,adj.,反省的,,
intrude,,v.,"侵入,强挤入",,
intruder,,n.,入侵者,,
intrusion,,n.,"闯入, 侵扰",,
intuitive,,adj.,有直觉力的，直觉到的,,
inuit,,n.,"因纽特人, 因纽特语",,
inundate,,v.,淹没,,
invade,,v.,侵略,,
invader,,n.,侵略者,,
invalid,,adj.,无效的； 无可靠根据的， 站不住脚的 n. 病弱者， 残疾者,,
invariable,,,"n&a. 不变的, 永恒的",,
invariably,,adv.,不变地，始终如一地,,
invasion,,n.,入侵,,
invasive,,adj.,侵入的， 侵略的； 开刀的,,
invent,,v.,"发明,创造",,
invention,,n.,"发明,创造",,
inventor,,n.,发明家,,
inventory,,n.,"详细目录, 存货(清单)",,
inverse,,adj.,相反的，反向的 n. 反面； 倒数,,
invert,,vt.,使倒转， 使倒置， 使颠倒,,
invertebrate,,,"a&n. 无脊椎的,无骨气的人",,
invest,,v.,投资，投入,,
investigate,,v.,"调查, 研究",,
investigation,,n.,"调查,研究",,
investigator,,n.,调查人,,
investment,,n.,"投资,可获利的东西",,
investor,,n.,投资者,,
invigorate,,v.,鼓舞,,
invisible,,adj.,"看不见的, 无形的",,
invisibly,,adv.,"看不见地, 看不出地",,
invitation,,n.,邀请； 请柬； 吸引， 诱惑,,
invite,,v.,邀请；征求,,
inviting,,adj.,动人的， 诱人的； 引人注目的,,
invoke,,v.,恳求,,
involve,,vt.,包含； 牵涉， 牵连； 使参加,,
involvement,,n.,"连累, 包含",,
inward,,adv.,"向内,在内 adj. 向内的,内在的",,
iodine,,n.,"碘, 碘酒",,
ion,,n.,离子,,
ionize,,v.,"使离子化 ,电离",,
iraq,,n.,伊拉克共和国,,
iridescent,,adj.,闪光的，现晕光的,,
iridium,,n.,[化]铱,,
irish,,,"n&a. 爱尔兰人(的),爱尔兰语（的）",,
ironic,,adj.,说反话的， 讽刺的； 出乎意料的,,
ironically,,adv.,具有讽刺意味地；嘲讽地,,
ironwork,,n.,铁制品,,
irony,,n.,"反话, 讽刺",,
iroquois,,n.,易洛魁族人,,
irrational,,adj.,"无理性的, 失去理性的 n. 无理数",,
irrationally,,adv.,"无理性地,不合理地",,
irregular,,adj.,"不规则的,无规律的",,
irregularly,,adv.,"不规则地,不整齐地",,
irrelevant,,adj.,"不相干的,不切题的",,
irreparable,,adj.,无法修复的，不能挽回的,,
irresistible,,adj.,"不可抵抗的,不能压制的",,
irresponsible,,adj.,"不负责任的, 不可靠的",,
irresponsibly,,adv.,"不负责任地,不可靠地",,
irreverence,,adj.,不尊敬的,,
irreverent,,adj.,"不敬的, 无礼的",,
irreversible,,adj.,"不可逆的,不能取消的",,
irrigate,,v.,灌溉,,
irrigation,,n.,灌溉,,
irritability,,n.,"过敏性, 兴奋性",,
irritable,,adj.,急躁的， 易怒的； 易受刺激的； 过敏的,,
irritate,,v.,"激怒, 使急躁",,
islander,,n.,岛上居民,,
isle,,n.,( 小)岛,,
isolate,,v.,"使隔离,使孤立",,
isolation,,n.,隔离，孤立,,
isotope,,n.,同位素,,
isotopic,,adj.,"同位素的,合痕的",,
israel,,n.,[地名] 以色列,,
issue,,,"n&v. 问题,分发,颁布",,
italian,,,"n&a. 意大利人(的), 意大利语（的）",,
italy,,n.,意大利(欧洲南部国家),,
item,,n.,"项目,条款",,
itself,,pron.,它自己,,
ivory,,n.,象牙； 象牙制品； 象牙色， 乳白色,,
jacket,,n.,"夹克,护封 v. 给穿夹克",,
jade,,n.,玉，翡翠,,
january,,n.,一月(略作Jan),,
japan,,n.,日本,,
japanese,,,"n&a. 日本人(的), 日语（的）",,
jar,,n.,罐子 v刺激，震动,,
jaw,,n.,"颚,下巴",,
jawbone,,n.,"颚骨, 下颚骨, 信用 v赊买",,
jay,,n.,松鸡；鸟,,
jazz,,n.,爵士乐,,
jealousy,,n.,"嫉妒,猜疑",,
jean,,n.,牛仔裤,,
jeans,,n.,牛仔裤,,
jelly,,n.,果冻， 胶状物,,
jellyfish,,n.,水母,,
jeopardize,,vt.,破坏， 危及,,
jet,,n.,喷气式飞机,,
jewel,,n.,宝石,,
jewellery,,n.,[总称]珠宝,,
jewelry,,n.,珠宝,,
jewett,,n.,朱厄特（姓氏）,,
jibe,,v.,"嘲笑, 与一致, 使转向",,
job,,n.,"工作,职业",,
jobber,,n.,"临时工, 批发商",,
jog,,vi.,慢跑； 轻轻触碰,,
join,,v.,"参加,加入,连接",,
joiner,,n.,工匠,,
joinery,,n.,木工职业,,
joint,,n.,关节；接头,,
joke,,n.,"笑话, 玩笑",,
jolt,,,v& n. (使)颠簸；震动,,
jot,,vt.,草草记下， 匆匆记下,,
journal,,n.,"定期刊物, 杂志",,
journalism,,n.,新闻业；新闻工作,,
journalist,,n.,"新闻记者,从事新闻杂志业的人",,
journey,,n.,旅行,,
journeyman,,n.,熟练工人,,
joy,,n.,"欢乐, 喜悦",,
joyous,,adj.,"快乐的, 高兴的",,
judge,,n.,"法官,裁判员 v断定,裁决",,
judgment,,n.,判断,,
juggle,,,v&n. 玩杂耍,,
juice,,n.,"(水果)汁, 液",,
juicy,,adj.,多汁(液)的,,
jules,,n.,朱尔斯（男子名）,,
july,,n.,七月(略作Jul),,
jumble,,v.,"混杂, 搞乱 n混乱",,
jump,,,n&v. 跳跃,,
junction,,n.,"连接, 接合",,
june,,n.,六月(略作Jun),,
jungle,,n.,(热带)丛林,,
junior,,adj.,年少的；资历较浅的 n年少者；晚辈,,
juniper,,n.,[植]刺柏属丛木或树木,,
jupiter,,n.,木星,,
jurassic,,adj.,侏罗纪的,,
juridical,,adj.,法律的， 司法的,,
jury,,n.,[律] 陪审团 adj. [海]临时应急的,,
just,,adv.,"正好,仅仅,刚才 adj. 公平的",,
justice,,n.,"正义, 公平",,
justify,,v.,证明是正当的,,
juvenile,,adj.,"青少年的 n青少年, 少年读物",,
juxtaposition,,n.,"毗邻, 并置",,
karst,,n.,石灰岩地区常见的地形,,
katherine,,n.,凯瑟琳（女子名）,,
kea,,n.,食肉鹦鹉,,
keel,,n.,"龙骨(船的脊骨),平底船 v. 装以龙骨,倾覆",,
keelboat,,n.,一种河船,,
keen,,adj.,锋利的,,
keenly,,adv.,"敏锐地, 强烈地, 热心地",,
kennel,,n.,"狗窝 v. 置于狗窝,关进狗窝",,
kenya,,n.,肯尼亚,,
keplerian,,adj.,"开普勒理论的,开普勒定律的",,
kernel,,n.,果仁，核心,,
kerosene,,n.,煤油,,
kestrel,,n.,(一种)鹰,,
kettle,,n.,"壶, 罐, 釜, 鼓",,
key,,n.,"关键,钥匙",,
keyboard,,n.,键盘,,
kick,,v.,踢,,
kier,,n.,漂煮锅,,
kill,,v.,"杀死,毁掉",,
kiln,,n.,"窑,炉",,
kilogram,,n.,"[物]千克, 公斤",,
kilometer,,n.,"千米,公里",,
kindergarten,,n.,"幼儿园 adj. 幼儿园的,启蒙阶段的",,
kindle,,v.,点燃， 开始燃烧； 激起,,
kinetic,,adj.,"(运)动的,动力(学)的",,
kinetoscope,,n.,活动电影放映机,,
kinfolk,,n.,亲属,,
king,,n.,国王,,
kingdom,,n.,王国,,
kinglet,,n.,"<贬>懦弱的国王,小国君主",,
kink,,n.,"结 v纠结,纽绞",,
kinship,,n.,血族关系,,
kinsman,,n.,"男性亲戚, 同族者",,
kiosk,,n.,亭子,,
kit,,n.,"成套工具, 用具包",,
kitchen,,n.,厨房,,
kitchenware,,n.,厨房用具,,
kittiwake,,n.,三趾鸥,,
kiwi,,n.,[鸟]几维(一种新西兰产的无翼鸟),,
knack,,n.,诀窍； 技能， 本领； 习惯， 癖好,,
knap,,v.,敲击,,
knead,,v.,"揉(面等)成团, 按摩",,
kneel,,v.,跪下,,
knife,,n.,"刀, 餐刀",,
knight,,n.,(欧洲中世纪的)骑士 v. 授以爵位,,
knit,,v.,"编织, 密接 n. 编织物",,
knot,,n.,(绳等的)结 v. 打结,,
knowledge,,n.,"知识,学问",,
knowledgeable,,adj.,"知识渊博的, 有见识的",,
knuckle,,n.,"指节, 关节 v. 开始工作",,
kohoutek,,n.,[天]科胡特克彗星,,
korean,,n.,"韩国人, 韩国语 a朝鲜人的, 朝鲜语的",,
krill,,n.,[动]磷虾(单复同),,
krypton,,n.,[化] 氪,,
label,,n.,"标签,商标 v. 贴标签于",,
labellum,,n.,（兰花的） 唇瓣,,
labor,,n.,工人 v. 劳动,,
laboratory,,n.,实验室,,
laborer,,n.,劳动者,,
laborious,,adj.,"艰苦的, 费劲的",,
laboriously,,adv.,"艰难地, 辛勤地",,
laborsaving,,adj.,节省劳力的;省力气的,,
labyrinth,,n.,"迷路, 迷宫, 难解的事物",,
lace,,n.,"花边,系带 vt用系带束紧",,
lack,,,"v&n. 缺乏,不足",,
lacquer,,n.,"漆, 漆器",,
lacuna,,n.,"空白, 空隙",,
lad,,n.,"少年, 青年男子",,
lade,,v.,"装载,装货",,
lady,,n.,"女士,夫人,小姐",,
lag,,v.,落后 n滞后,,
lagoon,,n.,泻湖 礁湖,,
lake,,n.,湖,,
lament,,n.,悲伤v哀悼,,
lamina,,n.,"薄板, 薄层",,
lamp,,n.,灯,,
landform,,n.,"地形, 地貌",,
landholder,,n.,"地主, 土地拥有者",,
landing,,n.,登陆； 着陆， 降落,,
landless,,adj.,无土地的，无陆地的,,
landlocked,,adj.,"陆地包围的, 内陆水域的",,
landlord,,n.,"房东,地主",,
landmark,,n.,"(航海)陆标, 地界标",,
landmass,,n.,大陆,,
landowner,,n.,土地所有者,,
landownership,,n.,土地所有,,
landscape,,n.,"风景,全景 v. 美化",,
landscapist,,n.,风景画家,,
landslide,,n.,"[地]山崩, 滑坡",,
landslip,,n.,"[地]山崩,塌方",,
landsman,,n.,"同胞,同乡",,
lane,,n.,"小路, 小巷",,
language,,n.,语言,,
languish,,v.,"憔悴, 凋萎",,
lantern,,n.,灯笼，提灯,,
lap,,n.,膝上；一圈 v. 舔(食)；拍打,,
lapis,,n.,[化]天青石(常用于化学中的矿物命名),,
lapse,,vi.,期满终止， 失效； 衰退； 背弃 n. 失误；失足,,
lark,,n.,"云雀, 百灵鸟",,
larva,,n.,幼虫,,
larynx,,n.,喉,,
laser,,n.,激光,,
lash,,,n& v. 鞭打,,
last,,adj.,"刚过去的,最后的 adv. 最后 v. 持续",,
lasting,,adj.,持久的， 永久的,,
lastly,,adv.,"最后, 终于",,
late,,adj.,"晚的,最近的 adv. 迟,晚",,
lately,,adv.,"近来, 最近",,
lateness,,n.,"迟, 晚",,
latent,,adj.,"潜在的, 潜伏的",,
lateral,,n.,"侧部, 支线 a侧面的",,
latest,,adj.,最近的,,
lathe,,n.,车床 vt. 用车床加工,,
latin,,,"n&a. 拉丁文,拉丁语(的)",,
latitude,,n.,"纬度,范围",,
latter,,adj.,"后者的,后面的",,
laudable,,adj.,值得赞美的， 值得称赞的,,
laugh,,,"v&n. 笑, 笑声",,
launch,,,vt&n. 发射,,
laundry,,n.,"洗衣店, 要洗的衣服",,
laurasia,,n.,[地质] 劳亚古大陆,,
laureate,,adj.,享有殊荣的 n. 桂冠诗人；荣誉获得者,,
lava,,n.,"熔岩, 火山岩",,
lavish,,adj.,无节制的；浪费的 vt慷慨给予，挥霍,,
law,,n.,法律,,
lawlike,,adj.,似法律的,,
lawn,,n.,"草坪, (均匀生长于固体培养基的)菌苔",,
lawsuit,,n.,诉讼,,
lawyer,,n.,律师,,
lax,,adj.,懒散的； 不严格的， 马虎的,,
lay,,v.,"放置,铺设",,
layer,,n.,层， 层次,,
layman,,n.,外行,,
layout,,n.,布局，安排,,
lazily,,adv.,懒洋洋地,,
lazuli,,n.,天青石,,
leach,,v.,过滤；溶解 n. 过滤器； 过滤剂,,
lead,,v.,领导，引导；领先，占首位；通向，导致，,,
leader,,n.,领导者,,
leadership,,n.,"领导能力,领导阶层",,
leaf,,n.,叶子,,
leafcutter,,n.,[昆]南美切叶蚁,,
leaflet,,n.,"小叶, 传单",,
leafy,,adj.,叶状的；叶茂的,,
league,,n.,联盟， 同盟； 等级， 级别,,
leak,,v.,(使)漏；泄露 n漏洞,,
leaky,,adj.,漏的,,
lean,,n.,"倾斜,倚靠 v. 依靠,倾斜 adj. 贫乏的",,
leaning,,n.,"倾斜, 倾向",,
leap,,,v&n. 跳跃,,
learn,,v.,"学会,学习,得知",,
learner,,n.,"学习者, 初学者",,
lease,,n.,"租赁vt出租,租得",,
least,,,"ad&a. 最小的,最少的",,
leather,,n.,"皮革, 皮革制品",,
leatherback,,n.,棱龟(大海龟之一种),,
lecture,,,n&v. 演讲,,
ledge,,n.,"岩架,岩石突出部",,
left,,adj.,左边的 adv. 向左 n. 左边,,
leftover,,adj.,剩余的,,
leg,,n.,"腿 v. 走,跑",,
legacy,,n.,"遗赠(物), 遗产",,
legal,,adj.,"法律的,合法的",,
legally,,adv.,"法律上, 合法地",,
legend,,n.,传说,,
legendary,,adj.,闻名的；传说的,,
legible,,adj.,清楚的； 易读的,,
legislate,,v.,制定法律； 通过立法,,
legislation,,n.,"立法,法律的制定(或通过)",,
legislative,,adj.,"立法的, 立法机关的",,
legislature,,n.,立法机关,,
legitimate,,adj.,合法的,,
legitimately,,adv.,"正当地, 合理地",,
legume,,n.,"豆类, 豆荚",,
leisure,,n.,"闲暇, 休闲",,
leisurely,,adj.,从容地，慢慢地,,
lend,,v.,"借给, 贷(款)",,
length,,n.,长度,,
lengthen,,v.,"变长,延伸",,
lengthwise,,adj.,纵长的 adv. 纵长地,,
lengthy,,adj.,冗长的,,
lens,,n.,"透镜,镜头",,
leo,,n.,[天]狮子座，狮子宫,,
lesley,,n.,莱斯利（女子名）,,
lessen,,v.,"减少,缩小",,
lesson,,n.,功课,,
let,,v.,允许，让,,
lethal,,adj.,致命的 n致死因子,,
lethargic,,adj.,昏睡的,,
lethargy,,n.,无生气,,
letter,,n.,信，函件，字母,,
lettuce,,n.,生菜； 莴苣,,
level,,adj.,平坦的；等高的 n. 水平；高度；级别 vt. 夷平， 使平坦,,
levy,,v.,征收(税等) n征税,,
lewis,,n.,"[机] 吊楔,起重爪",,
liable,,adj.,"有责任的, 易的, 有倾向的",,
libel,,vt.,诽谤 n. 诽谤； 诽谤性文字,,
libelous,,adj.,"诽谤的,损害名誉的",,
liberal,,n.,自由主义者 adj. 慷慨的,,
liberate,,v.,"解放, 释放",,
liberation,,n.,"释放, 解放",,
liberty,,n.,"自由, 特权",,
librarian,,n.,图书馆馆长； 图书管理员,,
library,,n.,图书馆,,
license,,n.,许可证 vt许可,,
lichen,,n.,"青苔,苔藓",,
lid,,n.,"盖子,vt给盖盖子",,
lie,,v.,"躺,说谎",,
lien,,n.,"留置权,抵押品所产生的利息",,
lieu,,n.,场所,,
lifeblood,,n.,"生命必须的血液, 活力的源泉",,
lifelike,,adj.,"栩栩如生的,逼真的",,
lifelong,,adj.,终生的,,
lifestyle,,n.,生活方式,,
lifetime,,n.,"一生, 终生",,
lifeway,,n.,"生活方式, 生活",,
lift,,v.,"举起,提高",,
lighten,,v.,"减轻,点亮",,
lighthearted,,adj.,无忧无虑的； 愉快的,,
lighthouse,,n.,灯塔,,
lightly,,adv.,"轻轻地, 轻松地",,
lightness,,n.,"轻盈, 灵活",,
lightning,,n.,闪电,,
lightweight,,n.,"轻量级选手, 不能胜任者",,
likelihood,,n.,可能(性),,
likewise,,adv.,"同样地, 此外",,
lily,,n.,"百合,百合花 adj. 纯洁的",,
limb,,n.,"肢, 翼, 分支",,
lime,,n.,"酸橙,石灰",,
limestone,,n.,石灰石,,
limitation,,n.,"限制,局限性",,
limner,,n.,素描者,,
limy,,adj.,"含石灰的, 石灰似的",,
lineage,,n.,"血统, 世系",,
linear,,adj.,"线的, 直线的",,
linen,,n.,亚麻布（制品）,,
ling,,n.,"鳕鱼, 石南之一种",,
linger,,v.,"逗留, 闲荡",,
linguist,,n.,语言学家,,
linguistic,,adj.,语言(学)上的,,
link,,v.,"连接,联系 n. 联系",,
linkage,,n.,联接,,
linoleum,,n.,"油布, 油毯",,
lint,,n.,绷带用麻布,,
lintel,,n.,"[建]楣, 过梁",,
lion,,n.,狮子,,
lip,,n.,嘴唇,,
lipid,,n.,"脂质, 油脂",,
liquefy,,v.,溶解， 液化,,
liquid,,n.,液体 adj. 液体的,,
lira,,n.,里拉（意大利货币单位）,,
list,,n.,"目录,列表 v. 列出",,
listen,,v.,听,,
listener,,n.,"收听者, 听众",,
listless,,adj.,"倦怠的, 冷漠的",,
liter,,n.,公升,,
literacy,,n.,"有文化,有教养",,
literally,,adv.,"逐字地,正确地",,
literalness,,n.,"文字的,表面意义上的",,
literary,,adj.,文学的,,
literate,,adj.,有读写能力的；有文化修养的,,
literature,,n.,"文学,文献",,
lithograph,,n.,"石版画, 平版印刷",,
lithographic,,adj.,"石版印刷的, 石版的",,
lithography,,n.,平版印刷术,,
lithosphere,,n.,[地]岩石圈,,
lithospheric,,adj.,岩石圈的; 陆界的,,
litter,,n.,垃圾 v乱扔东西,,
livable,,adj.,适于居住的,,
livelihood,,n.,"生计,谋生",,
liveliness,,n.,活泼,,
livestock,,n.,家畜,,
living,,n.,"生活,生计 adj. 活的,逼真的",,
lizard,,n.,[动]蜥蜴,,
load,,n.,"负荷,装载量 v. 装(载),使负担",,
loam,,n.,肥土,,
loan,,n.,贷款 v. 借出，贷给,,
loath,,adj.,不情愿的， 勉强的,,
loathsome,,adj.,讨厌的,,
lobby,,v.,游说 n. 休息室，大厅；游说团,,
lobe,,n.,耳垂，(肺，肝等的)叶,,
lobster,,n.,龙虾,,
local,,adj.,"当地的,局部的 n. 当地人",,
locale,,n.,"现场, 场所",,
locality,,n.,"位置, 地点",,
localization,,n.,"地方化, 局限, 定位",,
localize,,v.,"集中,局部化",,
locally,,adv.,"在本地, 地方性地, 局部地",,
locate,,v.,"定位,把…设置在",,
location,,n.,"位置,地点",,
lock,,n.,锁 v. 锁上,,
locomote,,v.,"移动, 行动",,
locomotion,,n.,"运动, 移动",,
locomotive,,n.,"机车, 火车头",,
locomotor,,adj.,运动的,,
locust,,n.,蝗虫,,
loder,,n.,[计]装填器,,
lodge,,v.,(让)暂住 n乡间小屋，旅舍,,
loess,,n.,黄土,,
loft,,n.,阁楼,,
lofty,,adj.,高耸的； 崇高的； 高傲的,,
log,,n.,"原木,航海日志 v. 正式记录",,
logger,,n.,"樵夫, 圆木装车机",,
loggerhead,,n.,"傻子,铁球棒",,
logic,,n.,"逻辑, 逻辑学 adj. 逻辑的",,
logical,,adj.,"符合逻辑的,合理的",,
logically,,adv.,"符合逻辑地, 逻辑上地",,
lomas,,n.,洛马斯(阿根廷东部的一城镇),,
london,,n.,伦敦,,
londoner,,n.,伦敦人,,
lone,,adj.,孤独的，寂寞的,,
loneliness,,n.,"孤独, 寂寞",,
lonely,,adj.,"孤独的, 寂寞的",,
longer,,,ad&a. 比较久(的),,
longevity,,n.,"长命, 寿命",,
longing,,n.,渴望 a渴望的,,
longitude,,n.,经度， 经线,,
longtime,,adj.,(已持续)长时间的 adv. 长久地,,
loom,,n.,织布机 vi迫近,,
loop,,n.,"环,回路 v. 使成环,打环",,
loose,,n.,"解放,放任 v. 弄松, 释放",,
loosely,,adv.,松散地,,
loosen,,v.,"解开, 放松, 松开",,
looseness,,n.,"松开, 解除",,
lop,,v.,"剪去, 砍掉",,
lope,,vi.,轻松地大步跑 n. 轻快的步伐,,
lopsided,,adj.,"倾向一方的, 不平衡的",,
lord,,n.,"封建领主,君主",,
lordly,,adj.,高贵的；高傲的,,
lore,,n.,"学问,（动物的）眼光知识",,
loss,,n.,"丧失,遗失,损失",,
lost-and-found,,n.,失物招领,,
lot,,n.,"许多,大量",,
lotus,,n.,[植] 莲(花) adj. 贪图安乐的,,
loud,,,"a&ad. 高声的,大声地",,
loudness,,n.,"大声, 喧闹",,
loudspeaker,,n.,"扩音器, 喇叭",,
lounge,,vi.,懒洋洋地站 n. 等候室，休息室,,
lounger,,n.,"漫步的人, 懒人",,
love,,,n&v. 爱,,
lovely,,adj.,"可爱的,有趣的",,
lover,,n.,"爱人, 爱好者",,
low,,,"a&ad. 低(的),低下(的)",,
lowa,,n.,爱荷华州(美国中西部的一州),,
lower,,adj.,"较低的,下面的 v. 降下,放低",,
lowland,,n.,低地,,
loyal,,adj.,"忠诚的, 忠心的",,
loyalist,,n.,"忠诚的人, 反对独立者",,
loyally,,adv.,忠诚,,
loyalty,,n.,忠诚,,
lubricant,,n.,润滑剂,,
lubricate,,v.,润滑 v加润滑油,,
luce,,n.,一种成鱼,,
luck,,n.,"运气, 好运",,
luckily,,adv.,幸运地,,
lucky,,adj.,"幸运的, 吉祥的",,
lucrative,,adj.,赚钱的， 获利的， 有利可图的,,
lug,,v.,(用力)拖拉,,
lull,,v.,缓和 n暂时的平息,,
lumber,,n.,"木材,木料",,
lumiere,,n.,彩色照相术,,
luminosity,,n.,亮度， 发光度； 光明,,
luminous,,adj.,"发光的,清楚的,明白易懂的",,
lump,,n.,"肿块,笨人 v. 使成块状",,
lunar,,adj.,月亮的,,
lunch,,n.,午餐,,
luncheon,,n.,"午宴, 正式的午餐",,
lung,,n.,"肺,呼吸器",,
lunge,,,vi&n. 猛冲， 猛扑,,
lure,,v.,引诱,,
lush,,adj.,"茂盛的, 丰富的",,
lust,,n.,"繁殖力, 强烈的性欲 v. 强烈欲望",,
luster,,n.,"光彩, 光泽",,
luxurious,,adj.,"奢侈的, 豪华的",,
luxury,,n.,"奢侈, 华贵",,
lvory,,n.,象牙,,
lyric,,n.,"抒情诗, 歌词",,
lyrical,,adj.,"抒情诗调的, 充满感情的",,
lyrically,,adv.,"抒情地, 狂热地",,
lys,,n.,[化]赖氨酸,,
macaque,,n.,短尾猿,,
macdonald,,n.,麦当劳快餐店,,
machine,,n.,"机器,机械",,
machinery,,n.,"机械,机器",,
mackerel,,n.,鲭,,
mad,,adj.,"疯狂的,狂热的",,
magazine,,n.,"杂志, 期刊",,
magenta,,,n&a. 红紫色(的),,
magic,,n.,魔术；魔力 a有魔力的,,
magical,,adj.,"魔术的, 神奇的",,
maglev,,n.,磁力悬浮火车,,
magma,,n.,"岩浆, 糊剂",,
magnesium,,n.,[化]镁,,
magnet,,n.,"磁体, 磁铁",,
magnetic,,adj.,"磁的,有吸引力的",,
magnetism,,n.,"磁, 磁力, 吸引力, 磁学",,
magnetize,,v.,"使磁化, 吸引",,
magnetosphere,,n.,磁气圈,,
magnification,,n.,"扩大, 放大倍率",,
magnificent,,adj.,极好的； 宏伟的， 华丽的； 崇高的， 高尚的,,
magnify,,v.,"放大, 扩大",,
magnitude,,n.,"大小, 数量,量级",,
maiden,,n.,"少女, 处女",,
mail,,n.,"邮件,邮政",,
maine,,n.,缅因州(美国东北角的州),,
mainland,,n.,大陆,,
mainsheet,,n.,主桅帆操纵索,,
mainstay,,n.,支柱;骨干,,
mainstream,,n.,主流,,
maintain,,v.,"维持,保持",,
maintenance,,n.,"维护, 保持",,
maize,,n.,"玉米, 黄色 adj. 玉米色的",,
majestic,,adj.,雄伟的，壮丽的,,
major,,vi.,主修， 专攻 adj. 较大的；主要的；主修的 n. 专业,,
majority,,n.,大多数,,
maker,,n.,制造者,,
makeshift,,adj.,临时的 n. 临时替代物,,
makeup,,n.,"化妆品,组成, 结构",,
male,,adj.,"男的, 雄的",,
malfunction,,n.,故障,,
malice,,n.,恶意， 怨恨,,
malicious,,adj.,怀有恶意的， 恶毒的,,
malleability,,n.,"有延展性, 柔韧性",,
malleable,,adj.,"有延展性的, 可锻的",,
mallet,,n.,槌棒,,
malnutrition,,n.,营养不良,,
mammal,,n.,哺乳动物,,
mammalian,,n.,哺乳动物 adj. 哺乳动物的,,
mammoth,,n.,"猛犸,长毛象 adj. 庞大的",,
man,,n.,"男人,人(类)",,
manage,,v.,管理，经营，处理,,
manageable,,adj.,易处理的，易管理的,,
management,,n.,"经营,管理,处理",,
manager,,n.,"经理, 管理人员",,
mandan,,n.,"曼丹人, 曼丹语",,
mandarin,,n.,"官话,普通话",,
mandate,,n.,"(书面)命令,训令 v. 委任统治",,
mandatory,,adj.,"命令的, 托管的",,
mandible,,n.,"下颚, 下颚骨",,
maneuver,,n.,策略[ pl]演习 v(巧妙)控制；用策略,,
manganese,,n.,n〈化〉锰,,
manhattan,,n.,曼哈顿岛(美国纽约一区),,
mania,,n.,"[医]颠狂, 狂躁, 癖好, 狂热",,
manifest,,v.,显示，表明，证明,,
manifestation,,n.,"显示, 表现",,
manifesto,,n.,"宣言, 声明",,
manipulate,,v.,"操纵,影响",,
manipulation,,n.,"处理,操纵",,
manner,,n.,"礼貌,方式",,
mannerism,,n.,怪癖， 癖性； 过分的独特风格,,
mansion,,n.,"大厦, 官邸",,
mantel,,n.,壁炉架,,
mantle,,n.,"斗蓬 v. 披风,覆盖",,
manual,,adj.,"手工的 n手册,指南",,
manufacture,,,"vt&n. 制造,制造业[pl]产品",,
manufacturer,,n.,"制造业者, 厂商",,
manure,,n.,肥料,,
map,,n.,地图 v. 绘制地图,,
maple,,n.,枫树,,
mar,,n.,"污点,瑕疵 v. 破坏",,
maraca,,n.,[音]沙球,,
marble,,n.,大理石,,
march,,,n&v. 行军,,
margin,,n.,"边缘,余地,页边空白",,
marginal,,adj.,"边缘的, 边际的",,
marine,,n.,"船舶,水兵 adj. 海(洋)的,海军(事)的",,
maritime,,adj.,"海上的, 海事的",,
mark,,n.,"痕迹,记号 v. 做标记",,
marked,,adj.,显著的； 有记号的； 被监视的,,
markedly,,adv.,"显著地,明显地",,
marketable,,adj.,"市场的,可销售的",,
marketplace,,n.,"集会场所, 市场",,
marlin,,n.,枪鱼,,
maroon,,n.,栗色 a栗色的,,
marriage,,n.,"结婚, 婚姻",,
marrow,,n.,"精华, 活力",,
marry,,v.,"娶, 嫁,和结婚",,
marseille,,n.,马赛(法国港口城市),,
marsh,,n.,"湿地,沼泽",,
marshal,,n.,"元帅 v整顿, 排列",,
marshland,,n.,沼泽地,,
marshy,,adj.,"沼泽般的,湿软的",,
marsupial,,n.,有袋动物 a有袋动物的,,
martian,,,n&a. 火星人(的),,
marvel,,n.,令人惊奇的事物(或人物),,
marvelous,,adj.,"令人惊异的, 非凡的",,
marvelously,,adv.,"奇迹般地,奇异地",,
maser,,n.,微波激射器,,
mask,,n.,面具,,
mason,,n.,泥瓦匠 vt. 用砖瓦砌成,,
masonry,,n.,"石工术, 石匠职业",,
mass,,adj.,大量的 n. 质量；块，团；众多；群众，平民百姓,,
massachusetts,,n.,马萨诸塞(美国州名),,
massif,,n.,山丘,,
massive,,adj.,"巨大的,大规模的",,
mast,,n.,"桅,桅杆 vt. 装桅杆于",,
master,,v.,"控制,精通 n. 主人",,
masterpiece,,n.,"杰作, 名著",,
masthead,,n.,"桅顶, 报头",,
mastodon,,n.,"[古生]乳齿象, 庞然大物",,
mat,,n.,席子，垫子,,
match,,v.,"相配,相称",,
mate,,n.,"配偶, 对手",,
material,,adj.,物质的， 身体上的； 重要的； 实质性的， 客观存在的 n. 材料，原料；素材，资料,,
maternal,,adj.,"母亲的, 母系的",,
mathematician,,n.,数学家,,
mathematics,,n.,数学,,
matrilinear,,adj.,母系的,,
matrimony,,n.,婚姻， 婚配,,
matrix,,n.,矩阵,,
matron,,n.,主妇；护士长,,
matter,,n.,"事情,情况 v. 要紧",,
maturation,,n.,"化脓, 成熟",,
mature,,adj.,成熟的 v. 使成熟,,
maturity,,n.,"成熟,(票据)到期",,
maverick,,adj.,标新立异的；持不同意见的,,
maw,,n.,"动物的胃,口部",,
maximize,,v.,"取最大值, 最佳化",,
maximum,,n.,"最大量, 最大限度",,
maya,,n.,"玛雅人,玛雅语",,
maybe,,adv.,"大概, 或许",,
mayor,,n.,市长,,
maze,,n.,迷宫；复杂难懂的细节；困惑，迷惘 vt. 使混乱； 使困惑， 迷惑,,
me,,pron.,我,,
meadow,,n.,"草地, 牧场",,
meager,,n.,兆,,
meal,,n.,"餐, 一顿饭",,
meander,,v.,蜿蜒而行,,
meaningful,,adj.,意味深长的,,
meaningless,,adj.,无意义的,,
meantime,,,"n&ad. 同时, 其间",,
meanwhile,,adv.,其间,,
measurable,,adj.,可测量的,,
measure,,n.,"措施,量度,尺寸 v. 测量",,
measurement,,n.,"测量法,度量,",,
meat,,n.,"(食用)肉,肉类",,
meaty,,adj.,"肉的,多肉的",,
mechanic,,n.,技工,,
mechanical,,adj.,"机械的, 机械制的",,
mechanically,,adv.,机械地；无意识地,,
mechanics,,n.,机械学， 力学； 技巧， 方法,,
mechanism,,n.,机械装置,,
mechanization,,n.,机械化,,
mechanize,,v.,机械化,,
medal,,n.,奖牌，奖章,,
media,,n.,媒体,,
mediate,,v.,"调停, 斡旋",,
medical,,adj.,医学的，医疗的,,
medication,,n.,药物治疗； 药物,,
medicinal,,adj.,药物的，治疗的,,
medicine,,n.,药,,
medieval,,adj.,中世纪的,,
mediocre,,adj.,平庸的,,
meditate,,v.,沉思， 冥想； 考虑； 谋划,,
mediterranean,,n.,地中海,,
medium,,n.,"媒体,方法 adj. 中间的",,
meet,,v.,"遇见,见面",,
meeting,,n.,会议,,
megafossil,,n.,大化石,,
megalopolis,,n.,"巨大都市, 人口稠密地带",,
megawatt,,n.,兆瓦特,,
melange,,n.,"混合物, 杂录",,
melanin,,n.,黑色素,,
mellow,,adj.,醇香的；柔和的；成熟的 v. 醇香； 柔和； 成熟,,
melodic,,adj.,"有旋律的,调子美妙的",,
melodious,,adj.,旋律优美的， 悦耳的,,
melodrama,,n.,情节剧,,
melody,,n.,旋律，曲调,,
melt,,v.,"(使)融化,(使)消散,(使)逐渐消失",,
meltdown,,n.,彻底垮台,,
meltwater,,n.,冰雪融化成的水,,
member,,n.,"成员,会员",,
membership,,n.,"成员资格,全体会员",,
membrane,,n.,薄膜； 细胞膜,,
memo,,n.,备忘录,,
memorable,,adj.,"难忘的,重大的",,
memorandum,,n.,"备忘录, 便笺",,
memorial,,n.,"纪念物, 纪念馆",,
memorize,,v.,"记住, 记忆",,
memory,,n.,"记忆(力),回忆",,
mennonite,,n.,门诺派教徒,,
mental,,adj.,"精神的,智力的",,
mentally,,adv.,"精神上, 智力上",,
mention,,v.,提及， 说起,,
mercantile,,adj.,"贸易的,商业的",,
merchandis,,n.,"商品,货物 v买卖",,
merchandise,,n.,"商品, 货物",,
merchant,,n.,商人,,
merciless,,adj.,残忍的；无情的,,
mercury,,n.,"水银, 汞",,
mercy,,n.,"仁慈,宽恕,怜悯",,
mere,,adj.,"仅仅的,起码的",,
merely,,adv.,"仅仅, 只, 不过",,
merge,,v.,"结合,合并",,
meridian,,n.,子午线， 经线,,
merit,,n.,优点，功绩 v. 值得,,
mermaid,,n.,美人鱼,,
mesh,,n.,网，筛孔,,
mesmerize,,v.,施催眠术,,
mesolithic,,adj.,中石器时代的 n. 中石器时代,,
mesopotamian,,n.,美索不达米亚（两河流域）,,
mesozoic,,,n&a. 中生代(的),,
mesquite,,n.,豆科灌木,,
mess,,n.,"混乱, 脏乱 v. 弄乱",,
message,,n.,"消息,信息",,
messy,,adj.,"肮脏的, 凌乱的",,
metabolic,,adj.,新陈代谢的,,
metabolism,,n.,新陈代谢,,
metabolize,,v.,产生代谢变化,,
metal,,n.,金属 v. (以金属)覆盖、装配,,
metallic,,adj.,金属(性)的,,
metallurgy,,n.,"冶金, 冶金术",,
metalwork,,n.,金属制品,,
metalworker,,n.,金工工人,,
metamorphic,,adj.,"变质的,变性的",,
metaphor,,n.,"隐喻, 暗喻",,
metaphysical,,adj.,"形而上学的, 纯粹哲学的",,
metazoan,,,n&a. [动]后生动物(的),,
meteor,,n.,"流星, 大气现象",,
meteoric,,adj.,"流星的,大气的",,
meteorite,,n.,"陨石, 流星",,
meteoritic,,adj.,"陨星的,陨石的",,
meteoroid,,n.,流星体,,
meteorological,,adj.,气象学的； 气象的,,
meteorologist,,n.,气象学者,,
meteorology,,n.,气象学,,
meter,,n.,"米,公尺",,
methane,,n.,"甲烷,沼气",,
methanol,,n.,甲醇,,
method,,n.,方法， 办法， 措施； 秩序,,
methodical,,adj.,有条理的，井然的,,
methodically,,adv.,"有条不紊地, 有方法地",,
methyl,,n.,"甲基, 木精",,
meticulous,,adj.,"一丝不苟的, 缜密的",,
meticulously,,adv.,"仔细地,谨慎地",,
metric,,adj.,"米制的, 公制的",,
metropolis,,n.,"首都,大城市",,
metropolitan,,adj.,大城市的，大都会的,,
mexican,,,n&a. 墨西哥(的)， 墨西哥人(的),,
mexico,,n.,墨西哥(拉丁美洲国家),,
miami,,n.,迈阿密(美国佛罗里州达东南部港市),,
miasmic,,adj.,"毒气的, 瘴气的",,
michigan,,n.,密歇根州(美国州名),,
microbe,,n.,"微生物, 细菌",,
microbial,,adj.,"微生物的, 由细菌引起的",,
microbiologist,,n.,微生物学家,,
microcosm,,n.,微观世界,,
microfossil,,n.,"微体化石,微化石",,
micron,,n.,"微米,百万分之一米",,
micronesian,,,n&a. 密克罗尼西亚人(的),,
micronutrient,,n.,[生]微量营养素,,
microorganism,,n.,微生物,,
microprocessor,,n.,微处理器,,
microscope,,n.,显微镜,,
microscopic,,adj.,"显微镜的,极小的",,
microscopy,,n.,"显微镜检查,显微镜使用",,
microwave,,n.,微波(波长为1毫米至30厘米的高频电磁波),,
midair,,n.,半空中,,
midcontinent,,n.,大陆中部,,
midday,,n.,正午,,
middle,,n.,"中部,中间 adj. 中部的,中间的",,
middleman,,n.,中间人， 调解人； 经纪人,,
midlatitude,,n.,中间纬度,,
midnight,,n.,午夜,,
midocean,,n.,海洋中央,,
midst,,n.,中部，中间,,
midterm,,adj.,中间的，期中的 n. 期中考试； 中期； 期中,,
midway,,n.,"中途,半路 adj. 中途的 adv. 在中途",,
midwest,,n.,中西部,,
midwestern,,adj.,美国中西部的,,
mighty,,n.,有势力的人 adj. 有势力的,,
migrant,,n.,"移居者, 候鸟",,
migrate,,v.,"迁移,转移",,
migration,,n.,"移居,迁移",,
migratory,,adj.,"迁移的,流浪的",,
mild,,adj.,"温和的, 轻微的,适度的",,
mildly,,adv.,"温和地, 适度地",,
mile,,n.,英里,,
milieu,,n.,"周围, 环境",,
militant,,adj.,好战的n好斗者,,
militarily,,adv.,"以武力, 以军事行动",,
militaristic,,adj.,军国主义的,,
military,,adj.,军事的 n. 军队,,
milk,,n.,"乳, 牛奶",,
milkweed,,n.,乳草属植物,,
milky,,adj.,"牛奶的,乳白色的",,
mill,,v.,"碾磨,搅拌",,
millennium,,n.,"太平盛世,一千年",,
millet,,n.,"[植]稷, 粟",,
milligram,,n.,毫克,,
millimeter,,n.,毫米,,
mime,,n.,哑剧 v. 做哑剧表演,,
mimetic,,adj.,"模仿的,拟态的",,
mimic,,v.,"模仿, 模拟",,
mind,,n.,"头脑,意见 v. 介意,注意",,
mine,,n.,矿 v. 采矿,,
miner,,n.,矿工,,
mineral,,n.,"矿物,矿石",,
mineralization,,n.,"矿化作用,成矿作用",,
mineralize,,v.,"使矿物化,采集矿物",,
mingle,,v.,混合； 交往,,
miniature,,adj.,小型的，微小的 n微小的模型,,
minimal,,adj.,"最小的, 最小限度的",,
minimalist,,n.,最低限要求者,,
minimize,,v.,将减到最少,,
minimum,,adj.,"最小的 n. 最小值,",,
ministry,,n.,(政府的)部门,,
minneapolis,,n.,明尼苏达[美国州名],,
minnesota,,n.,明尼苏达州(美国州名),,
minor,,adj.,"较小的,次要的",,
minority,,n.,"少数, 少数民族",,
minstrel,,n.,吟游诗人(或歌手),,
mint,,n.,薄荷,,
minus,,adj.,减的，负的 prep. 减 n. 负数；减号；不足,,
minuscule,,,n&a. 草写小字(的),,
minute,,n.,"分钟,片刻",,
minutely,,adj.,"每分钟的,持续的",,
miocene,,adj.,"中新世的, 中新统的",,
miracle,,n.,"奇迹, 奇事",,
miraculous,,adj.,"奇迹的,不可思议的",,
mirage,,n.,"海市蜃楼,幻想",,
mirror,,n.,"镜子 v. 反映,映出",,
mischievous,,adj.,恶作剧的， 顽皮的， 淘气的； 恶意的,,
misconception,,n.,误解,,
misdeed,,n.,"罪行, 犯罪",,
miserable,,adj.,痛苦的； 可怜的； 令人不快的,,
misery,,n.,"痛苦, 苦恼",,
misfortune,,n.,"不幸, 灾祸",,
misinterpret,,v.,曲解,,
misinterprete,,v.,误解,,
mislead,,v.,误导,,
mismanage,,vt.,对…管理不当， 处理不当,,
mismatch,,,"n&v. 配错, 不相匹配",,
miss,,n.,"过错 v. 错过,遗漏",,
missile,,n.,发射物； 导弹， 飞弹,,
mission,,n.,"使命,任务",,
missionary,,,"n&a. 传教士(的) ,传教的,",,
mississippi,,n.,"密西西比河,密西西比州(美国州名)",,
mississippian,,adj.,密西西比河的 n密西西比州人,,
missouri,,n.,密苏里州(美国州名),,
mist,,n.,薄雾,,
mistake,,n.,"错误 v. 弄错,误解",,
mistrust,,,"n&v. 不信任, 猜疑",,
misty,,adj.,有薄雾的,,
misunderstand,,v.,"误解, 误会",,
misunderstanding,,n.,"误会, 误解",,
mite,,n.,"微小的东西,",,
mitigate,,v.,"减轻,缓和",,
mix,,v.,"使混和,混淆",,
mixture,,n.,混合(物),,
moat,,n.,"护城河, 城壕",,
mob,,n.,"暴民 vt成群围住,聚众袭击",,
mobile,,adj.,"可移动的, 易变的",,
mobility,,n.,"活动性, 灵活性",,
mobilize,,v.,动员,,
moccasin,,n.,"鹿皮鞋, 软拖鞋",,
mock,,v.,嘲笑，嘲弄；模仿；蔑视， n. 模拟考试,,
modal,,adj.,"模态的, 形态上的",,
mode,,n.,"方式,模式",,
model,,n.,"模型 v. 模仿,展示",,
modeling,,n.,立体感； 建模， 造型,,
modem,,n.,[计]调制解调器,,
moderate,,adj.,"中等的, 适度的",,
moderately,,adv.,适度地,,
modernist,,n.,"现代主义者, 现代人",,
modernistic,,adj.,"现代的, 现代主义的",,
modernity,,n.,现代性,,
modernization,,n.,现代化,,
modernize,,v.,使现代化,,
modest,,adj.,"谦虚的, 适度的",,
modestly,,adv.,"谨慎地, 适当地",,
modicum,,n.,"少量, 一点点",,
modification,,n.,"更改, 修改",,
modify,,v.,"更改,修改",,
modulate,,v.,"调整, 调节, (信号)调制",,
modulation,,n.,调制,,
module,,n.,"模数, 模块",,
modus,,n.,"方法, 形式",,
moist,,adj.,潮湿的，湿润的,,
moisten,,v.,弄湿 vi变潮湿,,
moisture,,n.,"潮湿,湿气",,
molasses,,n.,<美>糖蜜,,
mold,,n.,"模子vt浇铸, 塑造",,
molecular,,adj.,分子的,,
molecule,,n.,分子,,
mollusk,,n.,[动]软体动物,,
molt,,,"vi&n. 脱毛,换毛",,
molten,,adj.,熔化的， 熔融的,,
moment,,n.,片刻，瞬间,,
momentarily,,adv.,"暂时地, 立刻地",,
momentary,,adj.,片刻的， 瞬间的， 暂时的,,
momentous,,adj.,"重要的, 重大的",,
momentum,,n.,"动力, 势头",,
monarch,,n.,君主,,
monarchy,,n.,"君主政体, 君主国",,
monastery,,n.,男修道院， 寺院,,
monetary,,adj.,"货币的, 金融的",,
money,,n.,"钱,货币",,
mongolia,,n.,蒙古,,
monitor,,v.,监听(视；测) n检测器,,
monkey,,n.,猴子,,
monochromatic,,adj.,单色的,,
monochrome,,n.,单色 单色的,,
monogamous,,n.,"一夫一妻的, 单配的",,
monogamy,,n.,一夫一妻制,,
monoid,,n.,独异点,,
monolithic,,n.,"单片电路, 单块集成电路",,
monopolize,,v.,"独占, 垄断",,
monopoly,,n.,垄断(者),,
monotonous,,adj.,"单调的,无抑扬顿挫的",,
monotony,,n.,单调， 千篇一律,,
monoxide,,n.,一氧化物,,
monroe,,n.,门罗(m),,
monster,,n.,怪物,,
month,,n.,月,,
monument,,n.,纪念碑,,
monumental,,adj.,"纪念碑的,不朽的",,
mood,,n.,"心情, 情绪",,
moody,,adj.,"易怒的, 情绪化的",,
moon,,n.,"月球,月亮",,
moor,,v.,停泊， 系泊 n. 沼泽；旷野，荒野,,
moose,,n.,[动] 驼鹿,,
moraine,,n.,冰碛,,
moral,,adj.,"道德(上)的,精神的",,
morale,,n.,"士气, 民心",,
moralism,,n.,"道德主义, 说教",,
moralistic,,adj.,"狭隘道德观的, 说教的",,
morality,,n.,"道德,品行",,
moralize,,v.,"教化 ,说教",,
morally,,adv.,道德上,,
moreover,,adv.,"此外,而且",,
morgue,,n.,停尸房， 太平间,,
mormon,,n.,"摩门教徒, 一夫多妻主义者",,
morning,,n.,"早晨, 上午",,
morphological,,adj.,形态学的,,
morphology,,n.,"[生物]形态学, [语法]词法",,
morris,,n.,莫理斯舞(英国传统民间舞蹈),,
mortal,,n.,"凡人,人类 adj. 必死的,致命的",,
mortality,,n.,死亡率,,
mortar,,n.,"灰泥,迫击炮 vt用灰泥结合",,
mortgage,,n.,抵押贷款，按揭；抵押证书 vt. 用…作抵押,,
mortify,,vt.,使蒙受屈辱， 使难堪,,
mortise,,n.,榫眼 v用榫接合,,
mosaic,,n.,镶嵌细工，马赛克,,
mosquito,,n.,蚊子,,
moss,,n.,"苔, 藓",,
mote,,n.,"尘埃, 微粒",,
moth,,n.,"蛾, 蛀虫",,
mother,,n.,母亲,,
motif,,n.,"主题,主旨",,
motion,,n.,"运动,动作",,
motionless,,adj.,"不动的, 静止的",,
motivate,,v.,激发,,
motivation,,n.,动机,,
motive,,n.,动机，目的,,
motor,,n.,发动机,,
motorcycle,,n.,"摩托车, 机车",,
mottle,,v.,"使有斑点 n杂色, 斑点",,
mottled,,adj.,有杂色的， 斑驳的,,
motto,,n.,座右铭； 箴言， 格言,,
mouldy,,adj.,"发霉的, 腐朽的, 旧式的",,
mound,,n.,土墩，沙土堆,,
mount,,v.,"登上 n山,峰",,
mountainous,,adj.,"多山的, 巨大的",,
mountainside,,n.,"山腹, 山腰",,
mouse,,n.,鼠,,
mouth,,n.,"口,嘴",,
movable,,adj.,活动的，变动的,,
movie,,n.,电影,,
mow,,v.,割(草),,
mud,,n.,"泥,泥浆",,
muddy,,adj.,"多泥的, 泥泞的",,
mudflats,,n.,泥滩,,
mudstone,,n.,[地]泥岩,,
muggy,,adj.,闷热的,,
mule,,n.,"骡子,十分固执的人",,
multicellular,,adj.,多细胞的,,
multidirectional,,adj.,多方向的,,
multifaceted,,adj.,多层面的,,
multifunctional,,adj.,多功能的,,
multiple,,adj.,多样的 n. 倍数,,
multiplicative,,adj.,倍增的； 乘法的,,
multiplicity,,n.,多样性,,
multiply,,v.,"繁殖, 乘",,
multipurpose,,adj.,"多种用途的, 多目标的",,
multistory,,adj.,"多层的,有多层楼的",,
multitude,,n.,"多数, 群众",,
multivolume,,adj.,多卷的,,
mundane,,adj.,"平凡的, 世俗的",,
municipal,,adj.,市政的,,
mural,,adj.,墙壁的 n壁画,,
muscle,,n.,肌肉,,
muscular,,adj.,肌肉发达的，强壮的,,
muscularly,,adj.,肌肉的,,
muse,,v.,沉思， 冥想 n. 灵感,,
museum,,n.,博物馆,,
mushroom,,n.,蘑菇,,
musical,,adj.,"音乐的,悦耳的",,
musician,,n.,音乐家,,
musicologist,,n.,音乐学者,,
mussel,,n.,"[动]贻贝, 蚌类",,
mustard,,n.,"芥菜, 芥末",,
mute,,adj.,"哑的,不发音的 vt消除(声音)",,
mutoscope,,n.,(早期的)电影放映机,,
mutual,,adj.,"相互的,共有的",,
mutualism,,n.,"互助论,互利共生",,
mutually,,adv.,"互相地, 互助",,
my,,pron.,我的,,
mycology,,n.,[植]真菌学,,
myopic,,adj.,近视的； 缺乏远见的,,
myriad,,adj.,无数的 n无数,,
mysterious,,adj.,神秘的,,
mysteriously,,adv.,"神秘地, 故弄玄虚地",,
mystery,,n.,"神秘,神秘的事物",,
mystical,,adj.,神秘的,,
mystify,,v.,迷惑,,
mystique,,n.,"神秘性,奥秘",,
myth,,n.,神话,,
mythical,,adj.,"神话的, 虚构的",,
mythological,,adj.,神话(学)的,,
mythology,,n.,神话,,
myxoma,,n.,[医]粘液瘤,,
nail,,n.,"指甲,钉子 v. 将钉牢",,
naive,,adj.,天真的,,
naked,,adj.,"裸体的, 无遮盖的",,
name,,n.,名字 v. 命名,,
namely,,adv.,"即,也就是",,
nap,,n.,小睡， 打盹,,
narcosis,,n.,"昏迷状态, 麻醉",,
narcotic,,n.,"麻醉药,镇静剂 adj. 麻醉的",,
narrate,,v.,"叙述,作解说",,
narration,,n.,叙述,,
narrative,,n.,"故事,叙述 adj. 叙述的",,
narrator,,n.,讲述者,,
narrow,,adj.,"狭窄(隘)的,勉强的 v. 变窄,压缩",,
narrower,,adj.,"有限的, 精密的 n. 海峡",,
narrowly,,adv.,"勉强地, 精细地",,
nation,,n.,"国家,民族",,
national,,adj.,"国家的,民族的",,
nationalism,,n.,"民族主义, 国家主义",,
nationalistic,,adj.,国家主义的,,
nationally,,adv.,"全国性地, 在全国范围内",,
nationwide,,adj.,全国性的,,
native,,adj.,"本国的,本土的,当地的 n. 本地人",,
naturalism,,n.,自然主义,,
naturalist,,n.,自然主义者,,
naturalistic,,adj.,"自然的, 自然主义的",,
nature,,n.,"自然(界),本性",,
nauseous,,adj.,恶心的； 令人作呕的， 令人厌恶的,,
naval,,adj.,海军的,,
navigable,,adj.,"可航行的,可操纵的",,
navigate,,v.,"航行,航海",,
navigation,,n.,"航海,航行",,
navigational,,adj.,"导航的, 航行的",,
navigator,,n.,航海家,,
neanderthal,,adv.,穴居人的,,
near,,adv.,在近处 v&prep. 靠(接)近 adj. 接近的,,
nearby,,adj.,"附近的,邻近的 adv. 在附近",,
nearly,,adv.,"几乎,差不多",,
nearness,,n.,"靠近, 接近",,
neat,,adj.,"整洁的, 灵巧的, 优雅的",,
neatness,,n.,"整洁, 干净",,
nebula,,n.,星云,,
nebular,,adj.,[天]星云的,,
necessary,,adj.,"必要的,必然的 n. 必需品",,
necessitate,,v.,"使成为必需,迫使",,
necessity,,n.,"需要,必需品",,
neck,,n.,"脖子, 颈",,
necklace,,n.,项链,,
necrosis,,n.,坏死,,
nectar,,n.,"[希神] 神酒, 任何美味的饮料, 花蜜",,
needle,,n.,"针 v. 缝纫,刺激",,
needlefish,,n.,[动] 颌针鱼(一种长嘴便鳞之海鱼),,
needlelike,,adj.,针状的,,
needless,,adj.,"不需要的, 不必要的",,
needlework,,n.,"刺绣, 缝纫",,
needy,,adj.,"贫困的, 缺乏生活必需品的",,
negate,,v.,"否定, 打消",,
negative,,adj.,"否定的,消极的",,
neglect,,,vt&n. 忽视，忽略,,
negligent,,adj.,忽略的； 疏忽的； 粗心大意的,,
negligible,,adj.,"可以忽略的, 不予重视的",,
negligibly,,adv.,"可忽略不计地, 微不足道地, 极小地",,
negotiate,,v.,"商议, 谈判",,
negotiation,,n.,"商议, 谈判",,
neighbor,,n.,"邻居,邻国",,
neighborhood,,n.,"附近,邻近",,
neither,,,a&pron. 两者都不 conj. 既不也不,,
neoclassical,,adj.,新古典主义的,,
neolithic,,adj.,新石器时代的,,
neon,,n.,[化]氖,,
neonate,,n.,初生婴儿,,
nephew,,n.,"侄子, 外甥",,
neptune,,n.,[天]海王星,,
nerve,,n.,"神经,胆量",,
nervous,,adj.,"紧张的,不安的",,
nest,,v.,做窝，筑巢 n. 巢， 窝,,
nestle,,v.,"依偎,（舒适地）安顿",,
nestling,,n.,"尚未离巢的小鸟,婴孩",,
net,,n.,"网, 网络",,
netherland,,n.,荷兰,,
netherlands,,n.,荷兰[国家],,
network,,n.,"网络,网状物",,
neurilemmal,,adj.,"神经膜的, 神经鞘的",,
neuroglia,,n.,[解]神经胶(质),,
neuron,,n.,"[解]神经细胞,神经元",,
neurospora,,n.,[微]脉孢菌,,
neurotransmitter,,n.,[生化]神经传递素,,
neutral,,adj.,"中立的, 中性的",,
neutrality,,n.,"中立, 中性",,
neutralize,,v.,压制,,
neutron,,n.,中子,,
nevada,,n.,内华达州(美国西部内陆州),,
never,,adv.,"决不,从未",,
nevertheless,,adv.,"尽管如此 conj. 然而,不过",,
nevus,,n.,[医]痣,,
newberry,,n.,纽伯里,,
newborn,,n.,婴儿,,
newcomer,,n.,新来的人；移民,,
newly,,adj.,"重新,最近",,
news,,n.,"新闻,消息",,
newscast,,n.,<美>新闻广播,,
newsletter,,n.,时事通讯,,
newspaper,,n.,报纸,,
newsprint,,n.,新闻纸,,
newsworthy,,adj.,有报导价值的,,
next,,,n&a. 下一个的 prep. 靠近,,
niche,,n.,"壁龛,合适的职务(环境、位置等)",,
nick,,n.,小伤口，刻痕,,
nickel,,n.,"镍, 镍币",,
nickname,,n.,"绰号, 昵称",,
nicotine,,n.,尼古丁,,
night,,n.,"夜,夜晚",,
nightmare,,n.,噩梦； 无法摆脱的恐惧； 可怕的事,,
nighttime,,n.,夜间,,
nile,,n.,尼罗河,,
nimble,,adj.,敏捷的， 灵活的,,
nine,,num.,"九,九个",,
nineteen,,num.,十九,,
ninety,,num.,九十,,
nitinol,,n.,[冶]镍钛诺(镍和钛的非磁性合金),,
nitrate,,n.,"[化]硝酸盐, 硝酸钾",,
nitric,,adj.,"[化]氮的, 含氮的",,
nitrogen,,n.,氮,,
nobility,,n.,"高贵,贵族",,
noble,,adj.,"高尚的,贵族的",,
nobody,,pron.,"无人, 没有任何人",,
nocturnal,,adj.,夜行性的； 夜间发生的,,
nodule,,n.,节结,,
noise,,n.,"喧闹声, 噪声",,
noisily,,adv.,吵闹地,,
noisy,,adj.,"吵杂的, 聒噪的",,
nomad,,n.,"游牧部落的人,流浪者 adj. 游牧的",,
nomadic,,adj.,"游牧的, 流浪的",,
nomadism,,n.,"游牧,流浪",,
nominal,,adj.,名义上的； 微不足道的,,
nominate,,v.,"提名, 推荐",,
nominee,,n.,被提名者， 被任命者,,
nonagricultural,,adj.,非农业的,,
nonchalant,,adj.,"若无其事的, 不关心的, 冷淡的",,
nonconformist,,adj.,不信奉英国国教的 n非国教徒,,
nonconformity,,n.,不信奉国教,,
none,,adv.,"决不,毫不 pron. 一个也没有",,
nonelectronic,,adj.,非电子的,,
nonessential,,adj.,非本质的,,
nonetheless,,adv.,"虽然如此,但是",,
nonfiction,,n.,非小说的散文文学,,
nonfunctional,,adj.,不运行的,,
nonhuman,,adj.,非人类的,,
nonliving,,adj.,"无生命的, 非活体的",,
nonnative,,n.,"非本地的, 非本地人",,
nonporous,,adj.,无细孔的,,
nonproductive,,adj.,非生产性的,,
nonself,,n.,(有机体的)异物,,
nonsense,,n.,"胡说, 废话",,
nonstop,,adj.,"不断的,直达的 adv. 不休息地",,
nonthreatening,,adj.,非胁迫的,,
nontraditional,,adj.,非传统的,,
nonverbal,,adj.,非语言的,,
nor,,conj.,也不,,
norm,,n.,"标准,规范",,
normal,,adj.,"正常的,正规的",,
normally,,adv.,通常地； 正常地,,
norman,,,n&a. 法国诺曼第人(的),,
northeast,,,n&a. 东北(的),,
northeastern,,adj.,"东北方的, 在东北的",,
northern,,adj.,"北方的,北部的",,
northerner,,n.,"北国人, 北方人",,
northward,,adv.,向北 adj. 向北的,,
northwest,,,n&a. 西北方(的),,
norway,,n.,挪威(北欧国家),,
norwegian,,adj.,"挪威的 n挪威人, 挪威语",,
nose,,n.,鼻,,
nostalgia,,n.,"乡愁, 怀旧之情",,
nostalgic,,adj.,"乡愁的, 怀旧的",,
nostril,,n.,鼻孔,,
nosy,,adj.,爱管闲事的， 好打听的,,
notable,,adj.,"值得注意的, 显著的",,
notably,,adv.,显著地；著名地,,
notate,,vt.,以符号表示， 把…写成记号,,
notation,,n.,符号,,
notch,,n.,"槽口,刻痕 v. 刻凹痕",,
note,,n.,"便条,笔记 v. 注意,记录",,
notebook,,n.,"笔记簿, 笔记本",,
noted,,adj.,著名的,,
noteworthy,,adj.,显著的， 值得注目的,,
nothing,,pron.,没有什么 n. 没有 adv. 毫不,,
notice,,n.,通知 v. 注意到,,
noticeable,,adj.,显而易见的,,
noticeably,,adv.,显著地，显然,,
notify,,vt.,通报,,
notion,,n.,"概念,观念,想法",,
notorious,,adj.,臭名昭著的,,
notoriously,,adv.,"臭名昭著地, 众所周知地",,
notwithstanding,,prep.,／ ad尽管,,
nourish,,v.,"滋养, 使健壮,",,
nourishment,,n.,"食物, 营养品",,
nouveau,,adj.,"新近到达的,最近产生的",,
novel,,n.,"小说,长篇故事",,
novelist,,n.,(长篇)小说家,,
novelty,,n.,"新颖, 新奇事物",,
november,,n.,十一月(略作Nov),,
novice,,n.,生手， 新手； 新信徒,,
nowadays,,adv.,"现今, 现在",,
nowcasting,,n.,预告,,
nowhere,,adv.,"无处,任何地方都不",,
noxious,,adj.,有害的,,
nozzle,,n.,"管口, 喷嘴",,
nss,,n.,卫星导航系统(供氮系统),,
nuclear,,adj.,"核子的, 原子能的",,
nucleic,,adj.,核的,,
nucleus,,n.,核子,,
nude,,adj.,裸体的,,
numeral,,n.,数字,,
numeric,,adj.,数字的,,
numerical,,adj.,"数字的, 用数表示的",,
numerous,,adj.,"众多的,许多的",,
nurse,,n.,"护士,保姆 v. 护理,照料",,
nursery,,n.,托儿所,,
nursing,,n.,"看护, 养育",,
nurture,,n.,"养育,教育 v. 养育,给与营养物",,
nut,,n.,坚果,,
nutrient,,n.,营养品 adj. 营养的,,
nutrition,,n.,"营养, 营养学",,
nutritional,,adj.,"营养的,滋养的",,
nutritionally,,adv.,"在营养上, 营养方面",,
nutritionist,,n.,营养学家,,
nutritious,,adj.,"有营养的, 滋养的",,
nutritive,,adj.,营养的 n. 营养物,,
nylon,,n.,尼龙,,
nystatin,,n.,[微]制霉菌素,,
oak,,n.,"橡树,橡木",,
oakland,,n.,奥克兰(美国加利福尼亚州西部城市),,
oasis,,n.,"(沙漠中)绿洲,舒适的地方",,
oat,,n.,"[植]燕麦, 麦片粥",,
obedience,,n.,"服众, 顺从",,
obedient,,adj.,"顺从的,孝顺的",,
obey,,v.,"服从, 顺从",,
obituary,,n.,讣闻， 讣告,,
objectify,,v.,"使客观化,具体化",,
objective,,n.,"目标,目的a客观的",,
objectively,,adv.,客观地,,
obligate,,v.,使负义务 a有责任的,,
obligation,,n.,"义务, 职责, 债务",,
oblige,,v.,迫使；施恩于,,
obliterate,,v.,"涂去, 删除, 使湮没",,
oblivious,,adj.,"没注意到, 健忘的",,
oblong,,adj.,矩形的，长方形的；椭圆形的 n. 矩形， 长方形； 椭圆形,,
obscene,,adj.,淫秽的， 下流的； 骇人听闻的； 可憎的， 可恶的,,
obscure,,adj.,"暗的 vt使暗,使不明显",,
observation,,n.,"观察,观测",,
observatory,,adj.,"天文台,气象台",,
observe,,v.,"注意到,观察,监视",,
observer,,n.,"观测者, 观察员",,
obsess,,v.,"迷住, 使困扰",,
obsession,,n.,"迷住, 困扰",,
obsidian,,n.,[矿]黑曜石,,
obsolete,,adj.,"已废弃的, 过时的",,
obstacle,,n.,"障碍, 妨害物",,
obstruct,,v.,阻塞，堵塞,,
obstruction,,n.,"阻塞, 妨碍",,
obtain,,v.,"获得,得到",,
obvious,,adj.,"明显的,显而易见的",,
obviously,,adv.,明显地,,
occasion,,n.,"场合,时机",,
occasional,,adj.,"偶然的,临时的",,
occasionally,,adv.,"有时候,偶而",,
occupancy,,n.,占有,,
occupant,,n.,"占有者, 居住者",,
occupation,,n.,"职业, 占有",,
occupational,,adj.,职业的,,
occupy,,v.,"占,占领",,
occur,,vi.,发生， 出现； 存在于,,
occurrence,,n.,"发生,出现",,
oceania,,n.,大洋洲,,
oceanic,,adj.,海洋的,,
oceanographer,,n.,"海洋学者, 海洋研究者",,
oceanographic,,adj.,海洋学的,,
oceanography,,n.,海洋学,,
ocher,,n.,"黄土, 赭土",,
october,,n.,十月(略作Oct),,
octopus,,n.,章鱼,,
odd,,adj.,"奇特的,奇数的 n. [ pl]机会",,
odor,,n.,气味,,
odorous,,adj.,有气味的， 难闻的； 香的， 芬芳的,,
off,,adv.,"掉(下),离开,停止",,
offend,,v.,"犯罪, 冒犯",,
offensive,,adj.,"冒犯的, 无礼的",,
offer,,,"n&vt. 给予,提供",,
offering,,n.,"提供, 奉献物",,
office,,n.,"办公室,事务所",,
officeholder,,n.,"官员,公务员",,
official,,n.,"官员 adj. 官方的,正式的",,
officially,,adv.,"职务上, 正式",,
officious,,adj.,爱发号施令的， 爱指手画脚的,,
offset,,v.,补偿，抵消,,
offshoot,,n.,"分支, 支流",,
offshore,,,"a&ad. 离岸的,近海的",,
offspring,,n.,"儿女,子孙",,
oft,,adv.,"常常, 再三",,
ogallala,,n.,奥加拉拉(美国地名),,
ohio,,n.,俄亥俄州(美国州名),,
oilskin,,n.,"油布, 防水布",,
oily,,adj.,"油的, 油滑的",,
oklahoma,,n.,俄克拉荷马州,,
olfactory,,adj.,嗅觉的,,
olive,,n.,橄榄树,,
oliver,,n.,脚踏铁槌,,
omission,,n.,"冗长,疏漏",,
omit,,v.,"省略,遗漏",,
omnibus,,n.,"公共汽车, 精选集 a综合性的",,
omnipotent,,adj.,"全能的, 无所不能的",,
once,,adv.,"一次,曾经 conj. 一旦…(就…)",,
oneness,,n.,"单一, 统一",,
onetime,,adj.,"从前的, 一度的 adv. 从前",,
ongoing,,adj.,正在进行的,,
onion,,n.,洋葱,,
onlooker,,n.,旁观者,,
onrushing,,adj.,猛冲的,,
onset,,n.,开始；攻击,,
onslaught,,n.,冲击,,
onstage,,adj.,"台上的,舞台表演区的",,
ontario,,n.,安大略湖[北美洲],,
onto,,prep.,在之上,,
onward,,adj.,"向前的 adv. 向前,在前面",,
ooze,,n.,软泥 v渗出,,
opal,,n.,蛋白石,,
opaque,,adj.,"不透明的,难懂的",,
open,,adj.,"开的,开放的 v. 开",,
opening,,n.,"开口, 开始",,
openly,,adv.,"不隐瞒地, 公然地",,
opera,,n.,歌剧,,
operant,,adj.,运转中的；生效的；操作性的 n. 起作用的人,,
operate,,v.,"操作,运转",,
operation,,n.,"运转,操作,实施",,
operational,,adj.,"操作的, 运作的",,
operator,,n.,"操作员, 技工",,
opinion,,n.,"意见,看法",,
opponent,,adj.,对立的 n. 对手,,
opportunist,,n.,"机会主义者,投机取巧者",,
opportunistic,,adj.,"机会主义的, 投机取巧的",,
opportunity,,n.,机会,,
oppose,,v.,"反对,对抗",,
opposed,,adj.,反对的； 截然不同的,,
opposite,,adj.,"相对的,对面的 n. 相反的事物",,
oppositely,,adv.,"相反地, 相对地",,
opposition,,n.,"反对,相反",,
oppressive,,adj.,压迫的， 压制的； 令人焦虑的,,
optic,,adj.,眼的；视觉的；光学上的 n. 光学仪器,,
optical,,adj.,"视觉的, 光学的",,
optimal,,adj.,最理想的,,
optimistic,,adj.,乐观的,,
optimization,,n.,"最佳化, 最优化",,
optimize,,vt.,使最优化； 充分利用,,
optimum,,,n&a. 最适宜(的),,
option,,n.,"选项, 选择权",,
optional,,adj.,可以任选的， 非强制的,,
optometrist,,n.,"验光师, 视力测定者",,
oral,,adj.,口头的,,
orange,,n.,橘子,,
oratorio,,n.,清唱剧， 宗教剧,,
orbit,,n.,轨道 v. (绕…)作轨道运行,,
orbital,,adj.,轨道的,,
orchestra,,n.,管弦乐队,,
orchestral,,adj.,"管弦乐的,管弦乐队的",,
orchid,,n.,兰花,,
ordeal,,n.,折磨； 严峻考验,,
orderly,,adj.,整齐的，有秩序的,,
ordinal,,adj.,序数的；顺序的 n. 序数词,,
ordinance,,n.,法令，条例,,
ordinarily,,adv.,平常地；普通地,,
ordinary,,adj.,"平常的,普通的",,
ordinate,,n.,纵坐标,,
ordnance,,n.,军火,,
ore,,n.,矿石,,
oregon,,n.,俄勒冈州(美国州名),,
organ,,n.,"器官,机构",,
organic,,adj.,"有机(体)的,有机物的",,
organically,,adv.,"器官上地, 有机地",,
organism,,n.,生物， 有机物； 有机体,,
organization,,n.,"组织,机构,团体",,
organizational,,adj.,组织的,,
organize,,v.,"组织,安排",,
orient,,v.,"使适应,使朝向 n东方",,
orientation,,n.,方向，目标,,
origin,,n.,"起源,来源",,
original,,adj.,"原始的,最初的",,
originality,,n.,独创性,,
originally,,adv.,"最初,原先",,
originate,,v.,"起源于,创始",,
originator,,n.,"创始人, 发起人",,
orleans,,n.,奥尔良[法国],,
ornament,,,"n&vt. 装饰(品),美化",,
ornamental,,adj.,装饰的 n装饰品,,
ornamentation,,n.,装饰,,
ornate,,adj.,"华丽的, 装饰的",,
ornithology,,n.,鸟类学,,
orogeny,,n.,[地] 山岳之形成,,
orphanage,,n.,"孤儿院, 孤儿身份",,
orthodox,,adj.,传统的； 正统的,,
orthopteran,,n.,直翅类的昆虫,,
oscillate,,v.,振荡,,
osprey,,n.,"白色的羽毛, 鱼鹰",,
ostracize,,v.,"(古希腊)贝壳放逐法, 放逐, 排斥",,
ostrich,,n.,鸵鸟,,
otherwise,,conj.,"否则 adv. 否则,除此以外",,
otter,,n.,"水獭, 水獭皮",,
ought,,aux.,"应当, 应该",,
ounce,,n.,盎司,,
our,,pron.,我们的,,
ourselves,,pron.,我们自己,,
oust,,v.,"剥夺,取代,罢免",,
outbreak,,n.,"爆发, 发作",,
outbuilding,,n.,"[建]外屋, (指车库, 谷仓等)",,
outcome,,n.,"结果, 成果",,
outcrop,,n.,露出地面的岩层,,
outcry,,n.,大声疾呼,,
outdoor,,adj.,"室外的, 户外的",,
outermost,,adj.,"最外方的,离中心最远的",,
outfit,,n.,"用具, 全套装配, vt配备, 装备",,
outflow,,n.,流出(物),,
outgas,,vt.,除去气,,
outgassing,,n.,除气 v除气 a释气的,,
outgoing,,adj.,外向的,,
outlaw,,vt.,宣布…为非法 n. 罪犯， 歹徒， 亡命之徒； 被剥夺法律权益者,,
outlet,,n.,"出口, 出路",,
outline,,n.,"大纲 v. 描画轮廓,略述",,
outlive,,vt.,比…长命， 比…耐久,,
outlook,,n.,"景色, 展望",,
outlying,,adj.,远离中心的，偏僻的,,
outnumber,,v.,"数目超过, 比多",,
outpouring,,n.,"倾泄, 流出, 流露",,
output,,n.,"产量,输出",,
outrage,,n.,暴行；,,
outrageous,,adj.,残暴的； 骇人的； 反常的， 过度的,,
outrageously,,adv.,令人不能容忍地； 肆无忌惮地,,
outrigger,,n.,(承力外伸)支架,,
outright,,adj.,"直率的, 彻底的 ad直率地, 彻底地",,
outside,,,"prep&n&ad&a. (在,向)的外面(的)",,
outsider,,n.,"外行, 局外人",,
outskirt,,n.,"外边, 郊区",,
outspoken,,adj.,直言不讳的， 坦率的,,
outstanding,,adj.,"优秀的, 突出的,",,
outward,,adj.,外表(面)的 adv. 向外,,
outwash,,n.,[地质]冰水沉积,,
outweigh,,v.,在重量(或价值等)上超过,,
outwit,,v.,"瞒骗, 以智取胜",,
outwork,,n.,外包活,,
oval,,,"n&a. 卵形(的), 椭圆(的)",,
oven,,n.,烤箱,,
overact,,v.,把表演得过火； 表现做作,,
overall,,adj.,"全部的,全面的",,
overbalance,,v.,失去平衡,,
overburden,,v.,"装载过多, 负担过多",,
overcast,,v.,"遮盖,变暗 n. 覆盖, 阴天",,
overcharge,,v.,"讨价过高,夸张,过度充电",,
overcome,,v.,"战胜,克服",,
overconfident,,adj.,"自负的, 过于自信的",,
overcrowd,,v.,过度拥挤,,
overcultivation,,n.,耕种过度,,
overdue,,adj.,过期未付的， 逾期的； 过度的， 过火的； 迟到的， 延误的,,
overestimate,,,vt&n. 评价过高,,
overexploitation,,n.,"(对资源等的)过度开采,(对工人等的)过度剥削",,
overflow,,v.,泛滥， 溢出 n. 溢出； 容纳不下的物,,
overgeneralize,,v.,太笼统地概括,,
overgraze,,vt.,使过度放牧,,
overgrow,,v.,长满,,
overhang,,v.,"悬于之上,悬垂 n. 屋檐",,
overhaul,,n.,仔细检查； 彻底检修 vt. 仔细检查； 彻底检修,,
overhead,,,ad& a. 在头顶上(的),,
overheat,,v.,使过热， 变得过热,,
overirrigation,,n.,过量灌溉,,
overkill,,n.,过度的杀伤威力 v. 超量杀伤,,
overland,,adj.,"/ad经过陆地的, 陆上的",,
overlap,,v.,"重叠, 重复",,
overlie,,v.,躺在上面,,
overload,,v.,使超载 n超载,,
overlook,,,"v&n. 俯瞰,忽视",,
overly,,adv.,"过度地, 极度地",,
overnight,,,ad& a. (在)整夜(的)；突然(的),,
overprint,,,"vt& n. 套印, 印戳",,
overproduction,,n.,生产过剩,,
override,,v.,不顾，否决,,
overrun,,n.,"泛滥成灾 v超过, 泛滥",,
oversea,,adj.,"外国的, 海外的",,
overseas,,adv.,在海外，在国外 adj. 海外的， 国外的,,
oversee,,v.,监督，监管,,
overshadow,,v.,"遮蔽, 使失色",,
oversight,,n.,"疏忽, 看管",,
oversleep,,v.,睡过头； 睡得过久,,
overt,,adj.,"明显的, 公然的",,
overtake,,v.,追上，超过,,
overtax,,v.,"课税过重, 使负担过度",,
overtime,,n.,超时,,
overtone,,n.,寓意；眩外音；暗示,,
overturn,,n.,"倾覆, 破灭 v. 推翻, 颠倒",,
overview,,n.,梗概， 概述,,
overwhelm,,v.,"打击, 压倒, 打败",,
overwhelmingly,,adv.,"压倒性地, 不可抵抗地",,
owe,,v.,"欠(债等),感激",,
owl,,n.,猫头鹰,,
ownership,,n.,"所有权, 物主身份",,
ox,,n.,"牛, 公牛",,
oxfordshire,,n.,牛津郡[英国],,
oxide,,n.,氧化物,,
oxidizable,,adj.,可氧化的,,
oxygen,,n.,氧,,
oyster,,n.,"牡蛎,蚝",,
oystercatcher,,n.,〈动〉蛎鹬,,
pace,,n.,步调 v踱步,,
pacific,,n.,太平洋,,
pacifier,,n.,调停者，和解人,,
pack,,v.,"捆扎,打包 n. 包",,
package,,n.,"包裹, 包 v. 打包",,
packed,,adj.,拥挤的； 压紧的,,
packer,,n.,"包装工人, 打包机",,
pact,,n.,协议， 条约， 公约,,
paddle,,n.,"短桨, 划桨 v划桨,拌",,
page,,n.,"页,记录",,
pain,,n.,痛苦 v. 使痛苦,,
painful,,adj.,"疼痛的,使痛苦的",,
painstaking,,n.,"辛苦 adj. 辛苦的, 辛勤的",,
painter,,n.,"画家,油漆匠",,
pair,,n.,"一对,一双",,
pakistan,,n.,巴基斯坦(南亚国家),,
palace,,n.,"宫, 宫殿",,
palatable,,adj.,味美的,,
palate,,n.,上腭； 味觉， 品尝力,,
pale,,adj.,苍白的；淡的 vi变得苍白，变得暗淡,,
paleoecologist,,n.,古生态学家,,
paleolithic,,adj.,旧石器时代的,,
paleontologist,,n.,古生物学者,,
palimpsest,,n.,重写本,,
palm,,n.,"手掌,掌状物",,
pamphlet,,n.,小册子,,
pancreas,,n.,[解]胰腺,,
pancreatic,,adj.,"胰的,胰腺的",,
pane,,n.,窗格玻璃；长方块,,
panel,,n.,"面，板,专门小组",,
pangaea,,n.,"泛古陆, 泛大陆",,
panhandle,,n.,狭长地带 v乞讨,,
panic,,n.,恐(惊)慌 v(使)恐慌,,
panorama,,n.,全景， 全貌； 概观， 综述,,
pant,,v.,喘 n. 喘息,,
pantomime,,n.,哑剧,,
pantomimic,,adj.,哑剧的,,
pants,,n.,内裤， 短裤； 裤子,,
paper,,n.,"纸,报纸",,
paperback,,n.,"平装本, 纸面本",,
parachute,,v.,跳伞； 空投 n. 降落伞,,
parade,,n.,"游行,炫耀 v. 游行,炫耀",,
paradigm,,n.,范例,,
paradox,,n.,"似非而是的论点, 自相矛盾的话",,
paradoxically,,adv.,"相矛盾地,似非而是地",,
parallel,,n.,"相似处；平行线 adj. 平行的,类似的",,
paralyze,,v.,"使瘫痪, 使麻痹",,
parameter,,n.,参量， 参数； 界限， 范围,,
paramount,,adj.,极为重要的,,
paraphrase,,v.,解释 n. 释义,,
parasite,,n.,寄生虫,,
parasitic,,adj.,"寄生的, 由寄生虫引起的",,
parasitism,,n.,"寄生状态, 寄生病",,
parcel,,n.,"包裹 vt打包, 捆扎",,
pardon,,v.,"原谅,宽恕 n. 原谅",,
parent,,n.,父母亲,,
parental,,adj.,父母的,,
paris,,n.,巴黎,,
parish,,n.,教区,,
parisian,,,n&a. 巴黎(人)(的),,
park,,n.,公园 v. 停放(汽车等),,
parking,,n.,机动车停放； 停车场,,
parkway,,n.,"公园道路, 驾车专用道路",,
parliament,,n.,"国会, 议会",,
parlor,,n.,"客厅,会客室",,
parrot,,n.,鹦鹉,,
part-time,,adj.,兼职的； 部分时间的,,
partial,,adj.,"部分的,局部的",,
partially,,adv.,部分地,,
participant,,n.,参与者,,
participate,,v.,"参与, 参加",,
participation,,n.,参加，参与,,
participator,,n.,参加者,,
particle,,n.,"微粒,极小量",,
particular,,adj.,特定的；独特的；详细的；挑剔的 n. 详情， 细目,,
partition,,v.,"区分, 分割 n分割, 划分",,
partly,,adv.,在一定程度上，部分地,,
partner,,n.,合伙人,,
partnership,,n.,合伙(关系),,
party,,n.,"政党,聚会",,
pass,,v.,"通过,经过",,
passageway,,n.,"过道,出入口",,
passenger,,n.,乘客,,
passion,,n.,激情，热情,,
passive,,adj.,"被动的,消极的",,
past,,adj.,"以前的 prep&ad. 经过,过 n. 过去",,
paste,,v.,粘贴；拼贴 n. 面团； 糨糊,,
pastel,,adj.,彩色蜡笔的；柔和的 n. 彩色蜡笔,,
pasteurization,,n.,"加热杀菌法, 巴斯德杀菌法",,
pastoral,,adj.,田园生活的，宁静的,,
pastoralism,,n.,"田园主义,牧歌体",,
pastoralist,,n.,"田园诗的作者,牧民",,
pasture,,n.,牧草地，牧场 vt放牧,,
patch,,n.,"补丁 vt补,修补",,
patchy,,adj.,"补丁的, 不调和的",,
patent,,,n&a. 专利(权)(的),,
path,,n.,"小路, 路线",,
pathetic,,adj.,可怜的， 引起怜悯的， 令人怜惜的,,
pathogen,,n.,"[微生物]病菌, 病原体",,
pathological,,adj.,病态的； 病理学的； 不理智的， 无道理的,,
pathology,,n.,病理学,,
pathway,,n.,"路, 径",,
patience,,n.,"耐性, 忍耐",,
patient,,n.,病人 adj. 耐心的,,
patriarch,,n.,"家长, 族长, 创办人",,
patriarchal,,adj.,"家长的, 族长的",,
patriarchic,,adj.,家长的， 族长的； 德高望重的,,
patriarchy,,n.,父权制， 父系社会， 家长统治,,
patricia,,n.,帕特丽夏（女子名）,,
patriot,,n.,爱国者,,
patrol,,v.,"出巡, 巡逻",,
patron,,n.,资助人，赞助人,,
patronage,,n.,赞助；光顾(买东西),,
patronize,,v.,以高人一等的态度对待； 光顾； 赞助， 资助,,
pattern,,n.,模式，方式；样式，图案；样品，样本 vt. 仿制； 使形成， 促成,,
patty,,n.,"小馅饼,",,
paucity,,n.,极小量,,
pause,,,n&v. 中止， 暂停,,
pave,,v.,"铺,安排",,
pavement,,n.,"人行道, 公路",,
pavlova,,n.,奶油水果蛋白饼,,
pawnee,,n.,波尼族人(语),,
pay,,v.,"付款,给予(注意等),付出代价 n. 工资",,
paycheck,,n.,"薪水支票, 工资",,
payment,,n.,"付款, 报酬, 偿还",,
peace,,n.,"和平, 安静",,
peaceful,,adj.,"a 和平的, 平静的",,
peacefully,,adv.,"平静地, 和平地",,
peacetime,,n.,和平时期 adj. 和平时期的,,
peach,,n.,桃(树),,
peak,,n.,"山顶,顶点",,
peal,,n.,钟声 v(使)鸣响,,
pear,,n.,"梨子, 梨树",,
pearl,,n.,珍珠,,
pearly,,adj.,珍珠似的,,
peart,,adj.,"有精神的, 快活的",,
peasant,,n.,农夫,,
peat,,n.,"泥煤, 泥炭块",,
pebble,,n.,"小圆石,小鹅卵石",,
peck,,,"vt& n. 啄,小口地吃",,
peculiar,,adj.,"奇怪的, 特殊的, 独特的",,
peculiarity,,n.,"特性, 怪癖",,
peculiarly,,adv.,"古怪地, 特有地",,
pedagogic,,adj.,"教师的, 教育学的, 教授法的",,
pedagogical,,adj.,教学(法)的,,
pedagogy,,n.,"教学, 教授",,
pedal,,n.,踏板 v. 踩的踏板,,
peddler,,n.,"小贩, 传播者",,
pedestrian,,n.,步行者，行人,,
peep,,,"n&vi. 窥视, 偷看",,
peepshow,,n.,西洋镜,,
peg,,n.,小钉 v. 钉，固定,,
pella,,n.,斗篷,,
pellet,,n.,小球,,
pelt,,n.,"投掷, 毛皮 v剥的皮, 投掷",,
pen,,n.,钢笔 v. 写,,
penal,,adj.,刑事的,,
penalty,,n.,"处罚, 罚款",,
penchant,,n.,喜好(倾向),,
pencil,,n.,铅笔,,
pendant,,n.,"垂饰, 下垂物",,
penetrate,,v.,"穿透,渗透,看穿",,
penetration,,n.,"穿过, 渗透, 突破",,
penicillin,,n.,[微]青霉素（一种抗菌素，音译名为盘尼西林）,,
peninsula,,n.,半岛,,
penmanship,,n.,书法,,
pennsylvania,,n.,宾夕法尼亚州（美国州名）,,
pennycress,,n.,[植]菥蓂,,
pensive,,adj.,沉思的； 忧虑的,,
pentagon,,n.,"五角形, 五边形",,
pepper,,n.,胡椒粉,,
per,,prep.,"每,每一",,
perceivable,,adj.,可知觉的,,
perceive,,v.,"察觉,感知",,
percentage,,n.,"百分数, 百分率",,
perception,,n.,"观念,洞察力,认识能力",,
perceptive,,adj.,"感知的,知觉的",,
perceptual,,adj.,"感性的,知觉的",,
perch,,n.,栖息处 v暂栖，停留,,
percolate,,n.,"滤过之液体,滤液 v. 过滤",,
percussion,,n.,"碰撞, 打击乐器",,
percussive,,adj.,"冲击的,叩诊的",,
peregrine,,n.,"游隼 a外来的,移住的",,
perennial,,adj.,"终年的, 长期的",,
perfect,,adj.,"完美的 v. 使完美,修改",,
perfection,,n.,"尽善尽美, 完美, 完成",,
perfectly,,adv.,理想地；完美地,,
perform,,v.,"执行,履行,表演",,
performance,,n.,"履行,执行,表演",,
performer,,n.,表演者,,
perfume,,n.,"芳香,香水 v. 使发香,洒香水于",,
perhaps,,adv.,"也许,可能",,
perimeter,,n.,"[树数] 周长, 周界",,
periodic,,adj.,"周期的,定期的",,
periodical,,adj.,"周期的, 定期的 n期刊, 杂志",,
periodization,,n.,(历史等的)时期(或时代)划分,,
peripheral,,adj.,"外围的,不重要的",,
periphery,,n.,外围,,
perish,,v.,丧生，消亡,,
perishable,,adj.,容易腐烂的,,
perm,,v.,/n电烫（头发）,,
permafrost,,n.,[地]永久冻结带,,
permanence,,n.,"永久, 持久",,
permanent,,adj.,"永久的,持久的",,
permeability,,n.,渗透性,,
permeable,,adj.,"有浸透性的, 能透过的",,
permeate,,v.,"弥漫, 渗透",,
permian,,,n&a. [地]二叠纪(的),,
permineralization,,n.,完全矿化,,
permission,,n.,"许可, 允许",,
permit,,n.,"通行证,执照 v. 许可,允许",,
pernicious,,adj.,有害的， 恶性的,,
perpendicular,,adj.,成直角的，垂直的 n. 垂直线,,
perpetual,,adj.,连续不断的； 永久的， 长期的,,
perpetuate,,v.,"使永存, 使不朽",,
perplex,,v.,使困惑，使费解,,
perquisite,,n.,津贴， 利益； 特权,,
perry,,n.,梨子酒,,
persevere,,v.,坚持,,
persian,,n.,波斯人[语],,
persist,,v.,"坚持, 持续",,
persistent,,adj.,持久稳固的,,
person,,n.,人,,
personal,,adj.,"私人的,个人的",,
personality,,n.,"人格,个性",,
personalize,,v.,"个人化, 私人化",,
personally,,adv.,亲自；就个人来说,,
personnel,,n.,"人员, 职员",,
perspective,,n.,"视角,观点,远景",,
perspicuous,,adj.,明白易懂的； 明了的,,
persuade,,v.,"说服, 劝说, (使)相信",,
persuasion,,n.,"说服, 说服力",,
persuasive,,n.,说服者a善说服的,,
persuasively,,adv.,有说服力的,,
pertain,,v.,"适合, 属于",,
pertinent,,adj.,"有关的,相干的",,
peru,,n.,秘鲁,,
peruvian,,,n&a. 秘鲁人(的),,
pervasive,,adj.,"普遍的,深入的",,
pesky,,adj.,讨厌的，烦人的,,
pest,,n.,害虫,,
pesticide,,n.,杀虫剂， 农药,,
pestilential,,adj.,"引起瘟疫的, 有害的",,
pet,,n.,宠物,,
petal,,n.,花瓣,,
petiole,,n.,"叶柄, 柄部",,
petition,,v.,请愿， 正式请求 n. 请愿；请愿书；诉状,,
petrifaction,,n.,"石化, 化石",,
petrify,,v.,"石化,吓呆",,
petrochemical,,adj.,石化的 n. 石化产品,,
petroleum,,n.,石油,,
petticoat,,n.,"衬裙, 裙子",,
pharaoh,,n.,法老,,
pharmacy,,n.,"药房, 药剂学",,
phase,,n.,"阶段,方面",,
phenomenal,,adj.,"现象的,显著的",,
phenomenon,,n.,现象,,
pheromone,,n.,<生化>信息素,,
philadelphia,,n.,费城(美国宾西法尼亚州东南部港市),,
philanthropist,,n.,"慈善家,博爱的人",,
philippine,,adj.,"菲律宾的, 菲律宾人的",,
philology,,n.,"语言学, 文献学",,
philosopher,,n.,"哲学家, 哲人",,
philosophic,,adj.,"哲学的, 哲学家的",,
philosophical,,adj.,"哲学的, 达观的",,
philosophy,,n.,哲学,,
phoenix,,n.,"凤凰,完人",,
phonetic,,adj.,"语音的,语音学的",,
phonograph,,n.,"留声机, 电唱机",,
phosphate,,n.,磷酸盐,,
phosphorescence,,n.,磷光,,
phosphorus,,n.,磷,,
photo,,n.,照片,,
photodissociation,,n.,"[物][化]光离解,光解 (作用)",,
photoflash,,n.,（照相）闪光灯,,
photogrammetry,,n.,照相测量法,,
photograph,,n.,"照片,相片 v. 拍照",,
photographer,,n.,摄影师,,
photography,,n.,摄影,,
photojournalism,,n.,摄影新闻工作,,
photosphere,,n.,光球,,
photosynthesis,,n.,光合作用,,
phylum,,n.,"(生物分类学上的)门, 语群",,
physic,,n.,医术 vt. 治愈,,
physical,,adj.,物理的；物质的，有形的；身体的，肉体的 n. 体检,,
physically,,adv.,身体上地,,
physician,,n.,"医师, 内科医师",,
physicist,,n.,"物理学者, 唯物论者",,
physics,,n.,物理学,,
physiological,,adj.,生理(学)的,,
physiologically,,adv.,"生理上, 在生理学上",,
physiology,,n.,生理学,,
phytoremediation,,n.,"植物除污, 植物治理法",,
pianist,,n.,钢琴家,,
piano,,n.,钢琴,,
pick,,v.,"挑选,采摘",,
pickaxe,,n.,"鹤嘴锄, 手镐",,
picky,,adj.,挑剔的， 难以取悦的,,
picnic,,n.,野餐,,
pictorial,,adj.,图示的 n. 画报,,
picture,,n.,"画,照片 v. 描绘,构想",,
picturesque,,adj.,如画的； 别致的； 生动的,,
piece,,n.,"片,块 v. 拼合(凑)",,
piecework,,n.,计件工作,,
pierce,,v.,刺穿,,
pig,,n.,猪,,
pigeon,,n.,鸽子,,
pigment,,n.,"天然色素,颜料",,
pigmentation,,n.,染色,,
pike,,n.,"长枪, 梭子鱼 vt用矛刺穿",,
pile,,n.,一堆，一叠 v堆积,,
piling,,n.,"打桩, 打桩工程",,
pillar,,n.,"柱子, 栋梁",,
pillow,,n.,"枕头, 枕垫 v. 枕着",,
pilot,,n.,"飞行员, 领航员",,
pin,,n.,"钉, 栓 vt钉住, 牵制",,
pinch,,n.,"捏, 撮 v夹痛,节省",,
pine,,n.,松(树) vi消瘦,,
pinhead,,n.,"针头, 小东西",,
pinhole,,n.,"针孔, 小孔",,
pink,,,n&a. 粉红色(的),,
pinnacle,,n.,山顶， 顶峰； 鼎盛时期； 小尖塔,,
pinniped,,adj.,鳍足类的,,
pinon,,n.,"矮松, 矮松果",,
pinpoint,,v.,"确定,精确地定位 adj. 十分精确的",,
pioneer,,n.,"先驱者,创始人 v. 开拓(创)",,
pipe,,n.,管子,,
pipeline,,n.,"管道, 传递途径",,
pique,,n.,"生气, 愤怒",,
piracy,,n.,海盗行为； 抢劫行为； 剽窃行为,,
pistachio,,n.,[植]阿月浑子树,,
piston,,n.,活塞,,
pit,,n.,"深坑,陷阱v窖藏,使凹下",,
pitch,,n.,"球场,强度v扔,猛然倒下",,
pity,,v.,"可怜 n怜悯, 同情",,
pivot,,n.,枢轴 v. 在枢轴上转动,,
pivotal,,adj.,"重要的, 轴的",,
placental,,adj.,胎盘的 n有胎盘哺乳动物,,
placid,,adj.,平静的， 安静的； 温和的， 文静的,,
plague,,n.,"瘟疫,麻烦 v. 折磨, 使苦恼",,
plain,,n.,"平原,草原 adj. 清晰的,简单的",,
plainspoken,,adj.,"老实说的,直言的",,
plaint,,n.,"[诗]悲叹, 抱怨",,
plan,,n.,"计划 v. 计划,设计",,
plane,,n.,"平面,飞机",,
planet,,n.,行星,,
planetarium,,n.,天文馆,,
planetary,,adj.,行星的,,
plank,,n.,厚木板(条),,
plankton,,n.,浮游生物,,
plantation,,n.,"种植园,人工林",,
plantlike,,adj.,似植物的,,
plaque,,n.,匾额； 牙斑,,
plasma,,n.,血浆,,
plaster,,n.,石膏 vt敷以膏药,,
plastic,,n.,塑料(制品) adj. 塑胶的,,
plasticity,,n.,"可塑性, 塑性",,
plate,,n.,"盘子,碟",,
plateau,,n.,"高地, 高原",,
platelet,,n.,[解] 血小板,,
platform,,n.,"站台, 讲台",,
platitude,,n.,陈词滥调,,
platitudinous,,adj.,"平凡的, 陈腐的",,
platypus,,n.,[动]鸭嘴兽,,
plaudit,,n.,喝彩；赞美,,
plausible,,adj.,似真实合理的,,
playful,,adj.,爱玩耍的；幽默的,,
playground,,n.,"运动场, 操场",,
playwright,,n.,剧作家,,
plaza,,n.,广场，集市,,
pleasant,,adj.,"令人愉快的,舒适的",,
pleasantly,,adv.,令人愉快地；舒适地,,
please,,adv.,请 v使高兴,,
pleasing,,adj.,令人高兴的， 愉快的,,
pleasure,,n.,"愉快,乐趣",,
pleistocene,,,n&a. [地]更新世(的)(一段时期),,
plentiful,,adj.,"丰富的,充裕的",,
plentifully,,adv.,"丰富地,富裕地",,
plenty,,n.,"丰富, 大量",,
plethora,,n.,"过剩,过量",,
pliable,,adj.,柔顺的,,
pliant,,adj.,柔软的； 温顺的； 易受影响的,,
plight,,n.,困境,,
plot,,n.,"小块土地,(小说的)情节vt密谋",,
plover,,n.,千鸟,,
plow,,v.,"耕, 犁",,
ploy,,n.,花招，手段,,
pluck,,n.,"勇气v拔, 采集",,
plug,,v.,塞 n插头,,
plum,,n.,"[植] 李子, 洋李",,
plumage,,n.,鸟类羽毛,,
plumb,,v.,"（用铅垂）测量,探测",,
plummet,,n.,铅锤 vi垂直落下,,
plump,,adj.,微胖的； 丰满的,,
plunge,,,"v& n. 投入, 跳进",,
pluralism,,n.,"复数, 兼职",,
plus,,prep.,加上 a正的,,
pluto,,n.,"冥王星, 阴间之神",,
plutonic,,adj.,火成岩的,,
pocket,,n.,衣袋，小袋,,
pocketbook,,n.,钱袋， 皮夹； 财政状况， 财力,,
podium,,n.,讲坛， 讲台； 指挥台,,
poem,,n.,诗,,
poet,,n.,诗人,,
poetic,,adj.,诗歌的,,
poetry,,n.,诗,,
poikilotherm,,n.,"[动]变温动物,冷血动物",,
poikilothermic,,adj.,"[动]变温的, 冷血动物的",,
pointe,,n.,（芭蕾舞中的）足尖舞,,
pointed,,adj.,尖的， 尖角的； 尖锐的， 尖刻的,,
pointillist,,n.,点彩派画家,,
poison,,n.,毒药vt 下毒,,
poisonous,,adj.,"有毒的, 恶意的",,
polar,,adj.,"(近)地极的,对立的",,
polarity,,n.,极性,,
polarize,,v.,"(使)偏振, (使)极化",,
pole,,n.,"柱,地极",,
police,,n.,警察 vt管辖 a警察的,,
policy,,n.,"政策,方针",,
polish,,v.,磨光，擦亮,,
politely,,adv.,有礼貌地,,
political,,adj.,"政治的,政党的",,
politically,,adv.,政治上地,,
politician,,n.,"政治家,政客",,
politics,,n.,"政治,政治学",,
poll,,n.,"民意测验, 投票",,
pollen,,n.,花粉,,
pollinate,,v.,对授粉,,
pollination,,n.,授粉,,
pollinator,,n.,授花粉器,,
pollutant,,n.,污染物质,,
pollute,,v.,"弄脏, 污染",,
pollution,,n.,污染,,
polychrome,,adj.,彩饰的 n多彩艺术品,,
polygamous,,adj.,一夫多妻的， 一妻多夫的,,
polygamy,,n.,一夫多妻制， 一妻多夫制， 多配偶制,,
polygon,,n.,"[数]多角形,多边形",,
polymer,,n.,聚合体,,
polynesian,,n.,"波利尼西亚人, 波利尼西亚语",,
polyphony,,n.,"复调音乐, 多音",,
pomegranate,,n.,[植]石榴,,
pond,,n.,池塘,,
ponder,,v.,思索， 沉思,,
ponderous,,adj.,"笨重的,沉闷的",,
pont,,n.,(南非的)缆拉渡船,,
pony,,n.,矮种马，小马,,
ponytail,,n.,马尾辫(一种发型),,
pool,,n.,池,,
poor,,adj.,"贫穷的,可怜的",,
poorhouse,,n.,救济院,,
poorly,,adj.,不舒服的 ad贫穷地,,
popular,,adj.,"流行的,通俗的,受欢迎的",,
popularity,,n.,"普及,流行",,
popularize,,v.,普及,,
popularly,,adv.,"大众地, 通俗地",,
populate,,v.,"构成人口, 居住于",,
populous,,adj.,人口稠密的,,
porcelain,,n.,"瓷,瓷器",,
porcupine,,n.,[动]豪猪,,
pore,,n.,小孔,,
pork,,n.,"猪肉,",,
porosity,,n.,多孔性,,
porous,,adj.,多孔渗水的,,
porpoise,,n.,"[动]海豚, 小鲸",,
port,,n.,港口,,
portability,,n.,"可携带, 轻便",,
portable,,adj.,"便于携带的,轻便的",,
portend,,v.,预示,,
portion,,n.,一部分,,
portrait,,n.,"肖像,人像",,
portraitist,,n.,肖像画家,,
portraiture,,n.,肖像画法,,
portray,,v.,描绘,,
portrayal,,n.,"描画, 描写",,
portugal,,n.,葡萄牙(欧洲西南部国家),,
pose,,n.,"姿势,姿态 v. 摆姿势",,
posit,,v.,安置,,
position,,n.,"位置,职务,立场 v. 安置",,
positive,,adj.,"积极的,肯定的",,
possess,,v.,"占有,拥有",,
possession,,n.,"财产, 所有",,
possibility,,n.,可能性,,
post,,n.,"邮政(件),职位 v. 邮寄,贴出",,
postage,,n.,邮费,,
postal,,adj.,"邮政的,邮局的",,
postcard,,n.,明信片,,
postdate,,v.,填迟的日期 n事后日期,,
poster,,n.,"海报, 招贴",,
postgraduate,,n.,研究生,,
posthumous,,adj.,死后的， 身后的,,
posthumously,,adv.,在死后,,
postmaster,,n.,邮局局长,,
postmodern,,adj.,后现代主义的,,
postpone,,v.,"推迟, 使延期",,
postulate,,v.,"要求, 假定",,
postwar,,adj.,战后的,,
pot,,n.,"罐,壶",,
potash,,n.,"碳酸钾,苛性钾",,
potassium,,n.,钾,,
potato,,n.,马铃薯,,
potency,,n.,影响力， 支配力； 效力,,
potent,,adj.,"强有力的,有效的",,
potential,,adj.,潜在的 n. 潜能,,
potentiality,,n.,"(用复数)潜能,可能性",,
potentially,,adv.,潜在地,,
potion,,n.,"一服, 一剂",,
potter,,n.,"陶工,制陶工人",,
pottery,,n.,陶器,,
pound,,n.,"磅,英镑 v. (连续)猛击,捣碎",,
pour,,v.,"灌,注,倾泻",,
poverty,,n.,"贫穷, 贫困",,
powder,,n.,"粉(末) v搽粉,撒粉",,
powerfully,,adv.,"非常地,强有力地",,
ppm,,abbr.,百万分率，百万分之…（parts per million）,,
practicable,,adj.,"可实行的,可用的",,
practical,,adj.,"实际的,实践的,实用的",,
practicality,,n.,"实用性,实际",,
practically,,adv.,"实际上,几乎，简直",,
practice,,,n&v. 练习,,
practitioner,,n.,"从业者, 开业者",,
pragmatic,,adj.,务实的， 注重实效的， 实用的,,
prairie,,n.,"大草原,牧场,",,
prairies,,n.,大草原,,
praise,,,"v&n. 赞扬,称赞",,
pram,,n.,婴儿车,,
pray,,v.,"祈祷, 恳求",,
preach,,v.,鼓吹,,
prearrange,,v.,预先安排,,
precarious,,adj.,"危险的,不确定的",,
precautionary,,adj.,预防的,,
precede,,v.,"领先(于),在之前,先于",,
precious,,adj.,"宝贵的,珍爱的",,
precipitate,,v.,促成；使沉淀 n沉淀物,,
precipitation,,n.,仓促,,
precise,,adj.,"精确的,准确的",,
precisely,,adv.,正好,,
precision,,n.,"精确, 精密度, 精度",,
precursor,,n.,先驱,,
predate,,v.,"提早日期, 居先",,
predation,,n.,掠食,,
predator,,n.,"掠夺者,食肉动物",,
predatory,,adj.,"掠夺的,捕食生物的",,
predecessor,,n.,"前辈, 前任",,
predetermine,,v.,预先确定,,
predetermined,,adj.,预订的,,
predicament,,n.,"困境,窘状",,
predict,,v.,"预知,预言",,
predictability,,n.,可预见性,,
predictably,,adv.,"可预言地, 不出所料地",,
prediction,,n.,预言,,
predispose,,v.,"(使)易罹患, (使)预先偏向于",,
predominance,,n.,优势,,
predominant,,adj.,"主要的,占优势的",,
predominantly,,adv.,"主要地, 占优势地",,
predominate,,v.,"占优势, 支配",,
preeminent,,adj.,卓越的,,
preen,,v.,整理羽毛，(人)打扮修饰,,
preexist,,v.,先前存在,,
prefer,,v.,"更喜欢,宁愿",,
preferable,,adj.,"更好的,更合意的",,
preferably,,adv.,"更好地,宁愿",,
preference,,n.,"偏爱,优先选择",,
preferential,,adj.,优先的；选择的,,
preferentially,,adj.,"优先的, 优待的",,
preform,,v.,预先形成 n. 粗加工的成品,,
pregnant,,adj.,"怀孕的, 重要的",,
prehistoric,,adj.,史前的,,
prehistory,,n.,"史前时代, 史前学",,
preindustrial,,adj.,"未工业化的, 工业化前的",,
prejudice,,n.,"偏见,损害 v. 损害,有偏见",,
preliminary,,adj.,"预备的, 初步的",,
preliterate,,adj.,文字出现以前的， 没有文字的,,
prelude,,n.,前奏曲， 序幕,,
premature,,adj.,"未成熟的,早熟的",,
premier,,adj.,第一的， 首要的； 最著名的 n. 首相，总理,,
premiere,,v.,初次公演 n. 初次的演出 adj. 杰出的,,
premise,,n.,房屋和地基， 经营场址； 前提， 假设,,
premium,,n.,"额外费用, 奖金, 奖赏",,
preoccupation,,n.,"全神贯注,当务之急",,
preparation,,n.,"准备,预备",,
prepare,,v.,"预备,准备",,
preparedness,,n.,"有准备, 已准备",,
prepay,,v.,预付,,
preponderance,,n.,"优势,占优势",,
preposterous,,adj.,"荒谬的, 可笑的",,
prerecord,,v.,事先录音,,
prerequisite,,n.,先决条件,,
presage,,n.,预兆 v预示,,
preschool,,adj.,未满学龄的n幼儿园,,
preschooler,,n.,(美)学龄前儿童,,
prescribe,,v.,开处方； 规定； 指示,,
prescription,,n.,处方， 药方； 开处方， 开药方,,
presence,,n.,"出席,存在",,
presentation,,n.,"介绍, 陈述",,
presently,,adv.,"目前, 不久",,
preservation,,n.,保存,,
preservative,,n.,防腐剂,,
preserve,,v.,"保护,保存",,
preside,,v.,"主持,管理",,
presidency,,n.,任期,,
president,,n.,"总统,会长",,
presidential,,adj.,总统的,,
press,,,"n&v. 压,压迫 n. 报刊,新闻界",,
pressurize,,v.,"增压, 密封",,
prestige,,n.,"声望, 威望",,
prestigious,,adj.,享有声望的,,
presumably,,adv.,"大概,可能,据推测",,
pretend,,v.,假装，装作,,
pretense,,n.,"借口,伪装，自吹",,
pretension,,n.,"借口, 要求, 自负",,
pretentious,,adj.,自命不凡的，自负的,,
pretext,,n.,借口， 托词,,
pretty,,adj.,"漂亮的, 可爱的",,
prevail,,v.,"流行,获胜",,
prevailing,,adj.,普遍的； 流行的； 一地常刮的， 盛行的,,
prevalence,,n.,"流行,普遍",,
prevalent,,adj.,"普遍的, 流行的",,
prevent,,v.,"防止,预防",,
prevention,,n.,"预防, 防止",,
preventive,,adj.,预防性的,,
previous,,adj.,"以前的,先于,在之前",,
prey,,v.,"捕食,掠夺",,
price,,n.,"价格,价值 v. 给…定价,估价",,
prickly,,adj.,多刺的,,
pride,,n.,自豪,,
priest,,n.,牧师,,
priestess,,n.,"女祭司, (基督教会以外的)神职人员",,
primacy,,n.,首位,,
primal,,adj.,最初的,,
primarily,,adv.,"主要地,起初地",,
primary,,adj.,"首要的,主要的,最初的 n. 居首位的事物",,
primate,,n.,灵长类(动物),,
primatology,,n.,灵长类动物学,,
prime,,adj.,"首要的,最好的",,
primer,,n.,"初级读本,原始物",,
primeval,,adj.,"原始的, 早期的",,
primitive,,adj.,"原始的,远古的",,
primordial,,adj.,"原始的,最初的",,
principal,,adj.,"主要的,首要的 n. 资本",,
principally,,adv.,主要地,,
principle,,n.,"原理,原则",,
print,,v.,"印刷,冲洗(照片)",,
printer,,n.,"印刷工,打印机",,
printmaker,,n.,版画复制匠,,
printmaking,,n.,版画复制(术),,
prior,,adj.,"优先的,在前的",,
prioritize,,v.,划分优先顺序； 优先处理,,
priority,,n.,优先(权),,
prison,,n.,监狱,,
prisoner,,adj.,囚犯的 n. 战俘,,
pristine,,adj.,质朴的,,
private,,adj.,"私人的,私有的",,
privately,,adv.,秘密，一个人,,
privilege,,n.,特权，优惠,,
prize,,n.,奖(金，品)vt珍视，珍惜,,
prizefight,,n.,职业拳击赛,,
proactive,,adj.,积极主动的； 先发制人的,,
probability,,n.,可能性,,
probable,,adj.,"很可能的, 大概的",,
probe,,v.,"探查, 查明",,
problematic,,adj.,"问题的, 有疑问的",,
proboscidean,,adj.,长鼻类的 n长鼻目动物,,
proboscis,,n.,"鼻子,[昆] 喙",,
procedure,,n.,"程序, 手续",,
proceed,,v.,"进行,继续下去",,
process,,vt.,加工，处理 n. 过程； 程序， 手续； 工序， 制作法,,
processor,,n.,加工业者；处理机,,
proclaim,,v.,"宣布,声明,显露",,
proclivity,,n.,倾向,,
procure,,v.,"获得, 取得",,
prod,,v.,刺,,
prodigious,,adj.,"巨大的, 惊人的",,
prodigy,,n.,"惊人的事物, 天才",,
productive,,adj.,生产的； 能产的， 多产的； 富有成效的,,
productivity,,n.,生产力,,
profession,,n.,"职业,专业",,
professional,,adj.,"专业的,职业的",,
professionalism,,n.,"职业水准或特性, 职业化",,
professor,,n.,教授,,
proficiency,,n.,"熟练, 精通, 熟练程度",,
proficient,,n.,精通,,
proficiently,,adv.,熟练地,,
profile,,n.,"侧面,轮廓",,
profit,,n.,"利润,益处 v. 得益,有利于",,
profitability,,n.,"收益性, 利益率",,
profitable,,adj.,"有益的,有利可图的",,
profiteer,,n.,奸商 v. 牟取暴利,,
profound,,adj.,"深刻的, 意义深远的",,
profoundly,,adv.,"深深地, 衷心地",,
profusion,,n.,丰富,,
program,,n.,"节目,计划,程序 v. 编程",,
programme,,n.,"程序, 编程",,
programmer,,n.,"程序师, 程序规划员",,
progress,,,"n&v. 前进,进步,发展",,
progression,,n.,"行进, 级数",,
progressive,,adj.,"先进的,前进的 n. 进步分子",,
progressively,,adv.,日益增多地,,
prohibit,,v.,"禁止, 阻止",,
prohibitive,,adj.,"禁止的, 抑制的",,
prohibitively,,adv.,"禁止地,过分地",,
project,,n.,"计划,工程v设计,计划",,
projection,,n.,发射,,
projector,,n.,放映机,,
proliferate,,v.,"繁殖,使激增, 使扩散",,
proliferation,,n.,"增殖, 分芽繁殖",,
prolific,,adj.,多产的；多子嗣的,,
prolifically,,adj.,"丰富地,多产地",,
prolong,,v.,"延长, 拖延",,
prolonged,,adj.,长期的， 持久的,,
prominence,,n.,"突出, 显著",,
prominent,,adj.,"显著的,杰出的, 突出的",,
promise,,,"vt&n. 允诺,答应",,
promising,,adj.,有希望的； 有前途的,,
promote,,v.,"促进,提升",,
promoter,,n.,"促进者, 助长者",,
promotion,,n.,提升；促进,,
prompt,,v.,推动；提示,,
promptly,,adv.,"敏捷地, 迅速地",,
prone,,adj.,易于…的，很可能…的,,
pronoun,,n.,代名词,,
pronounce,,v.,"发音, 宣告",,
pronounced,,adj.,显著的； 明确的,,
proof,,n.,证据，证明,,
proofread,,v.,校对， 校正,,
propagate,,v.,繁(增)殖；传播,,
propel,,v.,"推进, 驱使",,
propensity,,n.,倾向,,
proper,,adj.,"适当的,正确的",,
properly,,adv.,适当地；正确地,,
property,,n.,"财产,所有物",,
prophet,,n.,先知； 预言者； 拥护者， 鼓吹者,,
proponent,,n.,支持者，拥护者,,
proportion,,n.,比例,,
proportionally,,adv.,"成比例地,相称地",,
proportionately,,adv.,"相称地, 成比例地",,
proposal,,n.,"提议,建议",,
propose,,v.,"打算,向提议,求婚",,
proprietor,,n.,"所有者, 经营者",,
proprietorship,,n.,所有权,,
propriety,,n.,适当,,
propulsion,,n.,推进(力),,
prosaic,,adj.,"单调乏味的,平淡的",,
prose,,n.,散文,,
prosecute,,v.,起(公)诉，告发,,
prospect,,n.,"前景, 景象",,
prospective,,adj.,预期的,,
prospector,,n.,"探勘者, 采矿者",,
prosper,,v.,兴旺，繁荣,,
prosperity,,n.,繁荣,,
prosperous,,adj.,繁荣的，兴旺的,,
prostitution,,n.,卖淫； 出卖灵魂， 堕落； 滥用,,
prostrate,,adj.,"降伏的,俯卧的 v. 使屈服",,
protagonist,,n.,提倡者，支持者,,
protect,,v.,保护,,
protection,,n.,保护,,
protectionist,,n.,保护贸易论(者),,
protective,,adj.,"给予保护的, 保护的",,
protector,,n.,保护者,,
protein,,n.,蛋白质,,
proterozoic,,,n&a. 原生代(的),,
protest,,v.,抗议， 反对 n. 抗议， 反对,,
proton,,n.,质子,,
prototype,,n.,原型,,
protrude,,v.,突出,,
proud,,adj.,"自豪的, 得意的",,
proudly,,adv.,骄傲地,,
prove,,v.,"证明,证实",,
providence,,n.,深谋远虑，远见,,
province,,n.,省(一个国家的大行政区),,
provincialism,,n.,地方风尚,,
provision,,n.,"供应,预备",,
provocative,,adj.,煽动的 n刺激物,,
provoke,,vt.,挑动， 激怒， 挑衅； 引发， 引起,,
prowl,,v.,巡游,,
proximity,,n.,"接近, 亲近",,
proxy,,n.,代理人,,
prudent,,adj.,"审慎的,小心谨慎的",,
pry,,v.,探查,,
psychoanalysis,,n.,心理分析， 精神分析,,
psychoanalyst,,n.,心理分析学者,,
psychodynamic,,adj.,精神动力的,,
psychological,,adj.,心理(上)的,,
psychologically,,adv.,"精神上地, 心理上地",,
psychologist,,n.,心理学者,,
psychology,,n.,心理学,,
ptarmigan,,n.,松鸡类,,
pterosaur,,n.,翼龙,,
public,,adj.,"公共的,公开的 n. 公众",,
publication,,n.,"出版(物), 发行",,
publicity,,n.,公开,,
publicize,,v.,宣传,,
publicly,,adv.,"公然地, 舆论上",,
publish,,v.,"出版,发表",,
publisher,,n.,"出版者,发行人",,
puddle,,n.,"水坑, 泥潭 v. 搅浊,搅泥泞",,
pueblo,,n.,印第安人村庄,,
puff,,v.,喘气；抽烟,,
puffin,,n.,[鸟]角嘴海雀,,
pul,,n.,普尔(阿富汗辅币单位),,
pull,,v.,"拉,拖,拔",,
pullman,,n.,"卧车,普式火车",,
pulp,,n.,酱；果肉；纸浆,,
pulse,,n.,"脉搏, 脉冲",,
pulverization,,n.,"弄成粉, 粉碎",,
pump,,n.,"泵,抽水机",,
punch,,v.,"冲孔, 打孔",,
punctual,,adj.,守时的,,
puncture,,n.,小孔 v. 刺破,,
punish,,v.,"惩罚,处罚",,
punishment,,n.,"惩罚, 处罚",,
pupil,,n.,小学生,,
puppet,,n.,木偶； 玩偶； 傀儡， 受人操纵的人,,
purchase,,v.,购买,,
pure,,adj.,"纯的,纯粹的",,
purely,,adv.,仅仅；简单地,,
purge,,v.,清洗(除) n清洗,,
purification,,n.,净化,,
purify,,v.,使纯净,,
puritan,,n.,清教徒 a清教徒的,,
puritanical,,adj.,极守道德的,,
purity,,n.,纯度； 纯洁， 纯净， 纯粹,,
purple,,adj.,紫色的,,
purplish,,adj.,略带紫色的,,
purpose,,n.,"目的,意图",,
purposefully,,adv.,"有目的地, 蓄意地",,
purposely,,adv.,"故意地,蓄意地",,
pursue,,v.,"追赶, 追踪",,
pursuit,,n.,"追求,追逐",,
push,,,"n&v. 推,推动",,
put,,v.,"放,安置",,
putrefaction,,n.,"腐败, 腐败物",,
putrefy,,v.,"(使)化脓, (使)腐烂",,
putt,,v.,"短打,把球轻轻打进洞",,
puzzle,,n.,难题 v. (使)迷惑,,
pylon,,n.,"塔门, 路标塔",,
pyramid,,n.,金字塔(形结构)；锥状物,,
quadruple,,v.,成四倍 adj. 四部分组成的；四倍的 n. 四倍,,
quaint,,adj.,"离奇有趣的, 奇怪的",,
quaker,,n.,"教友派信徒, 贵格会会员",,
qualification,,n.,"资格, 条件",,
qualify,,v.,"(使)胜任,(使)合格",,
qualitative,,adj.,"性质上的, 定性的",,
qualitatively,,adv.,质量上,,
quality,,n.,"质量,品质,性质",,
quantifiable,,adj.,"可以计量的, 可量化的",,
quantify,,v.,"用数量表示,量化",,
quantitative,,adj.,"数量的, 定量的",,
quantity,,n.,"量,数量",,
quantum,,n.,量子,,
quarrelsome,,adj.,"喜欢吵架的,好争论的",,
quarry,,n.,采石场 v. 挖出,,
quarter,,n.,"四分之一,一刻钟",,
quarterly,,adv.,按季度，一季一次 adj. 季度的， 每季一次的 n. 季刊,,
quartz,,n.,石英,,
quasar,,n.,"恒星状球体, 类星体",,
quash,,vt.,撤销， 废止； 镇压； 平息,,
queen,,n.,"王后, 女王",,
quell,,vt.,制止， 镇压； 缓解， 减轻,,
quench,,v.,"结束,熄灭",,
query,,,"n&v. 质问,疑问",,
quest,,n.,"寻求 v. 追求,探索",,
questionable,,adj.,可疑的,,
questionnaire,,n.,"调查表, 问卷",,
quick,,,"a&ad. 快的, 迅速的",,
quickest,,adj.,最快的,,
quickly,,adv.,快速地,,
quicksand,,n.,"流沙, 敏捷",,
quiescent,,adj.,静止的,,
quiet,,adj.,"安静的, 宁静的",,
quietly,,adv.,"平静地,寂静地",,
quill,,n.,"羽茎,大翎毛 vt. 刺穿",,
quilt,,n.,"被子 v. 缝被,缝制",,
quina,,n.,"[植]金鸡纳树皮, 奎宁",,
quincy,,n.,昆西(美国伊利诺斯州西部一城市),,
quit,,v.,"离开, 辞职",,
quite,,adv.,"相当,完全,十分",,
quitter,,n.,"轻易停止的人, 懦夫",,
quiver,,n.,"震动,颤抖 v. 颤抖,射中",,
quiz,,n.,小测验；智力竞赛 vt. 测验； 盘问， 查问， 询问,,
quota,,n.,配额， 限额， 定额,,
quotation,,n.,"引文,引语",,
quote,,v.,"引用, 引证",,
quotient,,n.,商； 份额,,
rabbit,,n.,兔,,
raccoon,,n.,<美>[动]浣熊,,
race,,n.,种族 v赛跑,,
racetrack,,n.,"(主要用于赛马, 赛狗的)跑道",,
racial,,adj.,"人种的, 种族的",,
racing,,adj.,比赛的 n. 比赛， 竞赛,,
racism,,n.,种族主义， 种族歧视,,
racket,,n.,球拍； 喧嚷， 吵闹； 勒索， 诈骗,,
radar,,n.,"雷达,电波探测器",,
radial,,adj.,"光线的, 放射状的",,
radiant,,adj.,"发光的, 辐射的",,
radiate,,v.,"放射, 辐射",,
radiation,,n.,"放射物,辐射",,
radiator,,n.,暖气片，散热器,,
radical,,adj.,根本的；激进的 n激进分子,,
radically,,adv.,"根本地, 完全地",,
radio,,n.,"收音机,无线电",,
radioactive,,adj.,放射性的，有辐射能的,,
radioactivity,,n.,放射能,,
radiocarbon,,n.,放射性炭,,
radiometric,,adj.,"辐射测量的, 辐射度的",,
radish,,n.,[植]萝卜,,
radium,,n.,[化]镭,,
radius,,n.,半径（范围）,,
raft,,n.,"木排(筏),救生圈 v用筏子渡河",,
rag,,n.,抹布,,
rage,,n.,愤怒,,
ragtime,,n.,拉格泰姆音乐 adj. 使人发笑的,,
rail,,n.,"栏杆 v. 抱怨,责骂",,
railhead,,n.,"铺设中的铁路末端, 终点",,
railroad,,n.,铁路 v. 由铁道运输 v. 在铁路公司工作,,
railway,,n.,铁路,,
rain,,n.,雨 v. 下雨,,
rainbow,,n.,彩虹,,
raindrop,,n.,"雨滴, 雨点",,
rainer,,n.,"人工降雨装置,喷灌装置",,
rainfall,,n.,"降雨,降雨量",,
rainforest,,n.,雨林,,
rainwater,,n.,雨水,,
rainy,,adj.,下雨的，多雨的,,
raise,,n.,"上升,增高 v. 升起,举起,提出",,
rake,,n.,"耙子, 斜度",,
rally,,n.,集会 v集合,,
ramble,,n.,漫步 vi闲逛；漫谈,,
rampant,,adj.,"猖獗的, 蔓生的",,
ranch,,v.,经营牧场n牧场,,
rancher,,n.,"大牧场主, 大牧场工人",,
rancho,,n.,大牧场(或大农场)工人住的棚屋,,
rancorous,,adj.,怨恨的， 满怀恶意的,,
random,,,"n&a. 任意(的),随便(的)",,
randomly,,adv.,"随便地,任意地",,
range,,n.,"范围,山脉 v. 变动,排列",,
rank,,n.,"等级,阶层 v. 排列",,
rape,,,"n&v. 掠夺, 强奸",,
rapid,,adj.,"快的,迅速的",,
rapidity,,n.,"速度,迅速,急速",,
rapidly,,adv.,迅速地,,
rapport,,n.,"和谐, 亲善",,
rare,,adj.,"稀有的,珍奇的",,
rarefy,,v.,稀薄,,
rarer,,adj.,"稀罕的, 珍贵的",,
rarity,,n.,稀有,,
rash,,adj.,鲁莽的，轻率的 n. 疹， 皮疹； 一连串令人不快的事物,,
rat,,n.,老鼠,,
ratchet,,n.,"棘轮, 棘齿",,
rate,,v.,估价； 评级， 评价； 把…列为 n. 率，比率；速度；价格；等级,,
ratify,,v.,"批准, 认可",,
ratio,,n.,"比, 比率",,
ration,,n.,"定额, 定量",,
rational,,adj.,"理性的,合理的",,
rationale,,n.,基本原理,,
rationalism,,n.,"理性主义, 唯理论",,
rationality,,n.,理性； 合理性,,
rationally,,adv.,理性地,,
rattle,,v.,嘎嘎作响n咯咯声;吵闹声,,
rattlesnake,,n.,<美>[动]响尾蛇,,
ravage,,,n&v. 毁坏,,
raven,,n.,大乌鸦,,
ravine,,n.,"沟壑, 峡谷",,
raw,,adj.,"自然状态的,生的,原始的",,
rawhide,,n.,生牛皮 vt. 用生牛皮鞭抽打 adj. 生牛皮的,,
ray,,n.,"光线,射线",,
rayon,,n.,"人造丝, 人造纤维",,
reabsorb,,v.,"再吸附,重吸收",,
reach,,v.,"到达,伸出,达成 n. 范围",,
reachable,,adj.,"可达成的, 可获得的",,
react,,v.,"起反应, 起作用",,
reaction,,n.,"反应,反作用",,
reactive,,adj.,"反应的, 反作用的",,
reactor,,n.,反应堆,,
read,,v.,"读,理解",,
readability,,n.,可读性,,
readership,,n.,"读者的身分, 读者人数",,
readily,,adv.,"乐意地,欣然",,
readjust,,v.,"重新调整,再调整",,
ready,,adj.,有准备的,,
real,,adj.,"真的,真实的",,
realism,,n.,现实主义,,
realist,,n.,现实主义者,,
realistic,,adj.,现实(主义)的,,
realistically,,adv.,"现实地,逼真地",,
reality,,n.,"真实,事实",,
realization,,n.,实现,,
realize,,v.,"认识到,了解",,
realm,,n.,领域,,
realtor,,n.,房地产经纪人,,
reap,,v.,"收割, 收获",,
reaper,,n.,"收割者, 收割机",,
reappear,,v.,再出现,,
reapply,,v.,再申请； 再利用,,
rear,,,n& a. 后部(面，方)(的) vt养，种,,
rearrange,,v.,"再排列,重新整理",,
reason,,n.,"原因v分析,推理",,
reasonable,,adj.,"合理的,通情达理的",,
reasonably,,adv.,有理地；合理地,,
reaumur,,,n&a. 列氏温度计(的),,
rebate,,n.,回扣， 折扣； 退还款,,
rebel,,n.,反叛分子 v. 反叛；反对,,
rebellion,,n.,反叛，反抗,,
rebellious,,adj.,反抗的，难控制的,,
rebirth,,n.,"复活, 新生",,
rebound,,n.,/v回弹,,
rebuild,,v.,"重建, 改造",,
recall,,v.,"回忆,记起 n. 召回",,
recede,,v.,后退,,
receive,,v.,"接到,收到,接待",,
receiver,,n.,"接受者, 接收器, 收信机",,
recent,,adj.,"近来的,新近的",,
receptacle,,n.,容器,,
reception,,n.,招待会；接受,,
receptive,,adj.,"善于接受的,能容纳的",,
receptiveness,,n.,"感受性,接受能力",,
receptor,,n.,接受器,,
recess,,n.,"(墙壁等的)凹进处 v. 使凹进,休假",,
recession,,n.,衰退， 衰退时期， 萧条时期； 撤回， 退回,,
recessive,,adj.,隐性的,,
recharge,,v.,"再充电,再进攻,恢复精力",,
recipe,,n.,处方,,
recipient,,n.,接受者，接收者,,
reciprocal,,adj.,相互的；互惠的；相应的；,,
reciprocate,,v.,"互换, 交换",,
reciprocity,,n.,互惠， 互助； 互惠主义,,
recital,,n.,"朗诵, 背诵, 独奏会",,
reckless,,adj.,"不计后果的,鲁莽的",,
reckon,,v.,"计算,估计",,
reclaim,,v.,"要回,开垦,回收",,
reclamation,,n.,"开垦,改造",,
recline,,v.,向后倚靠， 斜倚,,
recognition,,n.,"识别,确认",,
recognizable,,adj.,"可辨认的,可认识的",,
recognize,,v.,"认出,确认,意识到",,
recoil,,n.,"畏缩, 弹回 vi退却, 畏缩",,
recollection,,n.,记忆力； 回忆， 记忆； 回想起来的事,,
recommend,,v.,"推荐,劝告",,
recommendation,,n.,"推荐, 介绍(信)",,
reconcile,,vt.,使协调； 使和解； 使顺从,,
reconstitute,,v.,"重新组成, 重新设立",,
reconstruct,,v.,"重建, 改造",,
reconstruction,,n.,"重建, 改造",,
recorder,,n.,"记录员, 记录器",,
recount,,v.,叙述,,
recoup,,vt.,收回， 弥补,,
recover,,v.,"恢复,复原,重获",,
recovery,,n.,"恢复, 痊愈",,
recreate,,v.,"(使)得到休养, (使)得到娱乐",,
recreation,,n.,"消遣, 娱乐",,
recreational,,adj.,"娱乐的, 消遣的",,
recruit,,v.,"招募,吸收 n. 新成员, 新兵",,
recruitment,,n.,"征募新兵, 补充",,
recrystallize,,v.,( 使) 再结晶,,
rectangle,,n.,"长方形, 矩形",,
rectangular,,adj.,长方形的，矩形的,,
rectify,,v.,"矫正, 调整",,
recur,,v.,再发生，重现,,
recurrence,,n.,"复发, 重现",,
recurrent,,adj.,"再发生的, 周期性的",,
recurring,,adj.,往复的， 反复的， 再次发生的,,
recycle,,v.,"使再循环, 反复应用 n再循环, 再生, 重复利用",,
red,,,"n&a. 红色(的),",,
redbud,,n.,紫荆属植物,,
reddish,,adj.,微红的,,
redeem,,vt.,赎回； 偿清， 付清； 兑换； 弥补， 补偿； 履行， 遵守,,
redefine,,v.,重新定义,,
redesign,,,v&n. 重新设计,,
rediscover,,v.,重新发现,,
reduce,,v.,"减少,缩小",,
reduction,,n.,"减少,缩影",,
redundant,,adj.,多余的； 累赘的,,
redwing,,n.,[动](欧洲产的)红翼鸫,,
redwood,,n.,[植]红杉,,
reed,,n.,芦苇,,
reef,,n.,"礁,暗礁",,
reel,,n.,卷轴 vt卷，绕,,
reelect,,v.,"重选, 改选",,
reelection,,n.,"再选, 改选",,
reenter,,n.,"重进入, 再加入 v. 重返",,
reexamine,,v.,复试,,
refer,,v.,提到， 谈及； 查阅， 参考,,
referee,,n.,"裁判员 v裁判, 仲裁",,
reference,,n.,"提及,涉及,参考",,
referent,,n.,指示物,,
refill,,v.,"再装满,再充填",,
refine,,v.,"精炼, 精制",,
refinement,,n.,"精致, 文雅",,
refiner,,n.,"精炼者, 精炼机",,
refinery,,n.,精炼厂,,
reflect,,v.,"反映,反射",,
reflection,,n.,"反映,考虑",,
reflective,,adj.,"反射的,反映的,沉思的",,
reflectivity,,n.,反射率,,
reform,,,"vt&n. 改革, 革新",,
reformer,,n.,"改革家, 改革运动者",,
refraction,,n.,折射,,
refractory,,adj.,"难控制的,耐火的",,
refrain,,v.,抑制； 戒除 n. 反复句，副歌,,
refreeze,,vt.,"再结冰, 重新冻结",,
refresh,,v.,"(使)精神振作,(使)恢复活力",,
refreshing,,adj.,使人耳目一新的； 提神的， 使人精神振作的,,
refreshment,,n.,"点心, 精力恢复",,
refrigerate,,v.,"使冷冻, 使冷藏",,
refrigeration,,n.,"冷藏, 致冷",,
refrigerator,,n.,电冰箱,,
refuge,,n.,"庇护, 避难所",,
refund,,n.,偿还额； 退款 vt. 退还， 偿付,,
refurbish,,v.,"再磨光, 刷新",,
refuse,,v.,拒绝,,
refute,,v.,驳斥，驳倒,,
regain,,v.,收回；恢复,,
regard,,n.,"尊敬 v. 看待,当作",,
regardless,,adj.,"不管,不顾",,
regenerate,,v.,"使新生, 重建 a新生的, 更新的",,
regeneration,,n.,"再生, 重建",,
regime,,n.,"政权制度,政权",,
regiment,,n.,(军队的)团；大量 vt严格地管制,,
regimentation,,n.,"管辖,严格控制",,
region,,n.,层； 地区， 区域； 范围,,
regional,,adj.,"整个地区的,地域性地",,
regionalist,,n.,"地方主义者, 地方主义作家",,
regionalization,,n.,"分成地区, 按地区安排",,
register,,,n& vt. 登记(表)，注册,,
regolith,,n.,"[地质]风化层, 土被",,
regret,,n.,"/v遗憾, 抱歉,后悔",,
regrettable,,adj.,"可惜的, 遗憾的",,
regular,,adj.,"规则的,定期的",,
regularity,,n.,"规律性,规则性",,
regularize,,v.,"使有规则, 使有秩序",,
regulate,,v.,"管理,控制,调整",,
regulation,,n.,规则,,
regulator,,n.,"调整者,调整器",,
regulatory,,adj.,"管理的, 控制的",,
regurgitate,,v.,"反刍,（液体）回流",,
rehabilitate,,v.,"修复, 改造",,
rehabilitation,,n.,复原,,
rehearse,,v.,预演， 排练； 默诵； 照搬， 重复,,
reheat,,v.,再热,,
rehydrate,,v.,"[化] 再水化, 再水合",,
reign,,n.,"君主统治 v. 统治, 支配",,
reindeer,,n.,驯鹿,,
reinforce,,v.,增强，加强,,
reinterpretation,,n.,重新解释,,
reiterate,,vt.,反复说， 重申,,
reject,,v.,"拒绝,退回",,
rejection,,n.,拒绝,,
rejoin,,v.,"再结合, 再加入",,
rejuvenate,,vt.,使年轻； 使恢复活力,,
rekindle,,vt.,重新点燃； 使振作,,
relate,,v.,"叙述,使有联系,有关联",,
relation,,n.,"关系,联系",,
relational,,adj.,"有关系的, 亲属的",,
relative,,adj.,"相对的,相关的 n. 亲属",,
relax,,v.,"放松,休息",,
relaxation,,n.,"松弛, 放宽",,
relay,,n.,接力赛；中继转播(设备) vt转述；转播,,
release,,,"vt&n. 释放,解脱",,
relegate,,vt.,使贬职， 使降级； 放逐， 贬谪,,
relevance,,n.,"中肯, 适当",,
relevant,,adj.,"相关的, 切题的",,
reliability,,n.,可靠性,,
reliable,,adj.,"可靠的,可信赖的",,
reliance,,n.,"信任,信心,依靠",,
reliant,,adj.,"信赖的, 依靠的",,
relic,,n.,"遗物, 废墟",,
relict,,n.,残遗物,,
relief,,n.,轻松，缓解,,
relieve,,v.,"减轻, 解除",,
reliever,,n.,救济者； 缓解物,,
religion,,n.,"宗教,信仰",,
religious,,adj.,宗教的,,
religiously,,adv.,"虔诚地, 笃信地",,
relocate,,v.,重新部署,,
reluctance,,n.,"不愿, 勉强",,
reluctant,,adj.,"不情愿的, 勉强的",,
reluctantly,,adj.,不情愿地；勉强地,,
rely,,v.,"依赖,依靠",,
remainder,,n.,"残余, 剩余物 adj. 剩余的",,
remains,,n.,剩余物， 残留物； 古代遗物， 遗迹， 遗址； 遗骸,,
remark,,n.,"备注,评论 vt评论",,
remarkable,,adj.,"非凡的,显著的",,
remarkably,,adv.,非凡地；显著地,,
remediation,,n.,"补习,补救",,
remember,,v.,"回忆起,记得",,
remind,,v.,"提醒, 使想起",,
reminder,,n.,提醒物；暗示,,
remnant,,n.,"残余, 剩余",,
remodel,,v.,"重新塑造, 改造",,
remote,,adj.,"遥远的, 偏僻的",,
removal,,n.,除去，移动,,
remove,,v.,"移开,去除",,
remuneration,,n.,报酬,,
renaissance,,n.,文艺复兴(时期),,
rename,,v.,"重新命名, 改名",,
rend,,v.,撕裂，猛拉,,
render,,v.,"使得,提供",,
rendition,,n.,表演， 演唱； 提供， 给予； 翻译,,
renew,,v.,"更新, 恢复",,
renewable,,adj.,"可更新的, 可再生的",,
renewal,,n.,"更新, 恢复",,
rennin,,n.,高血压蛋白原酶,,
renounce,,v.,"宣布放弃,断绝关系",,
renovate,,vt.,修复； 更新， 翻新,,
renown,,n.,名望， 声誉,,
renowned,,adj.,"有名的, 有声誉的",,
rent,,v.,"租用,出租 n. 租金",,
rentable,,adj.,可出租的,,
rental,,n.,租金额,,
renter,,n.,租贷人,,
renunciation,,n.,放弃，抛弃,,
reopen,,v.,"重开,再开始",,
reorganize,,v.,"改组, 整顿",,
reorient,,v.,重定的方向(或方位),,
repair,,n.,修理 vt修理(补),,
repay,,v.,"偿还, 报答",,
repeat,,,"n&v. 重复,重做,使再现",,
repeatedly,,adv.,"重复地, 再三地",,
repel,,v.,"排斥,击退",,
repertoire,,n.,全部节目,,
repertory,,n.,仓库,,
repetition,,n.,重复，反复,,
repetitive,,adj.,"重复的,反复的",,
rephrase,,v.,改述,,
replace,,v.,"取代,替换,放回原处",,
replacement,,n.,代替，更换,,
replant,,v.,"再植, 改种",,
replenish,,v.,补充,,
replenishment,,n.,"补给, 补充",,
replica,,n.,复制品,,
replicate,,v.,复制 adj. 复制的,,
reply,,n.,"答复, 答辩v答复, 回击",,
report,,n.,"报告 v. 报导,汇报",,
reportedly,,adv.,"据传说, 据传闻",,
represent,,v.,"代表,表现,描绘",,
representation,,n.,"表示法,表现,陈述",,
representative,,n.,"代表 a典型的, 有代表性的",,
repress,,v.,抑制，镇压,,
repression,,n.,"镇压, 抑制",,
reprieve,,,n& v. 缓刑，暂时解救,,
reprint,,v.,再版,,
reproach,,,v&n. 指责， 斥责， 批评,,
reproduce,,v.,"再生,复制",,
reproduction,,n.,"再现,复制品",,
reproductive,,adj.,"生殖的,再生的,复制的",,
reptile,,n.,爬虫动物,,
reptilian,,n.,爬行类动物,,
republic,,n.,"共和国, 共和政体",,
republican,,,"a&n. 共和政体的,共和党人(的)",,
republish,,v.,"再版, 重新发表",,
repudiate,,v.,批判,,
reputation,,n.,"名誉, 名声",,
repute,,n.,"名誉, 名声 v认为",,
request,,v.,"请求, 要求",,
require,,vt.,需要； 要求， 命令,,
requirement,,n.,"需求,要求",,
requisition,,n.,正式请求；征用,,
reradiate,,vt.,再辐射(转播),,
resale,,n.,"再贩卖, 转售",,
reschedule,,vt.,重新计划， 重订…的时间表,,
rescue,,v.,／ n营救，救援,,
researcher,,n.,"研究者,调查者",,
resemblance,,n.,相似，形似,,
resemble,,v.,"象,类似于",,
resent,,v.,"愤恨, 怨恨",,
resentment,,n.,"怨恨,愤恨",,
reservation,,n.,预约， 预订； 保留意见， 疑惑； 居留地,,
reserve,,v.,"储备,保留",,
reservoir,,n.,"水库,蓄水池",,
reset,,v.,重新安排,,
resettle,,v.,"(使)重新定居,再坐下来",,
reshape,,v.,"改造, 再成形",,
reside,,v.,居住,,
residence,,n.,"居住, 住处",,
residency,,n.,"居住, 住所",,
resident,,n.,居民,,
residential,,adj.,"住宅的, 居住的",,
residual,,adj.,"剩余的, 残留的",,
residue,,n.,"残渣, 剩余物",,
resign,,v.,辞去， 辞职； 放弃； 顺从， 听从,,
resilience,,n.,弹性，弹力,,
resilient,,n.,帕特森（美国一座城市）,,
resin,,n.,树脂 vt涂树脂于,,
resist,,v.,"抵抗,反抗",,
resistance,,n.,"反抗,抵抗",,
resistant,,adj.,"抵抗的, 有抵抗力的",,
resolute,,adj.,坚决的， 果断的,,
resolution,,n.,"决心,决议",,
resolve,,v.,"解决, 决定",,
resonance,,n.,"共鸣, 反响",,
resonator,,n.,共鸣器,,
resort,,,vi& n. 求助，采用,,
resource,,n.,资源,,
resourcefulness,,n.,足智多谋,,
respect,,,"n&v. 尊敬,敬重",,
respectable,,adj.,可敬的；有身价的,,
respective,,adj.,"分别的, 各自的",,
respectively,,adv.,"分别地, 各个地",,
respiration,,n.,"呼吸, 呼吸作用",,
respire,,v.,呼吸,,
respond,,v.,"回答,响应,作出反应",,
respondent,,n.,"应答者, 被告",,
response,,n.,"回答,响应,反应",,
responsibility,,n.,"责任,职责",,
responsible,,adj.,"有责任的,负责的",,
responsive,,adj.,"响应的,应答的",,
responsiveness,,n.,"响应能力,有同情心",,
rest,,,n&v. 休息,,
restatement,,n.,"再声明, 重述",,
restaurant,,n.,"餐馆, 饭店",,
restful,,adj.,宁静的,,
restless,,adj.,"得不到休息的, 不安宁的",,
restlessness,,n.,"辗转不安, 烦躁不安",,
restoration,,n.,"恢复, 归还",,
restore,,v.,"恢复,重建",,
restrain,,v.,"抑制, 制止",,
restraint,,n.,"抑制, 制止",,
restrict,,v.,"限制,约束",,
restriction,,n.,"限制, 约束",,
restrictive,,adj.,限制性的,,
resume,,v.,(中断后)继续 n摘要；简历,,
retail,,n.,／v／ad零售,,
retailer,,n.,零售商人,,
retain,,v.,"保持,保留",,
retard,,v.,"延迟, 妨碍 n. 延迟",,
retentive,,adj.,有记忆力的,,
retire,,v.,退休,,
retirement,,n.,退休,,
retool,,v.,"将机械重新整备, 重组",,
retract,,v.,"缩回, 撤销",,
retrain,,v.,"重新教育, 再教育",,
retreat,,v.,"撤退,退却",,
retrieval,,n.,取回，补偿,,
retrieve,,v.,"恢复,挽回,取回",,
retrospect,,n.,回顾,,
retrospective,,adj.,回顾的， 追想的； 有追溯效力的,,
return,,v.,"返回,恢复,归还",,
reunion,,n.,"团圆, 重聚",,
reuse,,v.,再使用 n重新使用,,
reveal,,v.,"揭露,显示",,
revealingly,,adv.,"启发人地,袒胸露肩地",,
revenue,,n.,"收入,税收",,
revere,,v.,"尊敬,敬畏",,
reverently,,adv.,"恭敬地, 虔诚地",,
reversal,,n.,"翻转, 倒转, 反转",,
reverse,,v.,"颠倒,倒转",,
reversible,,adj.,可逆的， 可翻转的； 正反两用的； 可恢复原状的,,
revert,,v.,回复,,
review,,,"vt&n. 回顾,复习,评论",,
reviewer,,n.,"批评家,评论家",,
revise,,v.,"修订,校订",,
revision,,n.,"修订,修正,修订本",,
revitalization,,n.,新生 复兴,,
revitalize,,v.,新生,,
revival,,n.,"复兴, 复活",,
revive,,v.,"苏醒, (使)复兴",,
revoke,,vt.,撤销， 撤回； 取消， 废除,,
revolt,,,"v& n. 反抗,反叛",,
revolution,,n.,革命,,
revolutionary,,adj.,革命的,,
revolve,,v.,旋转,,
reward,,n.,报酬 v. 酬劳,,
rewrite,,v.,"重写, 改写",,
reykjavik,,n.,雷克雅末(冰岛首都),,
rhetoric,,n.,"雄辩言辞,修辞学",,
rhetorical,,adj.,带修辞色彩的,,
rhinoceros,,n.,[动]犀牛,,
rhyme,,v.,押韵；和…同韵 n. 押韵； 同韵词， 押韵词,,
rhyolite,,n.,[地]流纹岩,,
rhythm,,n.,"节奏,韵律",,
rhythmic,,adj.,"节奏的, 合拍的",,
rhythmical,,adj.,"节奏的, 合拍的",,
rhythmically,,adv.,有节奏地,,
rib,,n.,肋骨vt戏弄,,
ribbon,,n.,"缎带,丝带 v. 撕成条",,
rice,,n.,"稻, 米",,
rich,,adj.,富有的 n. 有钱人,,
richly,,adv.,"富裕地, 丰富地",,
richness,,n.,富饶；富裕,,
rid,,v.,"使摆脱, 使去掉",,
riddle,,n.,谜；谜语；难解之谜；粗筛 vt. 使布满窟窿,,
ride,,v.,"骑, 乘",,
rider,,n.,"骑手, 附文, 扶手",,
ridge,,n.,"背脊,山脊",,
ridicule,,n.,"嘲笑, 奚落 v. 嘲笑",,
ridiculous,,adj.,"荒谬的, 可笑的",,
rift,,n.,裂口 v. 裂开,,
right,,,"a&ad. 对(的),右(的) n. 权利 v. 扶直,纠正",,
righteous,,adj.,正直的， 公正的； 正义的， 正当的,,
rigid,,adj.,"刚硬的,严格的",,
rigidity,,n.,"刻板,严格",,
rigidly,,adv.,"坚硬地, 严格地",,
rigor,,n.,"严格,精确",,
rigorous,,adj.,缜密的， 谨慎的； 严格的， 严厉的,,
rigorously,,adv.,严格地,,
rim,,n.,"边, 轮缘 v. 镶边",,
rime,,n.,"结晶, v使蒙霜",,
ring,,n.,环 v. 包围,,
rinse,,vt.,冲洗，漂洗，冲刷 n. 漂洗， 冲洗， 洗涤； 染发剂,,
rip,,v.,扯破，撕坏 n. 裂口， 裂缝,,
ripe,,adj.,熟的； 成熟的,,
ripen,,v.,成熟,,
ripple,,v.,起涟漪； 扩散 n. 细浪，涟漪,,
rise,,,"n&v. 上升,升起",,
risk,,,"vt&n. 冒险,风险",,
risky,,adj.,危险的,,
rite,,n.,"仪式,典礼",,
ritual,,n.,"仪式,典礼",,
ritualize,,v.,"使仪式化, 奉行仪式主义",,
rival,,v.,"竞争,对抗",,
rivalry,,n.,"竞争,竞赛,敌对",,
riverbank,,n.,"河堤, 河岸",,
riverbed,,n.,河床,,
rivet,,n.,铆钉 v固定,,
road,,n.,"道路,途径",,
roadbed,,n.,路基,,
roadway,,n.,"车行道, 路面",,
roam,,v.,"漫游, 闲逛",,
roar,,n.,"吼叫, 怒号 v. 滚动,咆哮",,
rob,,v.,抢夺,,
robin,,n.,知更鸟,,
robust,,adj.,精力充沛的,,
rocket,,n.,火箭,,
rocky,,adj.,"岩石的,稳固的",,
rod,,n.,"杆, 棒",,
rodent,,n.,啮齿类动物,,
rodeo,,n.,"马术竞技表演会, 将牛、马驱集在一起",,
roe,,n.,"鱼卵,獐鹿",,
role,,n.,"作用,角色",,
roll,,v.,"(使)滚动,卷",,
roller,,n.,滚筒,,
roman,,,"a&n. 罗马(的),罗马人(的)",,
romance,,n.,恋爱关系；浪漫气氛,,
romancer,,n.,"传奇小说作家, 讲虚构故事的人",,
romanize,,v.,"古罗马化, 用罗马字书写",,
romantic,,adj.,"传奇式的, 浪漫的",,
romantically,,adv.,"浪漫地, 空想地",,
romanticism,,n.,"浪漫精神, 浪漫主义",,
romanticize,,v.,"浪漫化, 传奇化",,
rome,,n.,罗马,,
roof,,n.,屋顶,,
rooftop,,n.,屋顶 adj. 屋顶上的,,
rook,,n.,白嘴鸦；赌棍 vt骗,,
room,,n.,房间,,
roost,,,v& n. 栖息鸟巢,,
rooster,,n.,"雄禽,",,
root,,n.,"根 v. 生根,扎根",,
rootless,,adj.,"无根的, 无根据的",,
rope,,n.,"绳, 索",,
rosy,,adj.,"蔷薇色的, 玫瑰红色的",,
rot,,v.,"(使)腐烂, (使)腐败 n腐烂, 腐败",,
rotary,,adj.,旋转的,,
rotate,,v.,(使)旋转,,
rotation,,n.,旋转,,
rotational,,adj.,旋转的； 轮流的,,
rote,,n.,死记硬背,,
rough,,adj.,"粗糙的,大致的",,
rougher,,n.,"粗切机,粗选槽",,
roughness,,n.,"粗糙, 未加工, 粗糙程度",,
round,,adj.,圆的 adv. 在周围 prep. 大约,,
rouse,,vt.,唤起， 唤醒； 激起， 鼓舞； 激怒,,
route,,n.,"路线,途径",,
routine,,n.,"例行公事, 常规",,
routinely,,adv.,例行公事地,,
row,,n.,"排,行v划(船)",,
royal,,adj.,"皇家的, 高贵的",,
royalty,,n.,"皇室, 王权",,
rub,,v.,"擦,擦掉",,
rubble,,n.,碎石,,
rudimentary,,adj.,"基本的,初步的,未充分发展的",,
rug,,n.,地毯； 围毯,,
rugged,,adj.,"高低不平的, 崎岖的",,
ruin,,,v& n. 毁灭(坏),,
rule,,n.,"规则,条例 v. 支配,统治",,
ruler,,n.,"统治者, (直)尺",,
rumble,,v.,"隆隆声,低沉地说 n. 隆隆声, 吵嚷声",,
rumen,,n.,瘤胃(反刍动物的第一胃),,
ruminant,,,"n&a. 反刍动物(的), 沉思的",,
ruminate,,v.,"反刍, 沉思",,
rumor,,n.,"流言,谣言 v. 谣传, 传闻",,
run,,v.,"跑,运转,经营",,
runoff,,n.,"径流量,流出",,
runway,,n.,"飞机跑道, 斜坡跑道, 河道",,
rupture,,v.,"破裂,裂开 n. 破裂, 决裂",,
rural,,adj.,农村的,,
rush,,,"n&v. 冲,匆忙,突袭",,
russia,,n.,俄罗斯,,
russian,,,a& n. 俄罗斯(语)(的),,
rust,,n.,"铁锈 v. (使)生锈,锈蚀",,
rustic,,adj.,乡村的； 淳朴的； 用粗糙木材制作的,,
rustproof,,adj.,"不锈的, 抗锈的",,
rut,,n.,"定例, 惯例 v在形成车辙",,
ruthless,,adj.,无情的， 残酷的， 冷酷的； 坚决的， 彻底的,,
ruthlessly,,adv.,"冷酷地, 残忍地",,
rye,,n.,裸麦,,
sac,,n.,"〈生〉囊,液囊",,
sack,,n.,"大袋, 大袋之量 v. 解雇, 洗劫",,
sacred,,adj.,"神的,害怕的",,
sacrifice,,,n& vt. 牺牲，献祭,,
sacrificial,,adj.,供奉的， 献祭的， 牺牲的,,
sad,,adj.,"忧愁的, 悲哀的",,
sadden,,v.,悲哀,,
saddle,,n.,鞍；(自行车)座 vt装鞍,,
sadness,,n.,"悲哀, 悲伤",,
safe,,adj.,安全的 n. 保险箱,,
safely,,adv.,"安全地, 确实地",,
safety,,n.,"安全, 保险",,
saffron,,n.,[植]藏红花,,
sage,,adj.,智慧的 n智者,,
sago,,n.,"西米, 西米椰子",,
saguaro,,n.,仙人掌之一种,,
sahara,,n.,撒哈拉沙漠,,
sail,,v.,"航行(于),启航",,
sailfish,,n.,旗鱼,,
sailor,,n.,"海员, 水手",,
saint,,n.,"圣人, 圣徒",,
sake,,n.,缘故，理由,,
salad,,n.,色拉,,
salal,,n.,[植](产于北美洲太平洋沿岸的)沙龙白珠树,,
salamander,,n.,火蜥蜴； 火蛇,,
salary,,n.,薪水,,
sale,,n.,"出售,卖出",,
salesperson,,n.,售货员,,
salient,,adj.,显著的， 突出的,,
saline,,adj.,含盐的；咸的,,
salinity,,n.,"盐分,盐度",,
salinization,,n.,盐渍化,,
salmon,,n.,"[鱼]鲑鱼, 大麻哈鱼",,
salmonberry,,n.,美洲大树莓,,
salon,,n.,营业性的厅； 沙龙； 客厅， 会客厅,,
salt,,n.,"盐 v. 腌,盐渍",,
saltwater,,adj.,"盐水的, 海产的",,
salty,,adj.,咸的,,
sample,,n.,"样品,样本 v. 采样,取样",,
sanctimonious,,adj.,"伪装虔诚的, 道貌岸然的",,
sanction,,n.,"支持, 制裁 vt支持, 鼓励",,
sanctuary,,n.,避难所,,
sand,,n.,"沙,沙子",,
sandal,,n.,"凉鞋, 檀香",,
sandbar,,n.,沙洲,,
sandstone,,n.,沙岩,,
sandy,,adj.,"沙的, 沙质",,
sanitation,,n.,卫生(设施),,
sanskrit,,,n& a. 梵语(的),,
sap,,n.,树液 vt耗尽,,
sapiens,,adj.,（拉）现代人的,,
sapphire,,adj.,天蓝色， 蔚蓝色的 n. 蓝宝石，青石；蔚蓝色,,
sardonic,,adj.,嘲笑的， 讥讽的,,
sargeant,,n.,萨金特,,
sash,,n.,腰带，肩带,,
sate,,v.,使心满意足,,
satellite,,n.,人造卫星,,
satire,,n.,讽刺(文学),,
satiric,,adj.,"讽刺的,挖苦的",,
satirist,,n.,讽刺作家,,
satisfaction,,n.,"满意, 满足, 令人满意的事物",,
satisfactory,,adj.,令人满意的,,
satisfy,,v.,"满足,使满意",,
saturate,,v.,"使湿透,饱和",,
saturation,,n.,饱和； 饱和度,,
saturday,,n.,星期六,,
saturn,,n.,土星,,
sauce,,n.,调味汁， 佐料,,
saucer,,n.,"茶托, 碟子",,
saucy,,adj.,无礼的； 俏皮的； 漂亮的,,
saunter,,,vi&n. 闲逛， 漫步,,
savage,,adj.,凶残的；野蛮的，未开化的 n. 野蛮人，未开化的人 vt. 残害； 激烈抨击,,
savannah,,n.,(南美)大草原,,
save,,v.,"解救, 保存",,
saving,,n.,"存款 adj. 搭救的, 节约的",,
saw,,n.,"锯 v锯,锯开",,
sawyer,,n.,"锯木匠, 漂流水中的树木",,
say,,v.,"说,表明",,
scale,,n.,"规模,等级,比例",,
scam,,n.,诡计 v诓骗,,
scan,,,n&v. 扫描；浏览,,
scandal,,n.,丑事， 丑闻； 恶意诽谤， 流言蜚语； 可耻的行为,,
scandinavia,,n.,斯堪的纳维亚（北欧地名）,,
scandinavian,,n.,斯堪的纳维亚人[语],,
scant,,adj.,"缺乏的,不足的 v节省,减少",,
scanty,,adj.,"缺乏的,不足的",,
scar,,n.,"伤痕,疤痕 v. 结疤,使留下伤痕",,
scarce,,adj.,"缺乏的,不足的,",,
scarcely,,adv.,"几乎不, 简直没有",,
scarcity,,n.,"缺乏, 不足",,
scarf,,n.,围巾， 披巾， 头巾,,
scat,,v.,迅速走开 n. 爵士音乐中无意义的音节的演唱,,
scatter,,v.,"撒(播),分散",,
scavenge,,v.,"打扫, 以(腐肉)为食",,
scavenger,,n.,"清道夫,食腐动物",,
scenario,,n.,剧情说明书，剧本,,
scene,,n.,"场面, 情景",,
scenery,,n.,"风景, 景色",,
scenic,,adj.,"舞台的, 景色优美的 n. 风景照片",,
scent,,n.,气味,,
schedule,,n.,"时刻表,日程 v. 安排,排定",,
schematic,,adj.,图解的； 纲要的； 严谨的,,
scheme,,n.,"安排 v. 计划,策划",,
schist,,n.,[地]片岩,,
scholar,,n.,学者,,
scholarly,,adj.,"学者气质的, 学者风度的",,
scholarship,,n.,奖学金； 学问， 学识,,
school,,n.,"学校,学院 v. 教育",,
schoolroom,,n.,教室,,
science,,n.,科学,,
scientific,,adj.,科学的,,
scientifically,,adv.,"科学地, 系统地",,
scoff,,vi.,嘲笑， 讥笑,,
scope,,n.,(活动)范围,,
scorch,,v.,"烧焦,枯萎 n. 烧焦,枯黄",,
score,,n.,得分,,
scorn,,v.,轻蔑， 鄙视； 不屑于 n. 轻蔑，鄙视,,
scornful,,adj.,轻蔑的， 鄙视的,,
scotland,,n.,"苏格兰(英国的一部分,在不列颠北部)",,
scottish,,n.,"苏格兰人(的), 苏格兰语（的）",,
scour,,v.,四处搜索；洗涤,,
scourge,,vt.,鞭笞；使受苦，折磨 n. 鞭子； 祸害； 鞭笞,,
scout,,n.,侦察员 vi侦察,,
scowl,,n.,"愁容, 皱眉 v皱眉",,
scraggly,,adj.,"零乱的, 锯齿状的",,
scramble,,,"n&v. 混乱, 攀爬",,
scrap,,n.,碎片 v. 废弃,,
scrape,,,v&n. 刮，擦,,
scraping,,,v&n. 刮，擦,,
scratch,,,"v& n. 抓，搔,划(痕)",,
scream,,v.,"/n尖声叫, 尖叫声",,
screen,,n.,"屏幕 v. 掩蔽,放映",,
screening,,n.,"放映 v. 遮蔽,筛选",,
screw,,n.,"螺丝钉,螺旋 v. 调节,旋",,
script,,n.,"手稿, 手迹",,
scroll,,n.,卷轴； 纸卷， 画卷； 名册,,
scrub,,n.,灌木丛,,
scrubbiness,,adj.,"褴褛的,灌木丛生的",,
scruffy,,adj.,肮脏的，不洁的,,
scruple,,,"n&v. 踌躇, 犹豫",,
scrupulous,,adj.,多顾虑的， 谨慎的； 一丝不苟的， 严谨的； 审慎正直的， 恪守道德规范的,,
scrutinize,,v.,仔细检查， 细察,,
scuba,,n.,水中呼吸器,,
scuffle,,,n&vi. 扭打， 混战,,
sculpt,,vt.,雕刻,,
sculptor,,n.,雕刻家,,
sculptural,,adj.,雕刻的,,
sculpture,,n.,"雕塑,雕刻",,
scurry,,v.,疾行,,
seabed,,n.,"海底, 海床",,
seabird,,n.,海鸟(如海鸥),,
seaboard,,n.,"海岸, 沿海地方 a海滨的",,
seacoast,,n.,海滨,,
seafarer,,n.,"船员, 航海家",,
seafloor,,n.,海底,,
seafood,,n.,"海产食品, 海味",,
seagoing,,adj.,"适于远航的,出海的",,
seal,,n.,"封铅 vt封, 密封",,
seaman,,n.,"海员, 水手",,
seaport,,n.,"海港, 港口都市",,
sear,,adj.,"烤焦的, 枯萎的 v. 烤焦,变干枯",,
search,,v.,"搜寻,调查",,
seashell,,n.,海贝壳,,
seashore,,n.,"海岸, 海滨",,
season,,n.,季节,,
seasonal,,adj.,"季节的,周期性的",,
seasoning,,n.,调味品， 调料,,
seat,,n.,座位 v. 使坐下,,
seattle,,n.,西雅图,,
seawater,,n.,海水,,
seaway,,n.,海上航道,,
seaweed,,n.,"海草, 海藻",,
secede,,vi.,正式脱离， 退出,,
seclusion,,n.,隔离,,
second,,adj.,第二的；次等的，二等的 v. 赞成，附和 num. 第二 n. 秒；瞬间，片刻,,
secondary,,adj.,"次要的,二级的",,
secondhand,,adj.,"a&ad 二手的, 间接的",,
secrecy,,n.,"秘密,保密",,
secret,,,n&a. 秘密(的),,
secretary,,n.,"秘书, 部长",,
secrete,,v.,"隐藏,隐匿",,
secretin,,n.,分泌素,,
sect,,n.,"宗派, 教派",,
section,,n.,部分,,
sectional,,adj.,"可组合的,部分的",,
sector,,n.,"部分, 部门",,
secular,,adj.,"长期的,世俗的",,
secure,,adj.,"安全的,可靠的 v. 保护",,
securely,,adv.,安全地；无疑地,,
security,,n.,安全,,
sedentary,,adj.,"久坐的,固定不动的",,
sedge,,n.,[植]莎草,,
sediment,,n.,沉淀物， 沉积物,,
sedimentary,,adj.,"沉积的,沉淀性的",,
sedimentation,,n.,"沉淀,沉降",,
seduce,,v.,勾引；引诱,,
seed,,n.,种子 v. 播种,,
seedling,,n.,幼苗,,
seedy,,adj.,"多种子的, 结籽的",,
seek,,v.,"寻找,探索",,
seeker,,n.,"搜索者, 探求者",,
seem,,v.,好像， 似乎,,
seemingly,,adv.,表面上地,,
seep,,v.,渗出,,
seepage,,n.,"渗流, 渗出的量",,
segment,,n.,"段, 节",,
segregate,,v.,隔离,,
seismic,,adj.,[地]地震的,,
seismograph,,n.,地震仪， 测震仪,,
seismology,,n.,地震学,,
seize,,v.,"抓住,夺取",,
seldom,,adv.,"很少, 不常",,
select,,v.,"选择,挑选 adj. 精选的",,
selection,,n.,"选择,挑选",,
selective,,adj.,"选择的, 选择性的",,
selenium,,n.,[化]硒,,
self,,n.,"自己,自我",,
selfish,,adj.,自私的,,
selfless,,adj.,无私的,,
sell,,v.,"出售,卖",,
seller,,n.,售货者,,
semantic,,adj.,语义的,,
semester,,n.,学期,,
semiarid,,adj.,半干旱的,,
semicircular,,adj.,半圆的,,
semimolten,,adj.,半熔的,,
seminar,,n.,"研究会,讨论发表会",,
semiotics,,n.,符号学,,
semiskilled,,adj.,半熟练的,,
semitic,,n.,/a闪族人(语) (的),,
senate,,n.,参议院,,
senator,,n.,参议员,,
send,,v.,"发送,派遣",,
sender,,n.,"寄件人,发送人",,
senior,,adj.,"年长的, 资格较老的",,
sensation,,n.,"感觉,感情",,
sensational,,adj.,"轰动的, 耸人听闻的",,
sensationalism,,n.,"追求轰动效应, 感觉论",,
sense,,v.,"感觉,意识到",,
sensibility,,n.,"敏感性,识别力",,
sensible,,adj.,"有感觉的, 明智的",,
sensitive,,adj.,"敏感的,灵敏的",,
sensitively,,adv.,"易感知地, 神经过敏地",,
sensitivity,,n.,"敏感, 灵敏(度)",,
sensory,,adj.,"知觉的, 感觉的",,
sensual,,adj.,感觉的， 感官的； 肉欲的； 耽于感官享受的,,
sentimental,,adj.,感伤的；多愁善感的,,
sentimentalism,,n.,"感情主义, 沉于情感",,
sentimentalized,,v.,"流于感伤, 变多愁善感",,
sepal,,n.,萼片,,
separable,,adj.,"可分离的, 可分的",,
separate,,v.,"分开,隔开",,
separately,,adv.,"分别地,分离地",,
separation,,n.,"分离,分开",,
september,,n.,九月(略作Sep),,
sequence,,n.,"次序,顺序",,
sequential,,adj.,序列的； 连续的； 随之而来的,,
sequester,,v.,"使隐退, 扣押, 没收",,
sequoia,,n.,[植] 美洲杉,,
serene,,adj.,平静的 n宁静,,
series,,n.,"系列,连续",,
serigraphy,,n.,"绢印, 绢网印艺术",,
serious,,adj.,"严肃的,认真的,严重的",,
seriousness,,n.,"严肃, 认真",,
serpentine,,adj.,蜿蜒的,,
serrate,,adj.,锯齿状的,,
serum,,n.,"浆液, 血清",,
servant,,n.,仆人,,
serve,,v.,"服务,担任",,
server,,n.,服务器,,
service,,n.,"公共设施,服务 v. 服务",,
serviceable,,adj.,有用地，耐用的,,
session,,n.,"会议, 开庭",,
set,,n.,"(一)套 v. 放置,设定",,
setback,,n.,挫折， 阻碍； 倒退,,
setting,,n.,环境； 背景； 布景； 曲； 底座， 底板,,
settle,,v.,"解决,定居,安顿",,
settlement,,n.,"解决,协议,居留地",,
setup,,n.,"装备, 安装,计划",,
seven,,num.,"七,七个",,
seventeenth,,num.,"第十七,十七分之一",,
seventy,,num.,七十,,
severe,,adj.,"严厉的,剧烈的,严重的",,
severely,,adv.,"严格地, 激烈地",,
severity,,n.,"严肃, 严格",,
sew,,v.,"缝合, 缝纫",,
sewage,,n.,"污水, 污物",,
sewer,,n.,排水沟，下水道,,
sewerage,,n.,"排水设备, 污水",,
sex,,n.,"性别,性",,
sexism,,n.,性别歧视,,
sexually,,adv.,"性别地,两性之间地",,
shade,,n.,"荫,阴凉处vi渐变 ,遮蔽",,
shadow,,n.,阴影；影子,,
shaft,,n.,柄，杆,,
shake,,,n& v. 摇动，颤抖,,
shakespeare,,n.,"莎士比亚(1564-1616,英国剧作家,诗人)",,
shale,,n.,"页岩,泥板岩",,
shallow,,adj.,浅的,,
shaman,,n.,"萨满教的道士, 僧人或巫师",,
shame,,n.,羞耻，羞愧，耻辱；可耻的人 vt. 使羞愧； 玷辱,,
shape,,n.,形状，外形，样子；体形，身材；形式；幻象；情况，状况 vt. 使成为…形状， 塑造； 决定…的形成,,
shapeless,,adj.,"不成形的, 无定形的",,
shaper,,n.,"造形者, 塑造者",,
share,,v.,"分享,分担",,
sharp,,adj.,"锐利的,明显的,急剧的",,
sharpen,,v.,削尖， 磨快； 使敏锐； 变得清晰,,
sharper,,n.,"磨具,(赌博中的)骗子",,
sharply,,adv.,锋利地；剧烈地,,
shatter,,v.,粉碎，破灭,,
shear,,v.,"剪, 剪切",,
sheath,,n.,鞘， 外壳； 套； 护皮； 紧身连衣裙,,
shed,,v.,"脱落,流出 n棚屋",,
sheep,,n.,"羊,绵羊",,
sheepskin,,n.,"羊皮(革,纸), 毕业证书",,
sheer,,,a&ad. 十足的，陡峭的,,
sheet,,n.,"(一)片,(一)张",,
shelf,,n.,"架子,搁板",,
shell,,n.,"(贝)壳,外壳 v. 剥壳,炮击",,
shellfish,,n.,"贝, 甲壳类动物",,
shelter,,n.,"掩蔽,庇护所 v. 掩蔽,躲避",,
shelve,,v.,搁置,,
shepherd,,n.,牧羊人 v. 带领，引导,,
shield,,v.,"防护,遮蔽",,
shift,,,"v&n. 转移,转变,转换",,
shin,,n.,胫骨,,
shine,,v.,"照耀,发光 n光泽",,
shiny,,adj.,发光的；磨光的,,
ship,,n.,"船 v. 航运,载运",,
shipbuilding,,n.,造船,,
shipment,,n.,"装船, 出货",,
shipwreck,,n.,"船只失事,海难 v. 使失事",,
shipwright,,n.,造船者,,
shirk,,v.,逃避， 规避,,
shirt,,n.,衬衫,,
shock,,,n&v. 震动；震惊,,
shoe,,n.,鞋,,
shoemaker,,n.,鞋匠,,
shoemaking,,n.,制鞋,,
shoeshine,,n.,"鞋油, 擦皮鞋",,
shoot,,v.,"发射, 开枪",,
shop,,n.,商店 v. 买东西,,
shopper,,n.,购物者,,
shore,,n.,"岸, 海滨",,
shorebird,,n.,"岸禽类鸟,沙禽",,
shoreline,,n.,海岸线,,
short,,adj.,"短的,矮的",,
shortage,,n.,"不足, 缺乏",,
shortcut,,n.,捷径,,
shorten,,v.,"缩短, (使)变短",,
shortly,,adv.,"立刻, 马上",,
shortness,,n.,短缺,,
shortwave,,n.,短波,,
shoshone,,n.,美国休休尼族印第安人;休休尼语,,
shoulder,,n.,"肩(部)t肩负, 承当",,
shovel,,n.,"铲,挖斗机",,
shower,,n.,"阵雨, 淋浴",,
showman,,n.,"戏剧制作人, 玩杂耍的",,
shred,,n.,碎片，细条；些许，少量 vt. 切碎， 撕碎,,
shrewd,,adj.,敏捷的， 机灵的； 精明的,,
shrill,,adj.,尖声的 v. 尖声叫出,,
shrimp,,n.,小虾 v捕虾,,
shrine,,n.,"圣地, 神龛",,
shrink,,v.,"收缩, (使)皱缩 n. 收缩",,
shrinkage,,n.,收缩,,
shrivel,,v.,枯萎,,
shroud,,n.,"裹尸布, 寿衣 v. 用裹尸布裹, 遮蔽",,
shrub,,n.,"灌木, 灌木丛",,
shrubby,,adj.,灌木的,,
shudder,,n.,"震动 vi战栗, 发抖",,
shuffle,,,v&n. 拖着脚走； 洗； 蒙混； 搅乱,,
shun,,v.,"避开,避免",,
shut,,v.,"关上, 关闭",,
shutter,,n.,百叶窗；(照相机的)快门,,
shuttle,,n.,航天飞机；梭子 v穿梭来回(运送),,
shy,,adj.,"怕羞的, 畏缩的",,
shyness,,n.,"羞怯, 胆怯",,
sibling,,n.,兄弟姐妹,,
sick,,adj.,有病的；恶心的,,
sickness,,n.,"疾病, 呕吐",,
sidebar,,n.,补充报道,,
sideline,,n.,"副业, 边界线",,
sidewalk,,n.,人行道,,
sideways,,,"a&ad. 旁的, 横向的",,
siege,,n.,包围， 围困； 封锁,,
sierra,,n.,"[地]齿状山脊, [鱼]马鲛",,
sieve,,n.,"n 筛,滤网 v. 筛, 过滤",,
sift,,v.,详审,,
sight,,n.,"视力, 视域",,
sign,,n.,"标记,符号 v. 做标记",,
signal,,n.,"信号,标志 v. 发信号,标志着",,
signaler,,n.,信号员,,
signature,,n.,"签名,信号",,
signer,,n.,"签名人, (用手势) 示意者",,
significance,,n.,"意义,重要性",,
significant,,adj.,"重要的,意义重大的",,
signify,,v.,"颇为重要, 意味",,
silence,,n.,"寂静, 沉默 v. 使沉默",,
silent,,adj.,"寂静的, 沉默的",,
silhouette,,n.,"侧面影象,轮廓 v. 使…照出影子来",,
silica,,n.,[化]硅石,,
silicate,,n.,硅酸盐,,
siliceous,,adj.,硅酸的；硅土的,,
silicon,,n.,[化]硅,,
silk,,n.,丝绸,,
sill,,n.,基石(岩床底面),,
silly,,adj.,"愚蠢的, 可笑的",,
silt,,n.,淤泥 v. (使)淤塞,,
silurian,,adj.,〈地〉志留纪的,,
silver,,n.,银 v. 镀银,,
silversmith,,n.,银器匠,,
silvery,,adj.,"含银的,银色光泽的",,
similar,,adj.,相似的， 类似的,,
simile,,n.,明喻,,
simmer,,vi.,充满；煨，炖 n. 煨， 炖,,
simple,,adj.,"简单的,朴素的",,
simplicity,,n.,"简单, 朴素",,
simplification,,n.,简化,,
simplify,,v.,"单一化,简单化",,
simplistic,,adj.,过分简单化的,,
simply,,adv.,简单地,,
simulate,,v.,"模拟, 模仿",,
simulation,,n.,"仿真, 假装",,
simultaneous,,adj.,"同时发生的,同步的",,
simultaneously,,adv.,同时地,,
sincerity,,n.,"诚挚, 真实",,
sing,,v.,"唱,演唱",,
singer,,n.,歌手,,
single,,adj.,"单一的,单个的,独身的",,
singleton,,n.,"一个, 独身",,
singly,,adv.,"单独地, 个别地",,
singular,,n.,单数 adj. 单一的,,
sink,,v.,下沉,,
sinkhole,,n.,污水池,,
sinuous,,adj.,蜿蜒的,,
sister,,n.,姐妹,,
sit,,v.,坐,,
site,,n.,"位置,地点 v. 使位于,设置",,
situate,,v.,位于，坐落在,,
situated,,adj.,坐落在…的； 处于…境地的,,
situation,,n.,"情形,境遇",,
six,,num.,"六,六个",,
sixteen,,num.,十六,,
sixteenth,,num.,"第十六,十六分之一",,
sixth,,num.,"第六, 六分之一",,
sizable,,adj.,相当大的,,
skate,,n.,冰鞋 vi溜冰,,
skeletal,,adj.,"骨骼的, 梗概的",,
skeletally,,adj.,"骨骼的, 梗概的",,
skeleton,,n.,"骨架,纲要",,
skeptical,,adj.,怀疑的,,
skepticism,,n.,怀疑论,,
sketch,,n.,略图 v素描；概述,,
ski,,n.,滑雪板 vi滑雪,,
skill,,n.,"技能,技巧",,
skillful,,adj.,"熟练的, 灵巧的",,
skillfully,,adv.,"巧妙地,技术好地",,
skim,,v.,撇去； 掠过， 擦过； 浏览， 略读,,
skin,,n.,皮肤,,
skip,,v.,跳；跳过，略过，漏过；不出席 n. 跳； 跳过,,
skirt,,n.,裙子,,
skull,,n.,"头脑,头骨",,
sky,,n.,"天,天空",,
skylight,,n.,天窗,,
skyrocket,,n.,冲天火箭（烟火）,,
skyscraper,,n.,摩天楼,,
slab,,n.,厚板，平板,,
slacken,,v.,松弛， 放松； 减缓， 放慢,,
slam,,v.,砰地关上(放下),,
slander,,,vt&n. 诽谤,,
slapdash,,adj.,匆促的,,
slapstick,,n.,"闹剧, 趣剧",,
slash,,v.,砍；大幅削减 n. 砍痕， 伤痕； 斜线号,,
slat,,n.,板条v打击,,
slate,,n.,"板岩,石板",,
slave,,n.,奴隶,,
slavery,,n.,"奴隶身分, 奴隶制度",,
slavish,,adj.,"奴隶的, 盲从的, 专横的",,
slay,,v.,杀死，宰杀,,
sled,,n.,(小)雪撬,,
sledding,,n.,进展,,
sleek,,adj.,"圆滑的,使…光滑",,
sleep,,,"vi&n. 睡,睡觉",,
sleeper,,n.,"睡眠,枕木",,
sleepiness,,n.,"想睡,瞌睡",,
sleepy,,adj.,"困乏的,欲睡的",,
sleigh,,n.,雪橇,,
slender,,adj.,"苗条的, 微薄的",,
slice,,n.,薄片 v切(片),,
slick,,adj.,圆滑的；精巧的,,
slide,,,"v&n. 滑动,下滑",,
slider,,n.,"滑雪者, 滑冰者",,
slight,,adj.,"轻微的,微小的",,
slime,,n.,"粘土, 粘液",,
slimy,,adj.,"黏滑的, 卑劣的",,
slip,,,"n&v. 滑倒,滑动",,
slipper,,n.,拖鞋,,
slippery,,adj.,"滑的,光滑的",,
slit,,v.,"撕裂 n. 裂缝, 狭长切口",,
slog,,v.,艰难行进； 埋头苦干； 猛击,,
slogan,,n.,标语， 口号； 广告语,,
slop,,v.,"溢出, 溅溢",,
slope,,n.,斜坡 v(使)顺斜,,
slot,,n.,狭缝；空位,,
sloth,,n.,懒惰,,
slothful,,adj.,偷懒的,,
slough,,vt.,使脱落 n. 泥坑， 沼泽； 绝境,,
slow,,adj.,"慢的 v. 放慢,减速",,
slowly,,adv.,"慢慢地,迟缓地",,
slowness,,n.,"缓慢, 迟钝",,
sludge,,n.,"软泥, 淤泥",,
sluggish,,adj.,行动迟缓的； 不活泼的； 无精打采的， 怠惰的,,
sluggishly,,adj.,"缓慢的, 懒惰的",,
slum,,n.,贫民窟,,
slumber,,n.,睡眠 v. 睡眠,,
slush,,n.,烂泥 v溅湿,,
smear,,v.,"涂污,弄脏 n. 油迹, 涂片",,
smell,,n.,"气味v嗅, 闻到",,
smelt,,v.,熔解，熔炼,,
smelter,,n.,"熔炉, 熔炼工",,
smelting,,n.,冶炼， 熔炼,,
smile,,,vi&n. 微笑,,
smirk,,vi.,假笑， 得意地笑,,
smite,,v.,重击,,
smoke,,v.,"抽烟, 吸烟",,
smoky,,adj.,"冒烟的, 烟状的",,
smooth,,adj.,"光滑的,平整的 v. 弄平",,
smoothly,,adv.,平稳地,,
smoothness,,n.,平坦， 光滑,,
smother,,v.,窒息,,
smuggle,,v.,"走私, 偷带",,
snack,,n.,快餐， 小吃， 点心,,
snail,,n.,蜗牛,,
snake,,n.,蛇,,
snap,,v.,"喀嚓折断,拍快照 n吧嗒声",,
sneaker,,n.,鬼鬼祟祟的人， 卑鄙者； 运动鞋,,
sneaky,,adj.,偷偷摸摸的， 鬼鬼祟祟的,,
sneeze,,n.,喷嚏 vi打喷嚏,,
snide,,adj.,伪造的； 不诚实的； 讽刺的， 挖苦的， 含沙射影的,,
snipe,,n.,[鸟]鹬,,
snippet,,n.,"小片, 片断",,
snout,,n.,"猪嘴,鼻子",,
snow,,n.,雪 v. 下雪,,
snowdrift,,n.,雪堆,,
snowfall,,n.,"降雪,降雪量",,
snowflake,,n.,雪花,,
snowstorm,,n.,暴风雪,,
snowy,,adj.,"雪的, 多雪的",,
snugly,,adv.,"舒适温暖地, 整洁地",,
so-called,,adj.,所谓的,,
soak,,,"n&v. 浸泡, 渗透",,
soap,,n.,肥皂,,
soar,,v.,"高飞,昂扬 n. 高涨程度",,
sober,,adj.,清醒的，未醉的；持重的，冷静的；素净的 v. 清醒； 变得冷静,,
sobriquet,,n.,"假名, 绰号",,
soccer,,n.,足球,,
sociability,,n.,"好交际,善于交际",,
sociable,,adj.,好交际的， 合群的； 友善的， 友好的,,
sociably,,adv.,和蔼可亲地,,
socialization,,n.,"社会化, 社会主义化",,
socialize,,v.,"使社会化, 使社会主义化",,
socially,,adv.,社交上；社会上,,
sociobiology,,n.,生物社会学,,
sociologist,,n.,社会学家,,
sociology,,n.,社会学,,
sod,,n.,草地,,
soda,,n.,"苏打, 碳酸水",,
sodium,,n.,[化] 钠,,
soft,,adj.,"软的,温和的",,
softball,,n.,"垒球运动, 垒球",,
soften,,v.,"(使)变柔软,(使)变柔和",,
softness,,n.,"柔和, 温柔",,
softwood,,n.,软木材,,
soilless,,adj.,不用泥土(培植)的,,
solar,,adj.,太阳(能)的,,
solder,,n.,焊料 v. 焊接,,
soldier,,n.,"士兵,军人",,
sole,,adj.,单独的；唯一的 n. 鞋底， 脚底,,
solely,,adv.,"独自地, 单独地",,
solemn,,adj.,"庄严的,严肃的",,
solicit,,v.,恳请； 乞求； 征求； 勾引； 招揽,,
solid,,n.,固体,,
solidarity,,n.,团结,,
solidify,,v.,"(使)凝固,团结",,
solidly,,adv.,"坚硬地, 稳固地",,
solitary,,adj.,孤独的,,
solitude,,n.,孤独,,
solo,,n.,独奏曲 a单独的,,
soloist,,n.,"独奏者, 独唱者",,
soluble,,adj.,"可溶的, 可溶解的",,
solution,,n.,"解决,解答",,
solve,,v.,"解决,解答",,
solvent,,adj.,有溶解力的； 有偿付能力的 n. 溶剂,,
somber,,adj.,昏暗的； 忧郁的,,
someday,,adv.,有朝一日,,
somehow,,adv.,"以某种方式,不知怎么地",,
someone,,pron.,"有人, 某人",,
somerset,,n.,翻筋斗 vi. 翻筋斗,,
something,,pron.,"某事,某物 adv. 有点,大约",,
sometime,,adv.,将来(或过去)某个时候 adj. 以前的,,
somewhat,,adv.,"稍微,有点,有些",,
somewhere,,adv.,"某处, 在某处",,
son,,n.,儿子,,
sonar,,n.,"声纳, 声波定位仪",,
song,,n.,歌(曲),,
songbird,,n.,"鸣禽,鸣鸟",,
songwriter,,n.,歌曲作家，歌曲作者,,
sonic,,adj.,音速的,,
soon,,adv.,"不久,很快",,
soothe,,v.,"缓和, 安慰",,
sophisticate,,adj.,"诡辩的,久经世故的",,
sophisticated,,adj.,老练的， 见多识广的； 精密的； 复杂的， 先进的； 高雅的， 有教养的,,
sophistication,,n.,"老练, 精明",,
soprano,,n.,女高音,,
sore,,adj.,疼痛的；恼火的 n. 疮口， 痛处,,
sorghum,,n.,[植]高粱属的植物,,
sorrow,,n.,"悲哀, 悲痛",,
sorrowful,,adj.,悲伤的，使人伤心的,,
sort,,n.,"种类v分类,拣选",,
soul,,n.,"灵魂, 精髓",,
sound,,adj.,可靠的；健康的，完好无损的；合理的 v. 似乎； 测量…的深度,,
soundly,,adv.,"完全地, 健全地",,
soup,,n.,汤,,
sour,,adj.,"酸的, 发酵的 v. 变酸",,
source,,n.,源， 源泉； 来源， 出处； 信息来源,,
south,,n.,南部 adj. 南方的 adv. 在南方,,
southeast,,,n&a. 东南(的),,
southeastern,,adj.,东南方的,,
southerly,,adj.,向南方的 ad在南方,,
southern,,adj.,"南的,南方的",,
southerner,,n.,"南方人, 居住在南方的人",,
southernmost,,adj.,最南的,,
southward,,adj.,向南 a向南的,,
southwest,,n.,西南方(的),,
southwestern,,adj.,"西南的, 来自西南的",,
souvenir,,n.,纪念品,,
sovereign,,adj.,君主的；至高无上的；独立自主的 n. 君主， 元首， 最高统治者,,
sovereignty,,n.,"君主, 主权",,
soviet,,,n&a. 苏维埃(的),,
sow,,n.,"大母猪 v. 播种,散布",,
soybean,,n.,大豆,,
spacecraft,,n.,太空船,,
spaceship,,n.,太空船,,
spacious,,adj.,"广大的,大规模的",,
spaghetti,,n.,意大利式细面条,,
spain,,n.,西班牙(欧洲南部国家),,
span,,n.,跨度v横越,,
spanish,,,"a&n. 西班牙(的),西班牙人(的)",,
spank,,v.,鞭策前进 v. 轻快的移动 n. 拍击,,
spar,,n.,"争论,园材(如桅,桁等)",,
spare,,adj.,备用的；多余的,,
sparingly,,adv.,"节俭地, 保守地",,
spark,,n.,火花 v. 触发，引起,,
sparrow,,n.,[鸟]麻雀,,
sparse,,adj.,"稀少的, 稀疏的",,
sparsely,,adv.,稀疏地,,
spatial,,adj.,空间的,,
spatter,,v.,溅污 n滴落,,
spawn,,v.,产卵 n. 卵,,
speak,,v.,"说话,谈话",,
speaker,,n.,"说话者, 演讲人",,
spear,,n.,"矛, 枪",,
spearhead,,v.,充当先锋,,
special,,adj.,"特别的,特殊的",,
specialist,,n.,"专门医师, 专家",,
speciality,,n.,"特性, 特质",,
specialization,,n.,"特殊化, 专门化",,
specialize,,v.,专攻,,
specially,,adv.,专门地；特别地,,
species,,n.,种类， 类群,,
specific,,adj.,"特定的,具体的",,
specifically,,adv.,特别地；明确地，具体地,,
specification,,n.,"详述, 规格",,
specify,,v.,"指定, 详细说明",,
specimen,,n.,"范例,标本,样品",,
speck,,n.,斑点,,
speckle,,n.,小斑点 vt点缀,,
spectacle,,n.,"景象, 场面,奇观",,
spectacular,,adj.,"引人入胜的, 壮观的",,
spectacularly,,adv.,"壮观地, 令人吃惊地",,
spectator,,n.,观众(指比赛或表演),,
spectrum,,n.,光谱,,
speculate,,v.,"推测, 思索, 做投机买卖",,
speculation,,n.,"思索, 做投机买卖",,
speculative,,adj.,"推测的, 思索的,投机的",,
speculator,,n.,投机者,,
speech,,n.,演说,,
speechwriter,,n.,演讲稿撰写人,,
speed,,n.,"速度 v. 加速,急行",,
speedy,,adj.,"快的, 迅速的",,
spell,,v.,拼写,,
spellbind,,vt.,用妖术迷惑； 迷住， 使入迷,,
spend,,v.,"花费,度过",,
spew,,v.,"喷涌,呕吐",,
sphere,,n.,"球, 范围",,
spherical,,adj.,球(面、状)的,,
spheroid,,n.,球状体， 椭球体,,
spheroidal,,adj.,球状的,,
spice,,n.,香料，调味品；趣味，情趣 vt. 加香料于； 给…增添趣味,,
spider,,n.,"蜘蛛,三脚架",,
spidery,,adj.,"蜘蛛(网)一般的, 细长足的",,
spike,,n.,长钉， 大钉； 猛增， 急升,,
spiky,,adj.,"大钉似的, 尖刻的",,
spill,,v.,(使)溢出 n溢出,,
spillage,,n.,"溢出, 溢出量",,
spin,,v.,"旋转,纺纱",,
spinal,,adj.,脊椎骨 n. 脊髓麻醉,,
spine,,n.,脊柱,,
spinet,,n.,"古时的小型竖琴, 小型立式钢琴",,
spinning,,adj.,旋转的 n. 纺纱,,
spiny,,adj.,"多剌的, 剌状的",,
spiral,,v.,盘旋,,
spirit,,n.,"精神, 灵魂",,
spiritual,,adj.,精神上的,,
spit,,n.,唾液 v吐(唾沫),,
spite,,n.,"(in ～ of)不顾,不管",,
splash,,,"n&v. 溅, 飞溅",,
splinter,,n.,"尖片, 碎片 v. 分裂",,
split,,v.,分裂；撕裂 n裂口,,
spoil,,v.,损坏；溺爱 vi变质,,
spoilage,,n.,损坏,,
sponge,,n.,海绵 vt擦,,
sponsor,,n.,"发起人 v发起, 主办, 赞助",,
spontaneity,,n.,自发性,,
spontaneous,,adj.,"自发的,自然产生的",,
spontaneously,,adv.,自发地,,
spoon,,n.,匙，调羹,,
spoonful,,n.,一匙,,
sporadic,,adj.,偶发的， 间或出现的， 零星的,,
spore,,n.,孢子,,
sport,,n.,"运动,运动会",,
spot,,n.,"地点,污点 v. 认出,玷污",,
spotlight,,n.,聚光灯,,
spout,,v.,喷出,,
sprain,,,n&vt. 扭伤,,
sprawl,,v.,伸开,,
spray,,n.,喷雾 vt喷射,,
spread,,v.,"传播,展开,散布",,
spring,,n.,"春天,泉 v. 跳,涌现",,
springboard,,n.,跳板vi利用跳板,,
springtime,,n.,"春天, 春季",,
sprinkle,,v.,撒，洒，喷 n. 少量,,
sprout,,v.,萌芽 n苗芽,,
spruce,,n.,云杉,,
spun,,adj.,拉成丝的,,
spur,,n.,"踢马剌 v. 鞭策, 刺激",,
spurge,,n.,[植]大戟,,
spurn,,,vt&n. 拒绝； 摈弃,,
spy,,n.,"间谍, 侦探 v侦察",,
squabble,,vi.,发生口角，,,
squander,,v.,浪费 n. 浪费,,
square,,adj.,"正方形的,平方的 n正方形；广场",,
squarely,,adv.,"方形地, 直角地",,
squash,,v.,压碎；硬塞n美国南瓜,,
squat,,v.,蹲(下),,
squeak,,n.,吱吱声 v. 吱吱叫,,
squeeze,,,"n&v. 压榨, 挤",,
squid,,n.,鱿鱼， 枪乌贼,,
squirrel,,n.,松鼠,,
squirt,,v.,喷出,,
stability,,n.,稳定性,,
stabilization,,n.,稳定性,,
stabilize,,v.,稳定,,
stabilizer,,n.,"稳定器, 安定装置",,
stable,,adj.,稳定的,,
stack,,v.,堆积， 堆放 n. 堆,,
stadium,,n.,竞走场； 运动场,,
staff,,n.,全体职工，全体人员,,
stag,,n.,牡鹿vi不带女伴参加晚会,,
stage,,n.,"舞台,阶段",,
stagecoach,,n.,公共马车,,
stagecraft,,n.,"编剧才能,演出技术",,
stagger,,v.,"蹒跚,交错 adj. 交错的",,
staggered,,adj.,交错的， 错开的； 震惊的,,
staggering,,adj.,巨大的； 势不可挡的； 惊人的， 令人吃惊的,,
stagnant,,adj.,停滞的；萧条的,,
stagnate,,v.,"(使)淤塞, (使)停滞, (使)沉滞, (使)变萧条",,
stain,,n.,污点v染污,,
stair,,n.,楼梯,,
stake,,n.,树桩,,
stalk,,n.,"茎，梗 v跟踪,高视阔步地走",,
stamford,,n.,斯坦福德[美国康涅狄格州西南部城市],,
stamp,,n.,"邮票,图章 v. 跺脚,盖章",,
stampede,,v.,狂奔，涌向；使仓促行事 n. 逃窜， 狂奔； 热潮， 风尚,,
stance,,n.,站姿，立场,,
stand,,v.,"站,坐落,处于",,
standard,,n.,"标准,规格 adj. 标准的",,
standardize,,v.,"使符合标准, 使标准化",,
standpoint,,n.,"立场, 观点",,
stanza,,n.,节， 段,,
staple,,v.,订 a主要的,,
star,,n.,"星,明星 v. 以星状物装饰,变成演员",,
starch,,n.,淀粉,,
stardom,,n.,明星的身份,,
starfish,,n.,海星,,
stark,,adj.,荒凉的；严酷的 adv. 完全,,
starlike,,adj.,"星形的, 星般闪烁的",,
starling,,n.,欧掠鸟,,
start,,v.,"开始,出发",,
startle,,v.,震惊,,
startling,,adj.,惊人的， 令人吃惊的,,
starvation,,n.,"饥饿, 饿死",,
starve,,v.,(使)饿死,,
stash,,v.,存放 n隐藏处,,
state,,v.,陈述， 说明， 声明； 规定 n. 情况，状况；国家；州,,
stately,,adj.,"庄严的, 堂皇的",,
statement,,n.,"陈述,声明",,
statesman,,n.,政治家,,
static,,adj.,"静态的, 静止的",,
station,,n.,"(车)站,台 v. 安置,派驻",,
stationary,,adj.,"固定的,静止不动的",,
statistic,,n.,统计数值,,
statistical,,adj.,"统计的, 统计学的",,
statuary,,n.,雕象,,
statue,,n.,"塑像,雕像",,
statuette,,n.,小雕像,,
stature,,n.,"身高,(精神、道德等的)高度",,
status,,n.,"身份,地位,情形,",,
staunch,,adj.,坚定的， 忠诚的,,
stave,,n.,桶材；窄板 v敲破,,
stay,,,"v&n. 逗留,保持,延缓",,
steadfastly,,adv.,"踏实地, 不变地",,
steadily,,adv.,"稳定地,坚定地",,
steady,,adj.,"稳固的,坚定的",,
steal,,v.,"偷, 窃取",,
stealthy,,adj.,"鬼鬼祟祟的, 秘密的",,
steam,,n.,"蒸汽v蒸,蒸发",,
steamboat,,n.,汽船,,
steamer,,n.,"汽船, 蒸汽机",,
steamship,,n.,"汽船, 轮船",,
steel,,n.,"钢,钢铁",,
steep,,adj.,"陡峭的,急剧的",,
steer,,v.,"操纵, 驾驶",,
stele,,n.,"石碑, 匾额",,
stellar,,adj.,星的， 恒星的， 星球的； 精彩的； 优秀的,,
stem,,n.,"茎,干 v. 起源于 v. 堵住",,
stench,,n.,"恶臭, 臭气",,
stencil,,n.,"模版,蜡纸 v. 用蜡纸印刷",,
step,,n.,"(脚)步,步骤,台阶 v. 行走,踏上",,
steppe,,n.,特指西伯利亚一带没有树木的大草原,,
stepper,,n.,"行走的人或动物, 跳舞者",,
stereo,,adj.,立体声的 n. 立体声,,
stereotype,,n.,老套，固定模式,,
stereotypical,,adj.,"老一套的,陈规的",,
sterile,,adj.,"贫脊的,不结果的",,
sterilize,,v.,"杀菌, 消毒, 使成不毛",,
stern,,adj.,严厉的 n. 船尾,,
stew,,v.,"炖, 焖",,
stewpot,,n.,双把炖锅,,
stick,,n.,"棍 v. 刺,戳",,
stickpin,,n.,领带夹(指插于领带上的装饰别针),,
sticky,,adj.,"粘的, 粘性的",,
stiff,,adj.,(僵)硬的；生硬的,,
stiffen,,v.,弄硬；加强,,
stifle,,v.,"窒息, 抑制",,
stigma,,n.,污点， 耻辱； 烙印； 特征,,
stillness,,n.,"静止, 沉静",,
stilt,,n.,"高跷, 支柱",,
stimulate,,v.,"刺激,激励",,
stimulation,,n.,"激励,刺激",,
stimulus,,n.,"促进(因素),刺激(物)",,
sting,,,"n&v. 刺, 刺痛",,
stinger,,n.,"刺激者, 讽刺者",,
stingy,,adj.,吝啬的， 小气的,,
stint,,v.,"紧缩,节省",,
stipulate,,v.,"规定, 保证",,
stir,,n.,"轰动, 搅动 v. 搅拌,激起",,
stitch,,v.,"缝, 缝合",,
stock,,n.,库存，股票 v. 储备,,
stocking,,n.,长袜,,
stocky,,adj.,"矮壮的, 健壮结实的",,
stomach,,n.,胃,,
stonemason,,n.,石匠,,
stoneware,,n.,瓷器,,
stonework,,n.,"石雕工艺, 做石工的场所",,
stony,,adj.,"多石的, 无情的",,
stop,,,"n&v. 停止,阻止",,
storage,,n.,"贮藏(量),存储",,
store,,v.,"储存,贮藏 n. 商店",,
storefront,,n.,"店头, 店面",,
storehouses,,n.,"仓库, 储藏所, 宝藏",,
storeroom,,n.,"储藏室, 库房",,
storm,,n.,"暴风雨,暴风雪",,
stormy,,adj.,"暴风雨的, 激烈的, 暴怒的",,
story,,n.,"故事,小说",,
storyteller,,n.,"说故事的人, 作家",,
storytelling,,n.,"说书, 讲故事",,
stout,,adj.,发胖的；结实的,,
stove,,n.,炉,,
straight,,adj.,"直的,连续的",,
straighten,,v.,"(使)弄直, 伸直",,
straightforward,,adj.,"正直的,简单的 adv. 坦率地",,
strain,,,"n&v. 拉紧,紧张,劳累",,
strait,,n.,地峡,,
strand,,v.,使搁浅,,
strange,,adj.,"陌生的,奇怪的",,
strap,,n.,"带, 皮带 v. 用带捆扎",,
stratagem,,n.,"战略, 计谋",,
strategic,,adj.,对全局有重要意义的， 关键的； 战略性的,,
strategy,,n.,策略,,
stratification,,n.,"分层, 成层法",,
stratify,,v.,(使)成层,,
stratigraphy,,n.,地层学； 地层中的岩石组成,,
stratosphere,,n.,"平流层, 高层次",,
stratum,,n.,"地层,阶层",,
strawberry,,n.,[植]草莓,,
stray,,vi.,迷路；分心，走神；离题 adj. 迷路的；,,
streak,,n.,条纹vi疾驶 vt加条纹,,
stream,,n.,"小河,溪流 v. 涌流(出)",,
streambed,,n.,河床,,
streamline,,adj.,流线型的,,
street,,n.,街道,,
streetcar,,n.,路面电车,,
strength,,n.,"力,力量",,
strengthen,,v.,"加强, 巩固",,
strenuous,,adj.,"奋发的, 费力的, 积极的",,
streptomycin,,n.,链霉素,,
stress,,n.,"压力,重点 v. 着重,强调",,
stressful,,adj.,"紧张的, 压力重的",,
stretch,,,"v&n. 伸展,延伸",,
stretcher,,n.,"担架, 延伸器",,
strict,,adj.,"严格的, 严厉的",,
strictly,,adv.,严格地,,
stride,,v.,"大步走(过), 跨过",,
strike,,,"v&n. 罢工,袭击,打",,
strikingly,,adv.,"醒目地, 引人侧目地",,
string,,n.,线 v. 排成一列,,
stringent,,adj.,"严厉的,迫切的",,
strip,,v.,"剥, 剥去",,
stripe,,n.,条纹,,
strive,,v.,"努力, 奋斗",,
stroke,,n.,划桨；击,,
strong,,adj.,"强烈的,坚强的,强壮的",,
stronghold,,n.,"要塞, 据点",,
strongly,,adv.,强烈地；强有力地,,
structurally,,adv.,在结构上,,
struggle,,v.,"努力,奋斗,挣扎",,
struggler,,n.,"奋斗者,斗争者",,
strut,,n.,高视阔步 v. 昂首阔步地走,,
stubble,,n.,"短须, 麦茬",,
stubborn,,adj.,顽固的， 倔强的； 难对付的,,
stubbornness,,n.,"倔强, 顽强",,
stud,,v.,"镶嵌,点缀",,
student,,n.,学生,,
studio,,n.,"画室,工作室",,
stuff,,n.,"原料,素材资料 v. 塞满",,
stumble,,vi.,绊脚； 蹒跚而行； 结巴,,
stump,,n.,"树桩;残余部分 v. 笨重地走,使为难",,
stun,,v.,"使晕倒,打晕 n. 打昏,惊倒",,
stunt,,n.,特技；噱头 v阻碍正常成长,,
sturdiness,,n.,"强健, 雄壮, 坚固",,
sturdy,,adj.,健壮的， 结实的； 稳固的； 顽强的,,
sty,,n.,"猪栏 v住在猪圈里, 关入猪栏",,
style,,n.,"风格,式样",,
stylish,,adj.,"时髦的, 漂亮的, 流行的",,
stylistic,,adj.,"风格上的,文体上",,
stylize,,v.,"使风格化, 仿效的风格",,
stylized,,adj.,非写实的； 程式化的,,
subclass,,n.,"[生]亚纲, 子集",,
subconscious,,adj.,下意识的， 潜意识的 n. 下意识，潜意识,,
subculture,,n.,亚文化行为观念， 次文化,,
subdivide,,v.,"再分, 细分",,
subdivision,,n.,"细分, 一部",,
subduction,,n.,[地]潜没(指地壳的板块沉到另一板块之下),,
subdue,,vt.,制服， 征服； 抑制， 克制,,
subfreezing,,adj.,低于冰点的,,
subglacial,,adj.,冰川下的,,
subject,,n.,"主题,学科 v. 使服从",,
subjective,,adj.,"主观的, 个人的",,
subjugate,,v.,使屈服，征服,,
subjugation,,n.,"镇压, 平息",,
subliminal,,adj.,下意识的， 潜意识的,,
submarine,,n.,潜水艇,,
submerge,,v.,浸没，淹没,,
submission,,n.,屈服， 服从； 提交， 呈递； 提交物； 看法， 意见,,
submit,,v.,"(使)服从,递交",,
subordinate,,adj.,次要的；下级的 vt. 使处于次要地位， 使从属于 n. 部属， 下属,,
suborn,,vt.,收买， 买通， 唆使,,
subscribe,,v.,"订阅, 签名,捐赠",,
subsequent,,adj.,"后来的,并发的",,
subsequently,,adj.,其次，接着,,
subside,,v.,"下沉,平静",,
subsidiary,,adj.,"辅助的, 补充的",,
subsidize,,v.,"资助,津贴",,
subsidy,,n.,"补助金,津贴",,
subsist,,v.,"生存, 存在, 供养",,
subsistence,,n.,"生存, 生活, 留存",,
subspecies,,n.,[生]亚种,,
substance,,n.,"物质,实质,主旨",,
substantial,,adj.,"可观的,牢固的，实质的",,
substantially,,adv.,大体上；本质上,,
substantiate,,v.,"使实体化,证实",,
substantiated,,vt.,"证实, 实体化",,
substantive,,adj.,独立存在的，直接的,,
substitute,,v.,"代替,替换",,
substrate,,n.,"（土地）底层,基础",,
subsurface,,adj.,"地下的, 表面下的n地表下岩石",,
subterranean,,adj.,地下的,,
subtitle,,n.,说明对白的字幕 v. 给…加字幕,,
subtle,,adj.,"微妙的；诡秘的,精细的",,
subtlety,,n.,"微妙, 精明",,
subtract,,v.,"(～ from)减去, 减",,
subtraction,,n.,减少,,
subtractive,,adj.,"减去的,负的",,
subtropic,,adj.,"亚热带的,副热带的",,
subtropical,,adj.,亚热带的,,
suburb,,n.,"市郊, 郊区",,
suburban,,adj.,"郊外的, 偏远的",,
suburbanization,,n.,市郊化,,
subversive,,adj.,颠覆性的，破坏性的 n. 颠覆分子,,
subway,,n.,"地铁, 地下通道",,
succeed,,v.,"成功, 继承, 接着发生",,
success,,n.,"成功,成就",,
successful,,adj.,"成功的,圆满的",,
succession,,n.,"连续,继承",,
successional,,adj.,"接连著的, 连续性的",,
successive,,adj.,"连续的, 接连的",,
successively,,adv.,一个接一个地,,
successor,,n.,"接班人, 继任人",,
succinct,,adj.,"简洁的, 紧身的",,
succinctly,,adv.,"简洁地, 简便地",,
succulent,,adj.,多汁的,,
succumb,,vi.,屈服， 屈从； 死亡,,
suck,,v.,"吸,吮",,
suction,,n.,吸， 抽吸； 吸力,,
sudden,,adj.,"突然的,意外的",,
suddenly,,adv.,突然地,,
suffer,,v.,"遭受, 经历",,
suffice,,v.,足够 v. 使满足,,
sufficiency,,n.,充足；充裕,,
sufficient,,adj.,"足够的,充分的",,
suffragist,,n.,妇女政权论者,,
sugar,,n.,糖,,
sugarcane,,n.,[植]甘蔗,,
sugarlike,,adj.,类糖的(糖似的),,
suggestive,,adj.,"提示的,暗示的",,
suit,,v.,"合适,相配",,
suitable,,adj.,"适当的,相配的",,
suitably,,adv.,"合适地, 适宜地",,
suitcase,,n.,手提箱， 衣箱,,
suite,,n.,"(一批)随员, (一套)家具, 组",,
sulfate,,n.,硫酸盐,,
sulfide,,n.,<美>[化]硫化物,,
sulfur,,n.,[化] 硫磺,,
sulfuric,,adj.,"[化] 硫磺的,含硫的",,
sully,,v.,玷污,,
sum,,n.,"总数,总和 v. 共计,概括",,
sumerian,,n.,闪族人[语],,
summarization,,n.,"摘要, 概要",,
summarize,,v.,"概述, 总结",,
summary,,adj.,概括的， 概要的； 即刻的， 立即的 n. 摘要，概要,,
summer,,n.,夏季,,
summertime,,n.,夏季,,
summit,,n.,"顶点, 最高阶层",,
summon,,v.,传唤， 传讯； 召集， 召开； 鼓起， 振作,,
sumptuous,,adj.,"奢侈的,华丽的",,
sunbaked,,adj.,晒干的,,
sunburst,,n.,从云隙射下的阳光,,
sundial,,n.,"日昝仪, 日规",,
sunflower,,n.,[植]向日葵,,
sunlight,,n.,"日光,阳光",,
sunlit,,adj.,"被日光照射了的, 阳光照射的",,
sunrise,,n.,日出,,
sunset,,n.,"日落, 晚年",,
sunshine,,n.,阳光,,
superb,,adj.,"庄重的, 华丽的, 极好的",,
superbly,,adv.,"雄伟地, 壮丽地",,
supercontinent,,n.,[地]超大陆,,
superficial,,adj.,"表面的, 肤浅的n浅薄的人",,
superimpose,,vt.,使重叠， 使叠加； 添加,,
superintendent,,n.,主管人，监管人,,
superior,,n.,"长者,上级 adj. 较高的,上级的",,
superiority,,n.,"优越, 高傲",,
supermodel,,n.,超级名模,,
supernatural,,,"a&n. 超自然(的), 神奇(的)",,
superorganism,,n.,[生]超个体(指群居昆虫等的群体),,
superorganisms,,n.,[生]超个体(指群居昆虫等的群体),,
supersede,,v.,"代替, 取代",,
supersonic,,,n&a. 超声波(的),,
superstitious,,adj.,迷信的， 受迷信思想支配的,,
supervise,,v.,"监督, 管理",,
supervision,,n.,"监督, 管理",,
supervisor,,n.,管理人；监督人,,
supervisory,,adj.,监督的,,
supplant,,v.,排挤，取代,,
supplement,,n.,"补充, 附录",,
supplementary,,adj.,增补的，补充的,,
supplementation,,n.,"增补,补充",,
supplier,,n.,"供应者, 补充者",,
supply,,n.,供应；储备；补给 vt. 供给， 供应； 满足， 弥补,,
supporter,,n.,"支持者, 赡养者",,
supportive,,adj.,支持的,,
suppose,,v.,"推想, 假设",,
supposedly,,adv.,"推测地, 大概",,
supposition,,n.,"假定, 想象",,
suppress,,v.,"镇压,抑制",,
supremacy,,n.,"地位最高的人,至高,霸权",,
supreme,,adj.,"最高的, 至上的",,
supremely,,adv.,"无上地, 崇高地",,
surcharge,,n.,额外费用，增收费，附加费 vt. 收取额外费用,,
sure,,adj.,"对有把握 ad的确, 当然",,
surge,,,"n&v. (波涛)汹涌,涌起",,
surgeon,,n.,外科医生,,
surgery,,n.,外科手术； 外科学； 手术室， 诊疗室,,
surmise,,v.,猜测,,
surmount,,v.,克服；置于…顶上,,
surpass,,v.,"超越, 胜过",,
surplus,,n.,"剩余,过剩",,
surprise,,n.,惊奇 v. 使惊奇,,
surrender,,,"v&n. 放弃, 投降",,
surround,,v.,"包围,环绕",,
surrounding,,n.,"围绕物,环境 a周围的",,
survey,,,n&vt. 调查,,
surveyor,,n.,"测量员, 检查员",,
survivability,,n.,残存性,,
survival,,n.,"幸存,生存",,
survive,,v.,"活着,幸存",,
survivor,,n.,"生还者, 残存物",,
susceptible,,adj.,"易受外界影响的,易受感染的",,
suspect,,v.,"推测,怀疑",,
suspend,,v.,"暂停,悬，挂",,
suspender,,n.,"吊裤带, 悬挂物, 吊杆, 袜吊",,
suspense,,n.,担心， 焦虑； 悬念， 不确定,,
suspension,,n.,"暂停, 中止",,
suspicion,,n.,"猜疑, 怀疑",,
suspicious,,adj.,"可疑的,多疑的",,
sustain,,v.,"支撑,维持",,
sustainable,,adj.,不破坏生态平衡的， 可持续的； 足可支撑的； 可忍受的,,
sustenance,,n.,"食物, 生计, (受)支持",,
swallow,,,"n&v. 吞下,咽下",,
swamp,,n.,"沼泽,湿地",,
swampy,,adj.,沼泽的，似沼泽的,,
swap,,v.,交换，掉换 n. 交换， 掉换； 交换物， 被调换者,,
swarm,,n.,"蜂群, 一大群",,
sway,,,"v&n. 摇摆, 支配",,
swear,,v.,"宣誓, 发誓",,
sweat,,n.,汗 v(使)出汗,,
sweatshop,,n.,"血汗工厂(指工人劳动条件差,工作时间长,工资低的工场或工厂)",,
sweaty,,adj.,"出汗的, 吃力的",,
sweden,,n.,瑞典,,
sweep,,v.,"打扫, 清扫",,
sweeping,,adj.,彻底的，广泛的；〈贬〉笼统的，一概而论的 n. 清扫， 扫除； 垃圾,,
sweet,,adj.,甜的,,
swell,,v.,"(使)膨胀, 增大",,
swift,,adj.,"迅速的,敏捷的",,
swiftly,,adv.,"很快地, 即刻",,
swiftness,,n.,迅速，敏捷,,
swim,,,n&v. 游泳,,
swimmer,,n.,游泳者,,
swindle,,,vt&n. 诈骗， 骗取,,
swing,,v.,"摇摆, 摆动",,
swirl,,,n&v. 旋转，漩涡,,
swiss,,n.,"/ a瑞士(的), 瑞士人(的)",,
switch,,n.,"开关 vt转换, 转变",,
switzerland,,n.,瑞士(欧洲中部国家),,
swoon,,,vi&n. 昏厥， 昏倒； 痴迷,,
swoop,,v.,猛扑； 突然袭击 n. 突然行动,,
sword,,n.,剑,,
swordfish,,n.,旗鱼,,
syllable,,n.,音节,,
syllabus,,n.,教学大纲， 课程提纲,,
symbiosis,,n.,"[生]共生(现象),合作关系",,
symbiotic,,adj.,共生的,,
symbol,,n.,"符号,记号,象征",,
symbolic,,adj.,"象征的,符号的",,
symbolically,,adv.,象征(性)地,,
symbolism,,n.,象征主义,,
symbolize,,v.,象征,,
symmetrical,,adj.,匀称的，对称的,,
symmetry,,n.,对称； 相似， 相仿,,
sympathetic,,adj.,同情的,,
sympathy,,n.,"同情, 同情心",,
symphonic,,adj.,"交响乐的, 和声的",,
symphony,,n.,"交响乐, 交响曲",,
symptom,,n.,"症状, 征兆",,
synapsis,,n.,"[生]染色体结合, 突触",,
synchronization,,n.,同步化,,
synchronize,,v.,同步,,
synchronizer,,n.,同步装置,,
synchrotron,,n.,同步加速器,,
syndrome,,n.,综合病症,,
synonym,,n.,同义字,,
synonymous,,adj.,同义的,,
syntactic,,adj.,句法的； 按照句法的,,
syntax,,n.,"语法, 句法",,
synthesize,,v.,"综合, 合成",,
synthesizer,,n.,"综合者, [电子]合成器",,
synthetic,,adj.,"合成的, 综合的",,
syrup,,n.,"糖浆, 果汁",,
systematic,,adj.,"系统的,体系的",,
systematically,,adv.,"有系统地, 有条理地",,
systematize,,v.,系统化,,
table,,n.,"桌子,表格",,
tableland,,n.,高原,,
tablet,,n.,药片,,
taboo,,adj.,忌讳的 n. 禁忌，忌讳；禁止，避讳,,
tabulate,,v.,把制成表格,,
tackle,,v.,对付，处理；阻截；抢球 n. 拦截； 用具,,
tact,,n.,"机智, 手法",,
tactic,,n.,"策略, 战略",,
tactile,,adj.,触觉的； 有触觉的； 可感触的,,
tadpole,,n.,[动]蝌蚪,,
tail,,n.,"尾巴 v. 跟踪,尾随",,
tailor,,n.,"裁缝 v. 剪裁, 缝制",,
taint,,v.,感染 n污点,,
talbot,,n.,[动]塔尔博特提猎狗,,
tale,,n.,"故事,传说",,
talent,,n.,"天才,才能",,
talented,,adj.,有才能的,,
talk,,,v&n. 谈话,,
tall,,adj.,"高的,长的",,
tally,,n.,记分 vi符合,,
tambourine,,n.,小手鼓,,
tame,,adj.,"(指动物)驯服的,平淡的 v驯养, 驯服",,
tan,,n.,日晒后的颜色 adj. 棕褐色的 v. 晒成褐色,,
tang,,v.,有浓味 n特殊气味,,
tangent,,adj.,切线的， 相切的 n. 切线；正切,,
tangible,,adj.,可触摸的， 可感知的； 明确的， 确凿的； 有形的， 实际的,,
tangle,,v.,(使)乱作一团 n混乱,,
tanker,,n.,油轮,,
tannin,,n.,[化]丹宁酸,,
tantalizing,,adj.,诱人的,,
tantamount,,adj.,"同等的,相当于",,
tap,,,n&v. 塞子，龙头；轻叩(拍),,
tape,,n.,"带子, 磁带",,
tapestry,,n.,挂毯,,
tapeworm,,n.,[动]绦虫,,
tapir,,n.,[动]貘,,
taproot,,n.,"[植]主根, 直根",,
tar,,n.,"焦油, 柏油",,
tardiness,,n.,缓慢,,
target,,n.,"目标, 对象",,
tariff,,n.,关税,,
tarnish,,v.,失去光泽；玷污，败坏 n. 污点； 瑕疵,,
taro,,n.,芋头,,
task,,n.,"任务,作业",,
tasmania,,n.,"塔斯马尼亚岛, 塔斯马尼亚州(澳大利亚州名)",,
taste,,v.,"品尝, 体验",,
taut,,adj.,"(绳子)拉紧的,紧张的 vt. 使纠缠",,
tavern,,n.,"酒馆, 客栈",,
tavernkeeper,,n.,小餐馆老板,,
tax,,n.,"税,税款",,
taxes,,n.,"赋税, 税收",,
taxonomy,,n.,"分类法, 分类学",,
teach,,v.,"讲授,教授",,
teacher,,n.,教师,,
teacup,,n.,茶杯,,
team,,n.,"队, 组",,
teapot,,n.,茶壶,,
tear,,n.,眼泪 v撕(裂),,
technical,,adj.,"技术的,技巧的",,
technician,,n.,"技术员, 技师",,
technological,,adj.,科技的,,
technologically,,adv.,科技地,,
technology,,n.,"工艺,技术",,
tectonic,,adj.,"构造的, 建筑的",,
tectonics,,n.,构造地质学,,
ted,,vt.,翻晒 n. 泰德,,
tedious,,adj.,单调乏味的， 令人厌烦的,,
tedium,,n.,"厌烦, 沉闷",,
teem,,v.,大量出现,,
tele,,n.,电视,,
telecommunication,,n.,电信，远程通信,,
telecommuter,,n.,远程工作者,,
telecommuting,,n.,"远程联机, 远程办公",,
telegraph,,,n&v. (打)电报,,
telephone,,n.,电话,,
telescope,,n.,望远镜,,
telescopic,,adj.,"望远镜的,[眼科] 远视的",,
televise,,v.,"广播, 播映",,
television,,n.,电视(机),,
televisual,,adj.,电视的,,
tell,,v.,"告诉,讲述",,
teller,,n.,"讲话的人, 告诉的人",,
telltale,,adj.,泄密的,,
tellurium,,n.,碲,,
temper,,n.,"脾气,韧度 vt调和",,
tempera,,n.,蛋彩画,,
temperate,,adj.,"温和的,适度的,有节制的",,
template,,n.,模板， 样板,,
temple,,n.,"庙, 寺",,
tempo,,n.,速度， 节奏； 行进速度,,
temporal,,adj.,"现世的, 暂时的",,
temporarily,,adv.,临时,,
temporary,,adj.,"暂时的, 临时的,",,
tempt,,v.,"吸引,诱惑",,
ten,,num.,"十,十个",,
tenant,,n.,"承租人, 房客",,
tend,,v.,"易于,趋向 v. 照料",,
tendency,,n.,"趋向,倾向",,
tender,,adj.,嫩的；脆弱的；温柔的，亲切的 v. 提出；投标 n. 投标,,
tendon,,n.,[解]腱,,
tenement,,n.,公寓,,
tenet,,n.,原则,,
tenfold,,adj.,十倍的 ad成十倍,,
tennessee,,n.,田纳西州,,
tenon,,n.,"[木工]榫 vt. 接榫, 造榫",,
tension,,n.,"紧张,拉力 vt. 使拉紧,使绷紧",,
tent,,n.,帐篷,,
tentacle,,n.,(动物)触角,,
tentative,,adj.,试验性的； 不确定的， 暂定的； 犹豫的,,
tentatively,,adv.,"试验性地,犹豫不决地",,
tenth,,num.,"第十, 十分之一",,
tenuous,,adj.,"纤细的,稀薄的",,
tepee,,n.,美国印第安人的圆锥形帐篷,,
term,,n.,学期；期限，期间；条件，条款；术语 vt. 把…称为,,
terminal,,n.,"终点(站),终端",,
terminate,,v.,"停止, 终止",,
termination,,n.,终止,,
terminology,,n.,术语(学),,
terminus,,n.,终点站,,
termite,,n.,白蚁,,
tern,,n.,"三个一组, [鸟]燕鸥",,
terrace,,n.,"平台,阳台 v. 使成梯形地",,
terrain,,n.,地形,,
terrestrial,,adj.,陆地的,,
terrible,,adj.,"很糟的, 极坏的,骇人的",,
terrific,,adj.,极好的； 非常的， 极度的； 可怕的,,
terrifyingly,,adv.,恐怖地,,
territorial,,adj.,领土的,,
territory,,n.,"领土,地域",,
terrorism,,n.,恐怖主义,,
tertiary,,adj.,"第三的, 第三位的",,
terylene,,n.,涤纶,,
tessellation,,n.,棋盘形嵌石饰,,
test,,,"n&vt. 试验,测试",,
testify,,v.,"证明, 证实",,
testimony,,n.,"证词, 宣言",,
tether,,n.,范围,,
tethys,,n.,"古地中海, 特提斯海",,
texas,,n.,德克萨斯州(美国州名),,
text,,n.,"正文,课文",,
textbook,,n.,"教科书, 课本",,
textile,,n.,纺织品,,
textural,,adj.,"组织的,结构的",,
texture,,n.,"质地,(材料等的)结构",,
thai,,n.,"泰国人, 泰国语",,
thailand,,n.,泰国,,
thames,,n.,"泰晤士河(流经牛津,伦敦等)",,
thank,,v.,感谢,,
thaw,,n.,"融化,解冻",,
theater,,n.,"戏院,剧场",,
theatrical,,adj.,戏剧性的,,
theatrically,,adv.,戏剧化地,,
theft,,n.,"偷, 行窃",,
theme,,n.,主题,,
themselves,,pron.,他(她、它)们自己,,
theological,,adj.,神学(上)的,,
theoretical,,adj.,"理论的,理论上的",,
theorist,,n.,理论家,,
theorize,,v.,"建立理论, 理论化",,
theory,,n.,理论， 原理； 学说； 见解， 看法,,
therapeutic,,adj.,"治疗的, 治疗学的 n治疗剂, 治疗学家",,
therapist,,n.,临床医学家,,
therapy,,n.,治疗,,
thereby,,adv.,"因此,从而",,
therefore,,adv.,"因此,所以",,
thermal,,adj.,"热的, 热量的",,
thermodynamic,,adj.,"热力学的, 使用热动力的",,
thermometer,,n.,"温度计, 体温计",,
theropod,,adj.,兽性的，野兽般的,,
thesis,,n.,"论题, 论文",,
thick,,adj.,"厚的,粗的",,
thicken,,v.,"(使)变厚, (使)变粗",,
thickness,,n.,"厚度, 浓度, 稠密",,
thigh,,n.,"大腿, 股",,
thimble,,n.,顶针；嵌环,,
thin,,,a&ad. 薄、细、瘦(的),,
thing,,n.,"东西,事情",,
thinker,,n.,"思想者, 思想家, 心智",,
thinly,,adv.,"稀疏地,瘦",,
third,,num.,"第三,三分之一",,
thirst,,n.,"口渴,热望 v. 渴望",,
thirteen,,num.,十三,,
thirty,,num.,三十,,
thorn,,n.,[植]刺,,
thorny,,adj.,"多刺的, 痛苦的",,
thorough,,adj.,"十分的, 彻底的",,
thoroughly,,adv.,"十分地, 彻底地",,
though,,conj.,"尽管,虽然 adv. 可是",,
thoughtful,,adj.,深思的,,
thoughtfully,,adv.,"思虑地, 仔细地",,
thoughtless,,adj.,欠考虑的,,
thousand,,n.,"一千(个),许许多多,成千上万",,
thousandfold,,adv.,千倍地 adj. 千倍的,,
thousandth,,adj.,"第一千的, 千分之一的",,
thread,,n.,"线(索),思路 vt穿(过)，通过",,
threadlike,,adj.,线状的,,
threat,,n.,"恐吓, 凶兆, 威胁",,
threaten,,v.,"恐吓,威胁",,
thresh,,v.,"打谷, 脱粒, 反复得做",,
thresher,,n.,"打谷者, 打谷机, [鱼]长尾鲨",,
threshold,,n.,"门槛, 开端",,
thrift,,n.,节俭,,
thrifty,,adj.,节约的,,
thriller,,n.,"使人毛骨悚然的东西, 使人毛骨悚然的小说",,
thrive,,v.,"兴旺,繁荣",,
throng,,v.,群集， 拥向 n. 一大群人,,
through,,adv.,从头到尾，自始至终；直达，径直；彻底，完全 adj. 完成的， 结束的； 直达的， 直通的 prep. 穿过，通过；从头到尾，自始至终；经由，以；因为，由于,,
throughout,,prep.,"遍及,贯穿 adv. 始终",,
throw,,v.,"扔,投,掷",,
thrust,,v.,推，插；刺 n. 要旨,,
thumb,,n.,拇指,,
thunder,,n.,"雷,雷声",,
thunderous,,adj.,"打雷的, 雷鸣般的",,
thunderstorm,,n.,雷暴雨,,
thus,,adv.,"如此,因此",,
thwart,,v.,阻挠,,
tickle,,v.,发痒；使高兴，逗乐 n. 痒,,
tidal,,adj.,"潮汐的, 定时涨落的",,
tide,,n.,"潮,潮汐",,
tie,,v.,"扎,捆绑",,
tieback,,n.,"牵索, 拉条",,
tiffany,,n.,纱的一种,,
tight,,adj.,紧的,,
tightly,,adv.,"紧紧地, 坚固地",,
tile,,n.,"瓦片,瓷砖",,
till,,prep.,"直到, 在以前",,
tilt,,v.,"(使)倾斜, 以言词或文字抨击",,
timber,,n.,"木材,木料",,
timberline,,n.,树带界线,,
timely,,adj.,"及时的, 适时的",,
timer,,n.,"计时员, 定时器",,
timescale,,n.,"时标, 时间量程",,
timid,,adj.,"胆小的, 羞怯的",,
timidity,,n.,胆怯,,
tin,,n.,锡,,
tine,,n.,"(尖)齿, 叉",,
tinge,,n.,(清淡的)色调 vt给…着色,,
tingle,,v.,"造成麻刺的感觉,使感刺痛",,
tinker,,vi.,做焊锅匠；做拙劣修补 n. 补锅匠,,
tinplate,,n.,"镀锡铁皮, 马口铁",,
tint,,n.,色彩,,
tiny,,adj.,"很少的,微小的",,
tip,,n.,"末端,小费 v倾斜",,
tire,,,"n&v. 疲劳,厌倦",,
tiredness,,n.,"疲劳,疲倦",,
tissue,,n.,"组织,纸巾",,
titanium,,n.,[化]钛,,
title,,n.,"标题 v. 加标题于,赋予称",,
toad,,n.,[动]蟾蜍,,
toady,,vi.,谄媚，奉承 n. 谄媚者， 马屁精,,
tobacco,,n.,烟草(制品),,
today,,n.,"今天,现今",,
toddler,,n.,初学走路的孩子,,
toe,,n.,"趾, 脚趾",,
toed,,adj.,有趾的,,
toehold,,n.,"（攀岩时的）立足点,（发展的）起点",,
toil,,n.,"苦工, 圈套 v费力地做",,
token,,adj.,象征性的 n. 表示，标志，象征；记号；信物；代币；礼券，代价券,,
tolerable,,adj.,可忍受的， 可容忍的； 尚好的， 过得去的,,
tolerance,,n.,宽容，容忍,,
tolerant,,adj.,"宽容的, 容忍的",,
tolerate,,v.,"忍受,容忍",,
toll,,n.,过路(桥)费,,
tollgate,,n.,"征收通行税的关卡, 关门",,
tomato,,n.,"番茄, 西红柿",,
tomb,,n.,坟墓,,
ton,,n.,"吨,大量",,
tonal,,adj.,音调的,,
tone,,n.,音调,,
tongue,,n.,舌头,,
tonnage,,n.,"登记吨位, 排水量",,
toolmaker,,n.,精密工具制造者,,
toolmaking,,n.,"工具(或刀具)制造,机床维修",,
tooth,,n.,牙齿,,
top,,n.,"顶部,顶端",,
topi,,n.,"遮阳帽,[动]转角牛羚",,
topic,,n.,"话题,主题",,
topical,,adj.,有关时事的,,
topographical,,adj.,"地志的,地形学的",,
topographically,,adv.,地形地,,
topography,,n.,地形学,,
topsoil,,n.,表层土,,
tornado,,n.,龙卷风,,
toronto,,n.,多伦多（加拿大）,,
torpor,,n.,"麻木,不活泼",,
torque,,n.,"扭矩, 转矩",,
torrent,,n.,洪流， 急流； 爆发， 迸发,,
torrential,,adj.,"猛烈的,汹涌的",,
torrid,,adj.,"晒热的,热情的",,
tortuous,,adj.,折磨人的， 令人痛苦的； 曲折的， 蜿蜒的； 含混不清的， 拐弯抹角的,,
toss,,v.,"投, 掷",,
total,,adj.,"全部的,完全的 n. 总数",,
totality,,n.,全部，总数,,
totally,,adv.,"完全地, 整全地",,
totemism,,n.,"对图腾的信仰, 图腾制度",,
touch,,v.,"接触,达到",,
tough,,adj.,坚韧的，强硬的，困难的,,
tour,,,n&v. 旅行，游历,,
tourism,,n.,"旅游业, 观光",,
tourist,,n.,旅行者,,
tournament,,n.,比赛； 锦标赛,,
tourniquet,,n.,"止血带, 压脉器",,
tout,,v.,吹捧； 兜售,,
tow,,v.,"拖, 曳",,
toward,,prep.,"向,朝,接近",,
towel,,n.,毛巾,,
tower,,n.,"塔,城堡",,
towering,,adj.,高耸的； 杰出的,,
town,,n.,"城市,城镇",,
townspeople,,n.,"市民, 镇民",,
toxic,,adj.,"有毒的,中毒的",,
toy,,n.,玩具,,
trace,,v.,"追踪,探索 n. 痕迹",,
track,,n.,"轨道,踪迹 v. 跟踪",,
tract,,n.,"传单,小册子,大片(土地或森林)",,
traction,,n.,"牵引,牵引力",,
tractor,,n.,拖拉机,,
trade,,v.,交易， 买卖； 互相交换 n. 贸易，商业；交易；职业，行业,,
trader,,n.,商人,,
tradition,,n.,"传统,惯例",,
traditional,,adj.,传统的， 惯例的； 口传的， 传说的,,
traditionally,,adv.,"传统上, 照惯例",,
traffic,,n.,"交通,运输",,
tragedy,,n.,"悲剧, 惨案",,
tragic,,adj.,悲惨的； 悲剧的,,
trail,,n.,踪迹 v. 追踪,,
train,,v.,"训练,培训",,
trainer,,n.,训练者,,
trainload,,n.,"装载量, 列车载重",,
trait,,n.,"显著的特点, 特性",,
tram,,n.,有轨电车,,
trample,,v.,"践踏, 轻视",,
trance,,,n&v. 恍惚；出神,,
tranquil,,adj.,安静的,,
tranquillity,,n.,宁静,,
transact,,v.,交易； 执行， 处理,,
transaction,,n.,交易，业务,,
transcend,,v.,"超越, 胜过",,
transcendent,,adj.,卓越的， 出众的,,
transcribe,,vt.,记录， 抄录； 转录； 改编,,
transfer,,,"n&v. 迁移,移动,转移",,
transform,,v.,"改变,转换",,
transformation,,n.,"变化,转化",,
transient,,adj.,短暂的， 转瞬即逝的； 临时的,,
transit,,n.,运输，载运,,
transition,,n.,"转变,过渡",,
transitional,,adj.,"变迁的, 过渡期的",,
translate,,v.,翻译,,
translation,,n.,"翻译, 译文",,
translucent,,adj.,半透明的,,
transmission,,n.,"播送, 发射",,
transmit,,v.,"传送,传达",,
transmitter,,n.,"转送者,传导物,发射机",,
transparent,,adj.,"透明的, 显然的",,
transplant,,v.,"移栽,移植 n(器官)移植",,
transport,,,n&v. 运输,,
transportation,,n.,运输(工具、系统),,
transpose,,v.,"调换, 颠倒顺序",,
trap,,v.,"设圈套,陷入(困境) n. 圈套",,
trapper,,n.,"捕兽者, 捕捉器",,
trash,,n.,"垃圾, 废物",,
trauma,,n.,精神创伤； 外伤； 痛苦经历,,
travel,,,"n&v. 旅行,移动,传播",,
traverse,,v.,横渡，横越,,
tray,,n.,"盘, 碟",,
tread,,n.,"踏, 步态 v踏, 跳",,
treadmill,,n.,踏车； 枯燥乏味的工作,,
treason,,n.,"叛逆, 通敌, 背信",,
treasure,,n.,"财宝, 财富 vt珍爱",,
treasurer,,n.,"司库,财务主管",,
treasury,,n.,"财政部, 国库",,
treat,,,"vt&n. 对待,款待",,
treatment,,n.,"待遇, 对待",,
treeless,,adj.,没有树木的,,
treetop,,n.,树稍,,
trek,,,n&v. 艰苦跋涉,,
tremendous,,adj.,"巨大的,惊人的",,
tremendously,,adv.,"非常地,可怕地,惊人地",,
tremulous,,adj.,发抖的， 颤抖的； 害怕的,,
trench,,n.,"沟渠, 堑壕 v. 掘沟, 挖战壕",,
trend,,,"n&v. 倾向,趋势",,
trespass,,,n&v. 侵犯，擅自进入,,
trespasser,,n.,"侵入者, 侵犯者",,
tressed,,adj.,有一绺绺长发的,,
trestle,,n.,"架柱, 支架",,
trial,,n.,"试验, 考验",,
triangle,,n.,"三角形,三角关系",,
triangular,,adj.,"三角形的, 三人间的",,
triassic,,adj.,[地]三叠纪的 n. 三叠纪,,
tribal,,adj.,"部落的,种族的",,
tribe,,n.,"部落,部族",,
tribespeople,,,[复]n. 部落(或宗族等)成员,,
tributary,,,a&n. 支流(的)，进贡(的),,
tribute,,n.,颂词，称赞,,
trick,,n.,诡计 v. 欺诈,,
trickle,,v.,滴流,,
tricycle,,n.,三轮车,,
trifle,,vi.,不认真对待， 怠慢 n. 少许；琐事，小事；无价值的东西,,
trigger,,v.,"引发,引起 n. 板机",,
trillion,,num.,万亿,,
trilobite,,n.,[古生]三叶虫,,
trilogy,,n.,"三部剧, 三部曲",,
trim,,,vt&n. 修剪,,
trip,,n.,旅行，旅游,,
triple,,n.,"三倍数, 三个一组",,
triumph,,n.,胜利 v. 获胜,,
trivial,,adj.,琐碎的，不重要的,,
trivialize,,vt.,使显得琐碎； 轻视,,
trolley,,n.,电车,,
troop,,n.,[ pl]军队；一群,,
tropic,,n.,"回归线,热带 adj. 热带的",,
tropical,,adj.,"热带的,炎热的",,
troposphere,,n.,对流层,,
trouble,,,"n&v. 烦恼,麻烦",,
troupe,,n.,剧团,,
trout,,n.,鲑鱼,,
trove,,n.,"被发现的东西, 收藏的东西",,
truck,,n.,"卡车, 敞棚货车",,
truly,,adv.,真正地；忠实地,,
trumpet,,v.,鼓吹，宣扬 n. 小号， 喇叭,,
trumpeter,,n.,"喇叭手, 号兵",,
trunk,,n.,"树干, 行李箱",,
trust,,v.,"信任, 信赖",,
truth,,n.,"事实,真理",,
try,,,"v&n. 尝试,试验",,
tube,,n.,管子,,
tuck,,n.,"缝摺, 活力 v. 卷起,大口的吃",,
tug,,,"n&v. 用力拉, 拖船",,
tuition,,n.,学费； 教学， 讲授,,
tulip,,n.,郁金香,,
tumble,,n.,"跌倒,翻斤斗 v. 翻倒, 摔倒",,
tuna,,n.,金枪鱼,,
tundra,,n.,"苔原, 冻土地带",,
tune,,n.,"曲调vt调音, 调整",,
tunnel,,n.,"隧道,地道",,
turbine,,n.,涡轮,,
turbulence,,n.,"骚乱, 动荡",,
turbulent,,adj.,"狂暴的,动荡的",,
turkey,,n.,"土耳其,火鸡",,
turkic,,n.,"土耳其语(的), 土耳其语系者(的)",,
turmeric,,n.,"[植]姜黄, 姜黄根, 姜黄根粉末",,
turmoil,,n.,骚动， 混乱； 焦虑,,
turn,,v.,"转动,扭转,(使)变成",,
turnip,,n.,[植]芜箐(甘蓝),,
turnout,,n.,出席人数； 产量， 产额,,
turnover,,n.,"翻转,营业额",,
turnpike,,n.,收费公路,,
turtle,,n.,海龟,,
tusk,,n.,长牙 v. 以牙刺戳,,
tutelage,,n.,监护,,
tutor,,v.,辅导 n. 导师；家庭教师,,
twain,,n.,"两, 双, 二",,
twelve,,num.,十二,,
twentieth,,num.,"第二十,二十分之一",,
twenty,,num.,"二十,二十个",,
twice,,adv.,"两次, 两倍",,
twig,,n.,嫩枝,,
twin,,n.,双胞胎中一人 v. 使成对,,
twine,,n.,"合股线 v织, (使)缠绕",,
twinkling,,adj.,闪光的 n. 瞬间，一眨眼,,
twist,,v.,"缠绕,拧,扭曲",,
tycoon,,n.,"企业界大亨, 将军",,
typical,,adj.,"典型的,有代表性的",,
typify,,v.,代表,,
tyrannical,,adj.,"暴虐的, 压制的, 残暴的",,
ubiquitous,,adj.,到处存在的,,
ultimate,,adj.,"最后的, 最终的n终极(限)",,
ultimately,,adv.,最后，最终,,
ultimatum,,n.,最后通牒,,
ultraviolet,,adj.,紫外线的 n紫外线辐射,,
unable,,adj.,"不能的,不会的",,
unacceptable,,adj.,"不能接受的, 不受欢迎的",,
unadorned,,adj.,"朴素的,未装饰的",,
unaided,,adj.,"未受协助的, 独立的",,
unaltered,,adj.,未被改变的,,
unanimity,,n.,全体一致,,
unanimous,,adj.,全体一致的， 一致同意的,,
unanswered,,adj.,"未答复的,无反应的",,
unanticipated,,adj.,不曾预料到的,,
unattractive,,adj.,"无魅力的, 无吸引力的",,
unavailable,,adj.,难以获得的,,
unavoidable,,adj.,不可避免的,,
unavoidably,,adv.,"不可避免地,不得已地",,
unaware,,adj.,"不知道的, 没觉察到的",,
unbalance,,v.,"使失衡,使精神紊乱n失衡",,
unbelievable,,adj.,难以置信的,,
unbiased,,adj.,公正的,,
unbind,,v.,"解开, 解放",,
unbreakable,,adj.,"不易破碎的, 牢不可破的",,
unbridgeable,,adj.,"不能架桥的,不能逾越的",,
unbroken,,adj.,不间断的,,
uncanny,,adj.,神秘的； 易乎寻常的,,
uncarved,,adj.,没雕刻的,,
uncertain,,adj.,"不确定的,不稳定的,",,
uncertainty,,n.,"无常, 不确定",,
unchangeable,,adj.,"不变的,不能改变的",,
unchanging,,adj.,不变的,,
uncharted,,adj.,"地图上没标明的,未知的",,
uncle,,n.,"伯父,叔父,援助者",,
unclear,,adj.,不清楚的,,
uncomfortable,,adj.,不舒服的，不自在的,,
uncommon,,adj.,"不凡的, 难得的",,
uncompetitive,,adj.,非竞争性的,,
unconsciously,,adv.,无意识地；不觉察地,,
unconsolidated,,adj.,松散的， 疏松的,,
uncontested,,adj.,"无争论的, 无异议的",,
uncontrollably,,adj.,"无法管束的, 控制不住的",,
unconventional,,adj.,"非传统的, 不合惯例的",,
uncooked,,adj.,未煮过的,,
uncooperative,,adj.,"不合作的, 不配合的",,
uncorrupt,,adv.,不腐败的;廉洁的,,
uncounted,,adj.,"无数的,没有数过的",,
uncover,,v.,揭露，揭示,,
uncritical,,adj.,"无批判力的,不加批判的",,
uncrumple,,vt.,"去掉…的皱纹,使回复到平整状态",,
undecided,,adj.,"未定的, (天气等)不稳定的",,
undeniable,,adj.,"不可否认的, 无可辩驳的",,
underestimate,,,vt& n. 估计不足，低估,,
underfoot,,adv.,"在脚下面, 踩着地",,
undergo,,v.,"经历,遭受",,
undergraduate,,n.,(尚未取得学位的)大学生,,
underground,,adj.,"地下的,地面下的",,
underlie,,v.,"位于之下, 成为的基础",,
underlies,,v.,"位于之下, 成为的基础",,
underlying,,adj.,潜在的； 基础的,,
undermine,,v.,破坏,,
underneath,,adv.,在下面 prep在的下面,,
undernutrition,,n.,营养不良,,
underscore,,v.,画底线,,
understandable,,adj.,"可理解的,能够懂的",,
understandably,,adv.,可理解地,,
understate,,v.,"打着折扣说,有意轻描淡写",,
understory,,n.,林下叶层,,
undertake,,v.,"承担,采取",,
undertaking,,n.,任务， 项目； 事业， 企业； 承诺， 保证,,
underwater,,adj.,在水中生长的,,
underwing,,n.,"后翅, 后翅色彩瑰丽的蛾",,
underworld,,n.,黑社会,,
undesirable,,adj.,令人不悦的，讨厌的,,
undeveloped,,adj.,"不发达的, 未开发的",,
undifferentiated,,adj.,"无差别的, 一致的",,
undiscovered,,adj.,未被发现的,,
undisputed,,adj.,无可置辩的,,
undisturbed,,adj.,未受干扰的,,
undoubtedly,,adv.,"无庸置疑地,的确地",,
unearned,,adj.,不劳而获的,,
unearth,,v.,掘出,,
uneducated,,adj.,没受教育的；文盲的,,
unemployed,,adj.,"失业的, 未被利用的",,
unemployment,,n.,"失业, 失业人数",,
unending,,adj.,"不断的, 不断重复的",,
unequal,,adj.,不同的， 不相等的； 不平等的， 不相称的； 不胜任的,,
uneven,,adj.,"不平坦的,不均匀的",,
unevenly,,adv.,"不平坦地, 不均衡地",,
unexpected,,adj.,"想不到的,意外的",,
unexpectedly,,adv.,"出乎意料地,意外地",,
unexplored,,adj.,[地质] 未勘查过的,,
unfailingly,,adv.,"无穷尽地, 可靠地",,
unfair,,adj.,不公平的,,
unfairly,,adv.,"不公平地,不正当地",,
unfamiliar,,adj.,不熟悉的,,
unfavorably,,adv.,"不利地,不适宜地",,
unfertilized,,adj.,"未施肥的, 未受精的",,
unfocused,,adj.,"未聚焦的,无焦点的",,
unfold,,v.,"展开,显露，展现",,
unforeseen,,adj.,无法预料的,,
unfortunate,,adj.,不幸的,,
unfortunately,,adv.,"不幸地, 遗憾地",,
unhappy,,adj.,"不幸的, 不快乐的",,
unhindered,,adj.,"无阻的, 不受阻碍的",,
uniform,,n.,制服 v. 使统一,,
uniformitarianism,,n.,[地质]均变论,,
uniformity,,n.,"一致,均匀",,
unify,,v.,"统一,使成一体",,
unimaginable,,adj.,"不能想象的, 想象不到的",,
unimportant,,adj.,不重要的,,
unincorporated,,n.,"未联合的,未合并的",,
uninhabitable,,adj.,不适宜居住的,,
uninhabited,,adj.,"无人居住的,杳无人迹的",,
unintentionally,,adv.,"无意地,非故意地",,
uninteresting,,adj.,无趣味的，乏味的,,
uninterrupted,,adj.,"不停的, 连续的",,
union,,n.,"联合,联盟",,
unionization,,n.,"联合, 结合",,
unique,,adj.,"唯一的,独特的",,
uniquely,,adv.,"adv独特地, 唯一地",,
uniqueness,,n.,"唯一性, 独特性",,
unit,,n.,"个体,(计量)单位",,
unity,,n.,"团结, 联合",,
universal,,adj.,"普遍的,全体的",,
universality,,n.,"普遍性, 一般性",,
universally,,adv.,普遍地,,
universe,,n.,"宇宙,万物",,
university,,n.,(综合)大学,,
unjust,,adj.,不公平的,,
unknowing,,adj.,"没查觉的, 无知的",,
unknown,,adj.,"不知道的,未知的",,
unless,,conj.,"如果不,除非",,
unlike,,adj.,不同的 prep. 不象…,,
unlimited,,adj.,无限的；过渡的,,
unload,,v.,卸货 v. 摆脱之负担,,
unmanageable,,adj.,"难处理的, 难控制的",,
unmarried,,adj.,"未婚的, 单身的",,
unmatched,,adj.,"无与伦比的,不相配的",,
unmistakable,,adj.,"明显的,不会弄错的",,
unnatural,,adj.,"不自然的, 反常的",,
unnecessarily,,adv.,"不必要地, 徒然",,
unnecessary,,adj.,"不必要的,多余的",,
unnoticeable,,adj.,不引人注意的(,,
unnoticed,,adj.,"不被注意的, 被忽视的",,
unobservable,,adj.,不可见的,,
unobtainable,,adj.,"无法得到的,难获得的",,
unoccupied,,adj.,"空闲的,未占领的",,
unpalatable,,adj.,"味道差的,难吃的",,
unparalleled,,adj.,"无比的, 空前的",,
unplanned,,adj.,"意外的,在计划外的",,
unpleasant,,adj.,不愉快的；不合意的,,
unpopular,,adj.,"不流行的, 不受欢迎的",,
unprecedented,,adj.,"空前的, 前所未有的",,
unpredictability,,n.,不可预测性,,
unpredictable,,adj.,不可预知的,,
unpredictably,,adv.,"不可预见地, 不能预料地",,
unprocessed,,adj.,未被加工的,,
unproductive,,adj.,"不生产的, 徒劳的",,
unprofitable,,adj.,"没有利润的, 无益的",,
unpromising,,adj.,没有希望的(结果未必良好的),,
unprotected,,adj.,"无保护的, 未做防护措施的",,
unproven,,adj.,"未经证明的, 未经检验的",,
unpublished,,adj.,"未公开出版的,未发表过的",,
unquestionably,,adv.,"无可非议地,确凿地",,
unquestioning,,adj.,"无条件的, 不犹豫的",,
unravel,,v.,"拆开,拆开",,
unreachable,,adj.,"不能到达的, 不能得到的",,
unread,,adj.,"没有人看的, 无学问的",,
unreal,,adj.,"不真实的, 虚幻的",,
unrecognizable,,adj.,"未被承认的, 无法识别的",,
unreliable,,adj.,不可靠的,,
unresolved,,adj.,未解决的，未决定的,,
unrestricted,,adj.,"自由的,无限制的",,
unsafe,,adj.,不安全的,,
unsatisfactory,,adj.,"不令人满意的,不满足的",,
unschooled,,adj.,"天生的,未受学校教育的",,
unseen,,adj.,未见过的,,
unselective,,adj.,非选择性的,,
unselfish,,adj.,"无私的,慷慨的",,
unsettle,,v.,不安,,
unskilled,,adj.,"不熟练的,拙劣的",,
unsophisticated,,adj.,"不谙世故的, 不复杂的",,
unspecified,,adj.,未详细说明的,,
unspoiled,,adj.,"未损坏的, 未宠坏的",,
unstable,,adj.,"不牢固的, 不稳定的",,
unsubstantiated,,adj.,"未经证实的,无事实根据的",,
unsuccessful,,adj.,"不成功的,失败的",,
unsuitable,,adj.,"不适宜的, 不合适的",,
unsung,,adj.,"未唱的,未赞颂的",,
unsure,,adj.,"没有自信的, 不确定的",,
unsureness,,n.,"不确定, 缺乏自信",,
unsuspected,,adj.,"未知的, 未被怀疑的",,
untamed,,adj.,未驯服的， 难驾驭的,,
untapped,,adj.,"塞子未开的, 未使用的",,
untie,,v.,"解开, 松开",,
untimely,,,"a&ad. 不适时的, 不合时宜的",,
untold,,adj.,"未说过的,未透露的",,
untouched,,adj.,"未触及的, 未改变的",,
untraditional,,adj.,"非传统的,不符合传统的",,
untreated,,adj.,"未经处理的, 未经治疗的",,
untrue,,adj.,"不真实的, 不正确的",,
untwist,,v.,"拆开(搓合的绳,线等), 解开",,
unusable,,adj.,"不能用的,与众不同的",,
unused,,adj.,不用的；未消耗的,,
unusual,,adj.,"异常的,独特的",,
unverified,,adj.,"未经证实的, 未经核对的",,
unwary,,adj.,"粗心的, 不警惕的",,
unwelcome,,adj.,"不受欢迎的, 讨厌的",,
unwell,,adj.,不舒服的,,
unwieldy,,adj.,笨重的，笨拙的,,
unwilling,,adj.,"不愿意的,不情愿的",,
unwillingly,,adv.,"不情愿地,勉强地",,
unwillingness,,n.,"不愿意, 不情愿",,
upcoming,,adj.,即将来临的,,
updraft,,n.,上升气流,,
upgrade,,n.,"升级, 上升 v. 使升级, 提升 adv. 往上",,
upheaval,,n.,剧变,,
uphold,,v.,"支持, 赞成",,
upland,,n.,"丘陵地, 高地 adj. 高地的,山地的",,
uplift,,v.,提高；振奋(精神),,
upon,,prep.,在之上,,
upper,,adj.,"上面的,上部的",,
uppermost,,,a&ad. 至上的，最高的,,
upright,,adj.,"正直的 n. 垂直, 竖立",,
upriver,,adj.,上游的 ad在上游,,
uproot,,v.,"连根拔起, 根除",,
upset,,v.,"搅乱,使心烦 n不安",,
upside,,n.,"上边,上部",,
upsurge,,n.,高潮 vi涌起,,
upward,,adj.,向上的 adv. 以上,,
upwind,,adj.,逆风的 ad逆风地,,
uranus,,n.,天王星,,
urban,,adj.,城市的， 市内的,,
urbanism,,n.,"都市生活,都市化",,
urbanity,,n.,"有礼貌, 文雅",,
urbanization,,n.,都市化,,
urbanize,,v.,"使都市化, 使文雅",,
urchin,,n.,"顽童, [动物]刺猥, [动物]海胆",,
urge,,v.,鼓励；强烈要求 n. 强烈的欲望,,
urgency,,n.,"紧急, 紧急的事",,
urgent,,adj.,"急迫的, 紧急的",,
urn,,n.,"瓮, 缸",,
usa,,abbr.,美国(美利坚合众国),,
usable,,adj.,"[亦作useable] 可用的, 合用的",,
useable,,adj.,"可用的, 有效的",,
useful,,adj.,"有用的,有益的",,
usefully,,adv.,有用地,,
usefulness,,n.,"有用, 有效性",,
useless,,adj.,"无用的, 无效的",,
user,,n.,使用者,,
usher,,v.,引，领，陪同,,
usual,,adj.,"平常的,通常的",,
utah,,n.,"犹他州(略作Ut,UT)",,
ute,,n.,"犹特人(美洲印第安人的一种), 犹特语",,
utensil,,n.,器具,,
utilitarian,,adj.,功利的 n功利主义者,,
utility,,n.,"效用,公用",,
utilization,,n.,利用,,
utilize,,v.,利用,,
utmost,,n.,"极限, 最大可能 adj. 极度的, 最远的",,
utopian,,adj.,乌托邦式的，梦想的,,
utter,,adj.,"全然的, 绝对的 v. 发出, 发射",,
utterance,,n.,"意见, 说话, 发表",,
utterly,,adv.,"完全地,绝对地",,
vacancy,,n.,"空白, 空缺",,
vacant,,adj.,"空的, 头脑空虚的,空缺的",,
vacate,,v.,"腾出, 空出,离(职),退(位)",,
vacation,,n.,"假期,休假",,
vaccinate,,v.,接种疫苗，给…打防疫针,,
vaccine,,n.,疫苗,,
vacuum,,n.,真空,,
vagary,,n.,"奇特行为, 奇想",,
vagrant,,adj.,漂泊的 n. 无业游民，流浪者,,
vague,,adj.,"不明确的,模糊的",,
vaguely,,adv.,"含糊地, 暧昧地",,
vagueness,,n.,"暧昧, 含糊",,
vaguest,,adj.,含糊的，不明确的,,
vain,,adj.,徒然的， 无效的； 自负的， 虚荣的,,
valid,,adj.,"有效的,有根据的,合法的",,
validate,,v.,"[律]使有效, 使生效",,
validity,,n.,"有效性, 合法性, 正确性",,
valley,,n.,山谷,,
valse,,v.,轻轻地走 n. 华尔兹,,
valuable,,adj.,"贵重的,有价值的",,
value,,n.,"价值 v. 评估,重视",,
valve,,n.,"阀,活门",,
van,,n.,"有篷货车, 前驱 vt用车搬运",,
vancouver,,n.,温哥华（城市名),,
vanish,,v.,消失,,
vantage,,n.,"优势,有利情况",,
vapor,,n.,水蒸气,,
vaporize,,v.,蒸发， 汽化,,
variability,,n.,可变性,,
variable,,adj.,"多变的,可变的 n. 变量",,
variance,,n.,"不一致, 变化,",,
variant,,adj.,不同的， 变异的 n. 变体，变形,,
variation,,n.,"变化,变动",,
varicolored,,adj.,"杂色的, 多色的",,
varied,,adj.,各式各样的,,
various,,adj.,"不同的,多样的,多方面的",,
variously,,adv.,"不同地, 各种各样地",,
varnish,,n.,清漆；光泽 v. 涂清漆，使光亮,,
varve,,n.,[地质]纹泥,,
vary,,v.,"改变,变化,使多样化",,
vas,,n.,"血管, 脉管",,
vascular,,adj.,"血管的, 脉管的",,
vase,,n.,(花)瓶,,
vast,,adj.,"巨大的,辽阔的,大量的",,
vastly,,adv.,巨大地；广阔地,,
vaudeville,,n.,歌舞杂耍,,
vault,,n.,拱顶 v做成弧形,,
vegetable,,n.,"蔬菜,植物",,
vegetarian,,adj.,素食者的 n. 素食者,,
vegetation,,n.,"植物,草木",,
vegetative,,adj.,"植物生长的,植物人状态的",,
vehicle,,n.,"交通工具, 车辆",,
veil,,n.,"面纱 v. 遮蔽, 掩饰",,
vein,,n.,静脉，血管,,
velocity,,n.,"速度, 速率",,
venerable,,adj.,"值得尊敬的, 庄严的",,
venice,,n.,威尼斯(意大利港市),,
venom,,n.,"(蛇的)毒液, 恶意 vt放毒, 使恶毒",,
venomous,,adj.,有毒的， 分泌毒液的； 恶意的， 狠毒的,,
vent,,n.,"出口 v. 排出,发泄",,
ventilation,,n.,"通风, 流通空气",,
venture,,,n&v. 冒险,,
venturesome,,adj.,"危险的,冒险的",,
venue,,n.,"审判地, 集合地",,
venus,,n.,"维纳斯,金星",,
verb,,n.,[语]动词,,
verbal,,adj.,口头的,,
verbalizable,,adj.,可用言辞表达的,,
verbalize,,v.,"用语言描述,累赘",,
verbally,,adv.,"用言辞地, 口头地",,
verbiage,,n.,冗词， 赘言， 废话,,
verdict,,n.,裁定； 判断； 意见,,
verge,,vi.,接近，濒临 n. 草地,,
verifiable,,adj.,可证实的， 可核实的,,
verify,,v.,"核实, 证明",,
versatile,,adj.,"多才多艺的,万能的",,
versatility,,n.,多功能性,,
verse,,n.,诗(句),,
version,,n.,"译文,译本",,
versus,,prep.,"对抗, 与相对",,
vertebrate,,n.,脊椎动物,,
vertical,,adj.,"垂直的,直立的",,
vertically,,adv.,垂直地,,
vessel,,n.,"船,容器,血管",,
vest,,n.,"汗衫 vt使穿衣服, 授予",,
vestige,,n.,痕迹,,
vestigial,,adj.,"退化的,发育不全的",,
veteran,,n.,"老兵,老手 adj. 经验丰富的",,
veto,,n.,否决权；禁止 vt. 否决； 禁止,,
via,,prep.,"经,通过,经由",,
viability,,n.,生存能力,,
viable,,adj.,可行的， 可实施的； 可生长发育的,,
vibrant,,adj.,震动的；明亮的,,
vibrate,,v.,颤动， 振动,,
vibration,,n.,"振动,颤动",,
vibrato,,n.,"颤音, 振动",,
vice,,n.,"缺点, 恶习",,
vicinity,,n.,"邻近, 附近",,
vicious,,adj.,恶毒的，凶残的,,
vicissitude,,n.,变迁兴衰,,
victim,,n.,"受害人,牺牲品",,
victimize,,v.,"使牺牲,使受害",,
victorian,,adj.,维多利亚女王时代的,,
victory,,n.,"胜利,[罗神]胜利女神",,
video,,n.,"录象, 视频 a视频的",,
vie,,v.,竞争,,
viennese,,,n&a. 维也纳人（语）(的),,
viewer,,n.,"电视观众,阅读器",,
viewpoint,,n.,观点,,
vigilance,,n.,"警戒, 警惕",,
vigor,,n.,"精力, 活力",,
vigorous,,adj.,"精力充沛的,有力的",,
vigorously,,adv.,精力旺盛地；健壮地,,
village,,n.,村庄,,
villager,,n.,村民,,
vine,,n.,葡萄树；藤本植物,,
violate,,vt.,违反， 违背； 亵渎； 侵犯， 干扰,,
violence,,n.,"猛烈, 暴力, 暴虐",,
violent,,adj.,"猛烈的,暴力的",,
violently,,adv.,"猛烈地, 激烈地",,
violet,,n.,紫罗兰 a紫色的,,
violin,,n.,小提琴,,
violinist,,n.,"小提琴演奏者, 小提琴家",,
viral,,adj.,滤过性毒菌的,,
virgin,,n.,"处女, 未婚女子",,
virginal,,adj.,"处女的, 无瑕的",,
virginian,,n.,弗吉尼亚州的人,,
virgo,,n.,"室女宫,室女(星)座",,
virtual,,adj.,"实质的, 虚拟的",,
virtually,,adv.,"事实上,实质上",,
virtue,,n.,"美德, 贞操",,
virtuosity,,n.,艺术鉴别力,,
virtuous,,adj.,有道德的， 品行端正的， 品德高的； 〈贬〉自命清高的， 自以为是的,,
virus,,n.,病毒,,
viscera,,n.,"内脏,内部的东西",,
viscosity,,n.,"粘质, 粘性",,
viscous,,adj.,黏滞的， 黏性的,,
visibility,,n.,可见度,,
visible,,adj.,"看得见的,显而易见的",,
vision,,n.,"幻想,视觉",,
visit,,,"n&v. 拜访,访问",,
visitor,,n.,"访问者, 来宾",,
visual,,adj.,"视觉的,看得见的",,
visualize,,v.,想象，设想,,
visually,,adv.,"在视觉上地, 真实地",,
vital,,adj.,"重大的,至关重要的",,
vitality,,n.,"活力, 生命力",,
vitamin,,n.,"维他命,维生素",,
vitascope,,n.,老式放映机,,
vivid,,adj.,生动的，栩栩如生的,,
vivify,,vt.,赋予生气； 使生动， 使活跃,,
vocabulary,,n.,"词汇,词表",,
vocal,,adj.,"声音的,有声的 n. 元音",,
vocalize,,v.,用言语表达； 说， 唱， 发声,,
vocation,,n.,"召唤,天职,职业",,
vocational,,adj.,职业的，业务的,,
vogue,,n.,"、a流行（的）, 时髦（的）",,
voice,,n.,"嗓音,意见 v. 说(话)",,
void,,adj.,无效的,,
volatile,,adj.,"动荡不定的,反复无常的",,
volatility,,n.,挥发性,,
volcanic,,adj.,"火山的,猛烈的",,
volcanism,,n.,火山作用,,
volcano,,n.,火山,,
vole,,n.,田鼠,,
volt,,n.,"(马术中的)环骑,[电工]伏特",,
voltage,,n.,"[电工]电压, 伏特数",,
volume,,n.,"卷,册",,
voluminous,,adj.,"卷数多的,大量的",,
volunteer,,n.,志愿者,,
voracious,,adj.,"狼吞虎咽的, 贪婪的",,
vote,,,n&v. 投票,,
voter,,n.,投票者,,
vow,,v.,发誓 n. 誓约,,
vowel,,,n&a. 元音(的),,
voyage,,,n&v. 航海,,
voyager,,n.,"航行者, 航海者",,
vulgar,,adj.,下流的， 粗俗的； 普通的， 通俗的,,
vulnerability,,n.,"弱点, 攻击",,
vulnerable,,adj.,易受伤的，脆弱的,,
wad,,n.,填料 vt填塞,,
wage,,n.,工资 v发动,,
waggle,,,v&n. 摆动,,
wagon,,n.,"四轮马车,货车",,
waist,,n.,"腰部, 衣服的上身部分",,
wait,,,v&n. 等待,,
wake,,v.,"醒来,唤醒",,
wale,,n.,条痕,,
waling,,n.,横撑,,
walk,,v.,"行,走 n. 步行",,
walker,,n.,"徒步者, 参加竞走者",,
wall,,n.,"墙 v. 围住,隔开",,
wallpaper,,n.,墙纸,,
walnut,,n.,"胡桃, 胡桃木",,
walrus,,n.,"[动]海象, 海象胡须",,
wan,,adj.,"苍白的,病态的 v. (使)变苍白",,
wand,,n.,魔杖；[乐]指挥棒,,
wander,,v.,"漫步, 徘徊",,
wanderer,,n.,"流浪者, 徘徊者, 迷路的动物",,
wane,,vi.,衰退，减弱；减少；亏，缺 n. 月亏； 衰落,,
wanna,,v.,想要,,
want,,v.,想要,,
warbler,,n.,鸣鸟,,
ward,,n.,"病房,受监护人",,
ware,,n.,"陶器,器皿",,
warehouse,,n.,仓库，货栈,,
warfare,,n.,"战争, 作战, 冲突, 竞争",,
warm,,,"a&ad. 温暖的 v. 变暖,使暖和",,
warmer,,n.,"使热的人,温热装置",,
warmth,,n.,"暖和, 温暖",,
warn,,v.,警告，告诫,,
warp,,v.,"弯曲,歪曲",,
warrant,,n.,授权，批准；许可证；委任状，执行令 vt. 保证， 担保； 使正当,,
warren,,n.,"养兔场,大杂院",,
warrior,,n.,勇士，武士,,
wartime,,n.,战时,,
wary,,adj.,机警的,,
wash,,,"n&v. 洗,洗涤",,
washington,,n.,华盛顿,,
washingtonian,,n.,/a(美国)华盛顿市(或州)人,,
wasp,,n.,黄蜂,,
waste,,,v&n. 浪费,,
wasteful,,adj.,浪费的，挥霍的,,
waster,,n.,"挥霍者, 废品",,
watch,,v.,"看,注视,照顾",,
watcher,,n.,"监票员, 看守人",,
waterborne,,adv.,"水上的, 水运的",,
watercolor,,n.,"水彩颜料,水彩画(法)",,
watercourse,,n.,水道， 河道,,
watercourses,,n.,"水流, 河道",,
watercraft,,n.,船只,,
waterfall,,n.,"瀑布, 瀑布似的东西",,
waterfowl,,n.,"水鸟, 水禽",,
waterfront,,n.,"水边地码头区, 滨水地区",,
waterpower,,n.,水力(水力发电),,
watershed,,n.,分水岭,,
waterside,,n.,"n& adj. 水边(的),湖畔(的)",,
watertight,,adj.,"不漏水的, 无懈可击的",,
waterway,,n.,"水路, 排水沟",,
waterworks,,n.,"自来水厂,供水系统",,
watery,,adj.,"(似)水的, 潮湿的",,
wave,,n.,"波(浪) v. 挥动,波动",,
wavelength,,n.,波长,,
wavy,,adj.,"波状的,不稳的",,
wax,,n.,"蜡, 蜡状物",,
waxes,,n.,蜡，蜂蜡 vt给…上蜡,,
waxy,,adj.,"象蜡的,苍白的, 柔软的,",,
weak,,adj.,"虚弱的,淡的",,
weaken,,v.,"削弱, (使)变弱",,
weakly,,,"a&ad. 虚弱地, 软弱地",,
weakness,,n.,"虚弱,弱点",,
wealth,,n.,"财富,财产",,
wealthy,,adj.,富有的,,
weapon,,n.,武器,,
wear,,v.,"穿,戴",,
wearability,,n.,"耐磨性, 磨损性",,
wearer,,n.,"穿用者, 佩带者",,
weary,,adj.,"疲倦的,厌倦的 v. 疲倦,厌倦",,
weather,,n.,"天气,气象 v. 风化,经受风雨(侵蚀)",,
weathering,,n.,侵蚀， 风化,,
weave,,v.,"织,编",,
weaver,,n.,织布者,,
web,,n.,网,,
wed,,v.,"娶, 嫁, 结婚",,
wedge,,n.,"楔 vt楔入, 楔进",,
wedge-shaped,,adj.,楔形的,,
wee,,adj.,"很少的, 微小的",,
weed,,n.,"野草, 杂草",,
weedy,,adj.,杂草多的,,
week,,n.,"星期,周",,
weekday,,n.,"周日, 平日",,
weekend,,n.,"周末, 周末休假 a周末的",,
weekly,,adj.,每周的 ad一周一次地 n周报,,
weft,,n.,"[纺]织物,信号旗",,
weigh,,v.,称重量,,
weight,,n.,"重量,负担 v. 加重量于",,
weightily,,adv.,"沉重地, 重要地",,
weightlessness,,n.,无重状态,,
weird,,adj.,"怪异的, 超自然的, 不可思议的",,
welcome,,,vt& n. 欢迎 a受欢迎的,,
weld,,,v& n. 焊接，焊缝,,
weldon,,n.,韦尔登（男子名）,,
welfare,,n.,福利,,
well-heeled,,adj.,富有的， 有钱的,,
welland,,n.,韦兰（加拿大东南部港口城市）,,
welt,,n.,"鞭痕, 贴边vt贴边于",,
west,,n.,"西(方,部) adj. 西方(部)的 adv. 向西方",,
western,,adj.,"西方的,西部的 n. 西方人",,
westerner,,n.,美国之西部的人,,
westward,,n.,"西方a&ad西方的, 向西",,
wet,,adj.,"湿的,多雨的",,
wetland,,n.,"潮湿的土壤, 沼泽地",,
whale,,n.,鲸 v. 捕鲸,,
wharf,,n.,码头 v. 靠在码头,,
whatever,,pron.,"凡是,无论什么 adj. 无论怎样的",,
wheat,,n.,小麦,,
wheel,,n.,"轮 v. 推,拉,转动",,
whence,,adv.,从何处；从那里,,
whenever,,conj.,无论何时，随时,,
whereas,,conj.,"然而,反之,尽管",,
whereby,,adv.,"凭什么, 为何",,
wherever,,conj.,无论在哪里 adv. 无论什么地方,,
whether,,conj.,"是否,不管,无论",,
whichever,,pron.,"无论那一个, 任何一个",,
whig,,n.,辉格党,,
whim,,n.,"一时的兴致, 奇想",,
whip,,n.,鞭子 v鞭打,,
whistle,,v.,吹口哨，鸣笛 n哨子,,
white,,,n&ad. 白色(的),,
whittle,,v.,"切, 削 n. 屠刀",,
whoever,,pron.,"任何人, 无论谁",,
whole,,adj.,"全部的,完整的",,
wholesale,,n.,批发 adj. 大规模的,,
wholesaler,,n.,批发商,,
wholesome,,adj.,"有益的,健康的,健全的",,
wholly,,adv.,"整个,全部",,
whom,,pron.,谁,,
whose,,pron.,"谁的,那(些)人的",,
wick,,n.,"蜡烛心, 灯芯",,
wicker,,n.,柳条 a柳条制的,,
wide,,adj.,"宽阔的,广泛的",,
widen,,v.,"加宽,扩展",,
widespread,,adj.,"分布广泛的,普遍的",,
widow,,n.,寡妇,,
width,,n.,"宽度, 广度",,
wield,,vt.,支配， 掌权， 行使,,
wife,,n.,妻子,,
wild,,adj.,野生的 n. 荒野,,
wildcatter,,n.,投机份子,,
wildebeest,,n.,羚羊(其中一种),,
wilderness,,n.,荒野,,
wildflower,,n.,野花,,
wildlife,,n.,野生动植物,,
willful,,adj.,"任性的, 故意的",,
willing,,adj.,"乐意的, 自愿的",,
willingly,,adv.,"自动地, 欣然地",,
willingness,,n.,"乐意, 愿意",,
willow,,n.,柳(树),,
win,,v.,"(获)胜,赢得",,
windmill,,n.,风车,,
window,,n.,"窗,窗口",,
windswept,,adj.,"风刮的, 被风吹扫的",,
wine,,n.,(葡萄)酒,,
wing,,n.,翅膀 v. 飞过,,
wingless,,adj.,"无翼的, 没有翅膀的",,
wingspan,,n.,[空]翼展,,
winner,,n.,"胜利者,优胜者",,
winter,,n.,冬季 v. 过冬,,
wintertime,,n.,"冬, 冬季",,
wintry,,adj.,冬天的； 寒冷的； 冷淡的,,
wipe,,v.,"擦, 揩",,
wire,,n.,"金属丝,电线 v. 安装电线,发电报",,
wireless,,adj.,无线的 n. 无线,,
wirephoto,,n.,有线传真,,
wisdom,,n.,"智慧,学识",,
wise,,adj.,"英明的, 明智的",,
wish,,n.,"愿望v希望, 想要",,
wispy,,adj.,"纤细的, 脆弱的",,
wit,,n.,"智力, 才智",,
withdraw,,v.,"收回,撤消",,
withdrawal,,n.,"收回, 撤退",,
wither,,v.,"凋谢,枯萎",,
withhold,,vt.,拒绝给， 不给； 抑制； 忍住,,
withstand,,v.,"抵挡, 经受住",,
witness,,n.,"目击者；证据(言) vt目击,作证",,
woad,,n.,[植]菘蓝,,
wok,,n.,锅，炒菜锅,,
wold,,n.,"无树木的山地, 荒野",,
wolf,,n.,狼,,
womanhood,,n.,"女人,女人气质",,
wonder,,,"n&v. 惊奇, 想知道,",,
wonderful,,adj.,"精彩的, 极好的",,
wonderfully,,adv.,令人惊讶地；奇妙地,,
wood,,n.,"木头,木材",,
woodblock,,n.,木板 〈印〉木版,,
woodcarving,,n.,"木雕, 木刻",,
woodcut,,n.,木刻,,
woodcutting,,adj.,"木雕的 n. 伐木, 木刻",,
wooden,,adj.,木制的,,
woodlot,,n.,植林地(尤指附属林场地),,
woodpecker,,n.,[鸟]啄木鸟,,
woodwind,,n.,木管乐器,,
woodworker,,n.,木工,,
woodworking,,n.,"木工艺, 木工行业 adj. 干木工活的",,
woody,,adj.,"多树木的,木质的",,
wool,,n.,"羊毛,毛织品",,
woolen,,adj.,毛线的 n. 毛制品,,
workable,,adj.,"可经营的, 可使用的",,
workday,,n.,工作日,,
workforce,,n.,"劳动力,职工总数",,
working,,n.,工作,,
workmanship,,n.,"手艺, 技艺",,
workplace,,n.,工作场所,,
worksheet,,n.,工作记录表,,
workshop,,n.,"车间, 工场",,
workweek,,n.,一星期工作时间,,
worldwide,,adj.,全世界的,,
worm,,n.,虫，蠕虫,,
worry,,,"n&v. 烦恼, 忧虑",,
worsen,,v.,恶化,,
worship,,,"n&vt. 崇拜, 爱慕",,
worshipper,,n.,礼拜者,,
worst,,,a& ad. 最坏(的)，最差(的),,
worth,,prep.,"相当于…价值的,值得…的 n. 价值",,
worthiness,,n.,"价值,值得",,
worthwhile,,adj.,值得做的,,
worthy,,adj.,"值得的,有价值的",,
wound,,n.,"创伤, 伤口",,
wrap,,v.,包，裹 n披肩，围巾,,
wrapper,,n.,"包装材料,包装纸",,
wreck,,v.,毁坏；使遇难 n失事(船等)，残骸,,
wren,,n.,[动] 鹪鹩,,
wrench,,v.,扭伤；猛拉，猛扭；使痛苦 n. 扭伤； 痛苦， 难受； 扳手,,
wrestle,,n.,"/v摔跤, 角力",,
wretch,,n.,不幸的人； 恶棍， 无赖,,
wretched,,adj.,"可怜的, 恶劣的",,
wring,,v.,"绞, 扭, 折磨 n绞, 扭动",,
wrinkle,,n.,皱纹 v使皱,,
wrist,,n.,"手腕, 腕关节",,
writer,,n.,"作者,作家",,
writhe,,v.,翻滚，扭动,,
writing,,n.,"笔迹, 作品",,
wrong,,,"a&ad. 错误的,不正当的",,
x-ray,,n.,X射线， X光； X光照片,,
xenon,,n.,"氙(惰性气体的一种,元素符号Xe)",,
yale,,n.,耶鲁,,
yam,,n.,"山药, 洋芋",,
yard,,n.,院子，场地,,
yardstick,,n.,"<美> 码尺, 准绳",,
yarn,,n.,纱线 v. 讲故事,,
yean,,v.,"生产, 生育",,
yeast,,n.,"酵母, 发酵粉",,
yellow,,,n&a. 黄色(的),,
yellowstone,,n.,"黄石国家公园, 黄石河",,
yelp,,n.,咆哮,,
yesteryear,,n.,去年 ad过去不久的岁月,,
yet,,adv.,"还,已经 conj. 然而",,
yew,,n.,"紫杉, 紫杉木",,
yield,,v.,"生产,获利,屈服",,
yogurt,,n.,酸奶,,
yoke,,n.,裤腰；牛轭；奴役，束缚 vt. 使结合， 连接,,
yolk,,n.,"蛋黄, [生物] 卵黄",,
yorkshire,,n.,"约克郡,约克夏(英国英格兰原郡名)",,
you,,pron.,"你,你们",,
youngster,,n.,"年青人, 少年",,
your,,pron.,"你的,你们的",,
youth,,n.,"青春,少年",,
yuan,,n.,元(中国货币单位),,
yucatan,,n.,尤卡坦半岛,,
zagros,,n.,扎格罗斯山脉[伊朗西南部],,
zeal,,n.,"热心, 热情",,
zealand,,n.,西兰岛(丹麦最大的岛),,
zealous,,adj.,热心的,,
zebra,,n.,斑马,,
zero,,num.,"零点, 零度",,
zest,,n.,趣味； 热情， 狂热,,
ziggurat,,n.,古代亚述及巴比伦之金字形神塔(顶上有神殿),,
zigzag,,n.,"Z字形, 锯齿形",,
zinc,,n.,锌,,
zirconium,,n.,锆,,
zone,,n.,"地域,地带 v. 分成区",,
zoo,,n.,动物园,,
zoologist,,n.,动物学家,,
zoology,,n.,"动物学, 生态",,
